prioridade,codigo,descricao,referencia,fabricante,saldo,categoria,status_atual,termo_busca
1,003468,"TERMINAL PINO AZUL PRE ISOLADO 1,5-2,5MM 27A",TP-2022,DECORLUX,12126.0,Elétrica / Comandos,SEM FOTO,"DECORLUX TP-2022 TERMINAL PINO AZUL PRE ISOLADO 1,5-2,5MM 27A"
2,054371,"TERMINAL GARFO M4 VERMELHO PRE ISOLADO 0,5-1,5MM 9A",TG-4097,DECORLUX,9622.0,Elétrica / Comandos,SEM FOTO,"DECORLUX TG-4097 TERMINAL GARFO M4 VERMELHO PRE ISOLADO 0,5-1,5MM 9A"
3,003436,BUCHA S6 VAZADA P TIJOLO OCO UNIDADE USAF,000085,USAF,8565.0,Fixação e Acessórios,SEM FOTO,USAF 000085 BUCHA S6 VAZADA P TIJOLO OCO UNIDADE USAF
4,000032,"TERMINAL ANEL M4 AZUL PRE ISOLADO 1,5-2,5MM 27A",TA-4272,DECORLUX,8109.0,Elétrica / Comandos,SEM FOTO,"DECORLUX TA-4272 TERMINAL ANEL M4 AZUL PRE ISOLADO 1,5-2,5MM 27A"
5,054530,BUCHA S12 VAZADA P TIJOLO OCO UNIDADE USAF,S12,USAF,7972.0,Fixação e Acessórios,SEM FOTO,USAF S12 BUCHA S12 VAZADA P TIJOLO OCO UNIDADE USAF
6,060199,"TERMINAL BANDEIRA COBRE ESTANHADO  ISOLADO NYLON, 1,5-2,5",TB1525,DECORLUX,7945.0,Elétrica / Comandos,SEM FOTO,"DECORLUX TB1525 TERMINAL BANDEIRA COBRE ESTANHADO ISOLADO NYLON, 1,5-2,5"
7,003469,"TERMINAL FEMEA AMARELO PRE ISOLADO 4,0-6,0MM 24A",TF6241,DECORLUX,7188.0,Elétrica / Comandos,SEM FOTO,"DECORLUX TF6241 TERMINAL FEMEA AMARELO PRE ISOLADO 4,0-6,0MM 24A"
8,003437,BUCHA S10 VAZADA P TIJOLO OCO UNIDADE USAF,U2524F,USAF,6501.0,Fixação e Acessórios,SEM FOTO,USAF U2524F BUCHA S10 VAZADA P TIJOLO OCO UNIDADE USAF
9,003448,PF A/A 3.9X32 CH ZIN PHS JOMARCA,01686,JOMARCA,6165.0,Fixação e Acessórios,SEM FOTO,JOMARCA 01686 PF A/A 3.9X32 CH ZIN PHS JOMARCA
10,060200,"TERMINAL BANDEIRA COBRE ESTANHADO  ISOLADO NYLON, 4-6",TB0406,DECORLUX,6008.0,Elétrica / Comandos,SEM FOTO,"DECORLUX TB0406 TERMINAL BANDEIRA COBRE ESTANHADO ISOLADO NYLON, 4-6"
11,056732,"TERMINAL FEMEA AZUL PRE ISOLADO 1,5-2,5MM CNC FDD2-250",FDD2-250-C,CNC,5098.0,Elétrica / Comandos,SEM FOTO,"CNC FDD2-250-C TERMINAL FEMEA AZUL PRE ISOLADO 1,5-2,5MM CNC FDD2-250"
12,057316,"TERMINAL ENCAIXE MACHO AZUL 1,5-2,5MM - CNC REF: MDD2-250",MDD2-250,CNC,4799.0,Elétrica / Comandos,SEM FOTO,"CNC MDD2-250 TERMINAL ENCAIXE MACHO AZUL 1,5-2,5MM - CNC REF: MDD2-250"
13,060287,PF A/A 3.9X32 CH ZIN PHS BELENUS,156736,BELENUS,4305.0,Fixação e Acessórios,SEM FOTO,BELENUS 156736 PF A/A 3.9X32 CH ZIN PHS BELENUS
14,059703,PF A/A 5.5X45 CH ZIN PHS JOMARCA,07391,JOMARCA,4165.0,Fixação e Acessórios,SEM FOTO,JOMARCA 07391 PF A/A 5.5X45 CH ZIN PHS JOMARCA
15,003470,"TERMINAL PINO AMARELO PRE ISOLADO 4,0-6,0MM 48A",TP-2561,DECORLUX,3844.0,Elétrica / Comandos,SEM FOTO,"DECORLUX TP-2561 TERMINAL PINO AMARELO PRE ISOLADO 4,0-6,0MM 48A"
16,056313,PF JWALL FL PHS C SEEILHA 4.2X19MM ZIN NT-466 JOMARCA,30906,JOMARCA,3537.0,Fixação e Acessórios,SEM FOTO,JOMARCA 30906 PF JWALL FL PHS C SEEILHA 4.2X19MM ZIN NT-466 JOMARCA
17,056315,PF A/A JMC DRILL FL PHS  C SEEILHA 4.2X25MM ZIN NT-422 JOMAR,21445,JOMARCA,3493.0,Fixação e Acessórios,SEM FOTO,JOMARCA 21445 PF A/A JMC DRILL FL PHS C SEEILHA 4.2X25MM ZIN NT-422 JOMAR
18,056733,"TERMINAL FEMEA AMARELO PRE ISOLADO 4,0-6,0MM CNC FDD5-250",FDD5-250-C,CNC,3399.0,Elétrica / Comandos,SEM FOTO,"CNC FDD5-250-C TERMINAL FEMEA AMARELO PRE ISOLADO 4,0-6,0MM CNC FDD5-250"
19,056312,PF JWALL FL PHS C SEEILHA 4.2X13MM ZIN NT-466 JOMARCA,19275,JOMARCA,3143.0,Fixação e Acessórios,SEM FOTO,JOMARCA 19275 PF JWALL FL PHS C SEEILHA 4.2X13MM ZIN NT-466 JOMARCA
20,056316,PF JMC DRILL SX C ARR+N PTA BROCA 12X3/4 ZIN NT-217 JOMAR,31254,JOMARCA,3125.0,Ferramentas / Instrumentos,SEM FOTO,JOMARCA 31254 PF JMC DRILL SX C ARR+N PTA BROCA 12X3/4 ZIN NT-217 JOMAR
21,057025,FITA ADESIVA DUPLA FACE TRNAPARSTE 09MMX20M TECTAPE,690,TECTAPE,2820.0,Instalação de Ar-Condicionado,SEM FOTO,TECTAPE 690 FITA ADESIVA DUPLA FACE TRNAPARSTE 09MMX20M TECTAPE
22,000280,"TERMINAL FEMEA AZUL PRE ISOLADO 1,5-2,5MM 15A",TF-2152,DECORLUX,2770.0,Elétrica / Comandos,SEM FOTO,"DECORLUX TF-2152 TERMINAL FEMEA AZUL PRE ISOLADO 1,5-2,5MM 15A"
23,056317,PF JMC DRILL SX C ARR+N PTA BROCA 14X3/4 ZIN NT-217 JOMAR,31261,JOMARCA,2528.0,Ferramentas / Instrumentos,SEM FOTO,JOMARCA 31261 PF JMC DRILL SX C ARR+N PTA BROCA 14X3/4 ZIN NT-217 JOMAR
24,056203,LUVA 20X10 ENERBRAS 360-E4,360-E4,ENERBRAS,2522.0,EPI / Segurança,SEM FOTO,ENERBRAS 360-E4 LUVA 20X10 ENERBRAS 360-E4
25,056318,PF JMC DRILL SX C ARR+N PTA BROCA 12X1 ZIN NT-217 JOMAR,31243,JOMARCA,2499.0,Ferramentas / Instrumentos,SEM FOTO,JOMARCA 31243 PF JMC DRILL SX C ARR+N PTA BROCA 12X1 ZIN NT-217 JOMAR
26,056202,COTOVELO 90 GRAUS 20X10 ENERBRAS 360-E7,360-E7,ENERBRAS,2495.0,Hidráulica,SEM FOTO,ENERBRAS 360-E7 COTOVELO 90 GRAUS 20X10 ENERBRAS 360-E7
27,060602,PF A/A 4.8X45 CH PH ZB CISTER CX 200,35167701,CISER,2490.0,Fixação e Acessórios,SEM FOTO,CISER 35167701 PF A/A 4.8X45 CH PH ZB CISTER CX 200
28,059577,VALVULA SCHIRADER 1/4 X50MM VIX,1016635,VIX,2304.0,Refrigeração / Componentes,SEM FOTO,VIX 1016635 VALVULA SCHIRADER 1/4 X50MM VIX
29,058759,"VALVULA SCHIRADER 1/4 P 0,5MM HULTER",100265347,HULTER,2286.0,Refrigeração / Componentes,SEM FOTO,"HULTER 100265347 VALVULA SCHIRADER 1/4 P 0,5MM HULTER"
30,003438,BUCHA S8 VAZADA P TIJOLO OCO UNIDADE USAF,000086,USAF,2169.0,Fixação e Acessórios,SEM FOTO,USAF 000086 BUCHA S8 VAZADA P TIJOLO OCO UNIDADE USAF
31,056319,PF JMC DRILL SX C ARR+N PTA BROCA 14X1 ZIN NT-217 JOMAR,31262,JOMARCA,2058.0,Ferramentas / Instrumentos,SEM FOTO,JOMARCA 31262 PF JMC DRILL SX C ARR+N PTA BROCA 14X1 ZIN NT-217 JOMAR
32,056357,CONECTOR DE DERIVACAO 1.5-2.5MM AZUL,CD-1525,DECORLUX,1986.0,Elétrica / Comandos,SEM FOTO,DECORLUX CD-1525 CONECTOR DE DERIVACAO 1.5-2.5MM AZUL
33,060615,"TERMINAL GARFO PRE ISOL FORQ 1,3/2,6 M3 AZUL CRIMPER FR2477",215367,CRIMPER,1869.0,Elétrica / Comandos,SEM FOTO,"CRIMPER 215367 TERMINAL GARFO PRE ISOL FORQ 1,3/2,6 M3 AZUL CRIMPER FR2477"
34,056314,PF A/A JMC DRILL FL PHS  C SEEILHA 4.2X13MM ZIN NT-422 JOMAR,09101,JOMARCA,1774.0,Fixação e Acessórios,SEM FOTO,JOMARCA 09101 PF A/A JMC DRILL FL PHS C SEEILHA 4.2X13MM ZIN NT-422 JOMAR
35,057135,TERMINAL GARFO PRE ISOLADO 4MM-6MM,TP-G40,TRIAL,1661.0,Elétrica / Comandos,SEM FOTO,TRIAL TP-G40 TERMINAL GARFO PRE ISOLADO 4MM-6MM
36,060482,FITA PVC 10M BRANCA SIMPLES REFRIPLAY,EC10BS,REFRIPLAY IND,1655.0,Instalação de Ar-Condicionado,SEM FOTO,REFRIPLAY IND EC10BS FITA PVC 10M BRANCA SIMPLES REFRIPLAY
37,053645,"TERMINAL FEMEA VERMELHO PRE ISOLADO 0,5-1,5MM 10A",TF-1107,DECORLUX,1653.0,Elétrica / Comandos,SEM FOTO,"DECORLUX TF-1107 TERMINAL FEMEA VERMELHO PRE ISOLADO 0,5-1,5MM 10A"
38,057318,"TERMINAL GARFO PRE ISOLADO 1,5MM-2,5MM - AZUL REF: SVS 2-4C",SVS 2-4S,CNC,1600.0,Elétrica / Comandos,SEM FOTO,"CNC SVS 2-4S TERMINAL GARFO PRE ISOLADO 1,5MM-2,5MM - AZUL REF: SVS 2-4C"
39,060664,CABO FLEX 1.5MM BOBINA COM 1600 METROS VERDE 450/750V,FLEXPA2.20.1340.0,FLEXCABLES,1600.0,Elétrica / Comandos,SEM FOTO,FLEXCABLES FLEXPA2.20.1340.0 CABO FLEX 1.5MM BOBINA COM 1600 METROS VERDE 450/750V
40,059316,"TERMINAL OLHAL PRE ISOLADO VERMELHO 0,5-1,5MM CNC REF: RV1.2",RV1.25-4S,CNC,1528.0,Elétrica / Comandos,SEM FOTO,"CNC RV1.25-4S TERMINAL OLHAL PRE ISOLADO VERMELHO 0,5-1,5MM CNC REF: RV1.2"
41,003457,PORCA ZIN BR UNC 5/16 UND,31224,JOMARCA,1426.0,Fixação e Acessórios,SEM FOTO,JOMARCA 31224 PORCA ZIN BR UNC 5/16 UND
42,059313,"TERMINAL FEMEA VERMELHO 0,5-1,5MM - CNC REF: FDD1.5-187",FDD1.5-187,CNC,1327.0,Elétrica / Comandos,SEM FOTO,"CNC FDD1.5-187 TERMINAL FEMEA VERMELHO 0,5-1,5MM - CNC REF: FDD1.5-187"
43,055672,ROLAMENTO 607 2RS FACON,607 2RS,FACON,1165.0,Peças para Lavadora e Bebedouro,SEM FOTO,FACON 607 2RS ROLAMENTO 607 2RS FACON
44,056358,CONECTOR DE DERIVACAO 4-6MM AMARELO,CD-0406,DECORLUX,1134.0,Elétrica / Comandos,SEM FOTO,DECORLUX CD-0406 CONECTOR DE DERIVACAO 4-6MM AMARELO
45,058753,"SOLDA SILPHOSCOPER BR-S 2% TF DIAM. 2,40 X 460 MM BRASIL SOL",BR-S 2 TF,BRASIL SOLDAS METAL NOBRE,1119.0,Químicos / Solda e Limpeza,SEM FOTO,"BRASIL SOLDAS METAL NOBRE BR-S 2 TF SOLDA SILPHOSCOPER BR-S 2% TF DIAM. 2,40 X 460 MM BRASIL SOL"
46,052485,SENSOR DE DEGELO 5K FACON,B25/50-05,FACON,1102.0,Refrigeração / Componentes,SEM FOTO,FACON B25/50-05 SENSOR DE DEGELO 5K FACON
47,054374,TERMINAL ANEL M8 AMARELO PRE ISOLADO 25MM 89A,TA-8251,DECORLUX,1032.0,Elétrica / Comandos,SEM FOTO,DECORLUX TA-8251 TERMINAL ANEL M8 AMARELO PRE ISOLADO 25MM 89A
48,059863,"TERMINAL TIPO BULLET MACHO VERMEL PRE-ISOLADO 0,5-1,5MM 10A",TBM-0515,DECORLUX,1000.0,Elétrica / Comandos,SEM FOTO,"DECORLUX TBM-0515 TERMINAL TIPO BULLET MACHO VERMEL PRE-ISOLADO 0,5-1,5MM 10A"
49,058318,CABO FLEX 2.5MM BOBINA C/ 1000 METROS VERMELHO 450/750V,FLEXPA2.25.1360.0,FLEXCABLES,994.0,Elétrica / Comandos,SEM FOTO,FLEXCABLES FLEXPA2.25.1360.0 CABO FLEX 2.5MM BOBINA C/ 1000 METROS VERMELHO 450/750V
50,058923,"TERMINAL PINO PRE ISOLADO 1,5MM-2,5MM - AZUL REF: PTV2-10",PTV2-10,CNC,983.0,Elétrica / Comandos,SEM FOTO,"CNC PTV2-10 TERMINAL PINO PRE ISOLADO 1,5MM-2,5MM - AZUL REF: PTV2-10"
51,059865,TERMINAL TIPO BULLET MACHO AMAREL PRE-ISOLADO 4-6MM 24A,TBM-0406,DECORLUX,968.0,Elétrica / Comandos,SEM FOTO,DECORLUX TBM-0406 TERMINAL TIPO BULLET MACHO AMAREL PRE-ISOLADO 4-6MM 24A
52,059868,"TERMINAL LUVA FEMEA VERMELHO ISOLADO 0,5-1,5MM 10A TF-2107",TF-3152,DECORLUX,966.0,EPI / Segurança,SEM FOTO,"DECORLUX TF-3152 TERMINAL LUVA FEMEA VERMELHO ISOLADO 0,5-1,5MM 10A TF-2107"
53,059860,"TERMINAL  MACHO VERMELHO ISOLDADO 0,5-1,5MM 10A",TM-0515,DECORLUX,921.0,Elétrica / Comandos,SEM FOTO,"DECORLUX TM-0515 TERMINAL MACHO VERMELHO ISOLDADO 0,5-1,5MM 10A"
54,003434,ARRUELA LISA ZIN 3/8 UNIDADE,26448,JOMARCA,920.0,Fixação e Acessórios,SEM FOTO,JOMARCA 26448 ARRUELA LISA ZIN 3/8 UNIDADE
55,057721,MODULO LED 2835-3 LED MZ-6011W IP66 DC 12V 1.5W BRANCO,MZ-6011W,PROMESSA ILUMINACAO,919.0,Iluminação,SEM FOTO,PROMESSA ILUMINACAO MZ-6011W MODULO LED 2835-3 LED MZ-6011W IP66 DC 12V 1.5W BRANCO
56,052084,TIRANTE BRASTEMP BWQ24 PVC ELETRONICA BRANCO SAMATEC,919565,SAMATEC,873.0,Fixação e Acessórios,SEM FOTO,SAMATEC 919565 TIRANTE BRASTEMP BWQ24 PVC ELETRONICA BRANCO SAMATEC
57,057137,TERMINAL MACHO PRE ISOLADO AMARELO 4MM-6MM,TP-M040,TRIAL,873.0,Elétrica / Comandos,SEM FOTO,TRIAL TP-M040 TERMINAL MACHO PRE ISOLADO AMARELO 4MM-6MM
58,059864,"TERMINAL TIPO BULLET MACHO AZUL PRE-ISOLADO 1,5-2,5MM 15A",TBM-1525,DECORLUX,856.0,Elétrica / Comandos,SEM FOTO,"DECORLUX TBM-1525 TERMINAL TIPO BULLET MACHO AZUL PRE-ISOLADO 1,5-2,5MM 15A"
59,053734,"TERMINAL PINO VERMELHO PRE ISOLADO 0,5-1,5MM 19A",TP-2017,DECORLUX,854.0,Elétrica / Comandos,SEM FOTO,"DECORLUX TP-2017 TERMINAL PINO VERMELHO PRE ISOLADO 0,5-1,5MM 19A"
60,055685,ROLAMENTO 6205 2RS FACON,6205 2RS,FACON,816.0,Peças para Lavadora e Bebedouro,SEM FOTO,FACON 6205 2RS ROLAMENTO 6205 2RS FACON
61,060525,TERMINAL TIPO PINO 4-6MM AMARELO 100UN,1646.0,CHINT,800.0,Elétrica / Comandos,SEM FOTO,CHINT 1646.0 TERMINAL TIPO PINO 4-6MM AMARELO 100UN
62,060524,"TERMINAL ILHOS 6,00 MM AMARELO 100UN",782.0,CHINT,776.0,Elétrica / Comandos,SEM FOTO,"CHINT 782.0 TERMINAL ILHOS 6,00 MM AMARELO 100UN"
63,054095,"KIT SENSOR IMPORT AC 2,7K MAESTRO REFR/GELA BRAST/CONS FACON",W10531315,FACON,772.0,Refrigeração / Componentes,SEM FOTO,"FACON W10531315 KIT SENSOR IMPORT AC 2,7K MAESTRO REFR/GELA BRAST/CONS FACON"
64,056538,REBITE REPUXO 4.0 X 12 ACO / ALUMINIO BRANCO BELENUS,POP412AB,BELENUS,742.0,Fixação e Acessórios,SEM FOTO,BELENUS POP412AB REBITE REPUXO 4.0 X 12 ACO / ALUMINIO BRANCO BELENUS
65,003451,PF RO TOT 1/4X1 SXTV ZINCADO JOMARCA,05515,JOMARCA,737.0,Fixação e Acessórios,SEM FOTO,JOMARCA 05515 PF RO TOT 1/4X1 SXTV ZINCADO JOMARCA
66,000030,"TERMINAL ANEL M4 AMARELO PRE ISOLADO 4,0-6,0MM 48A",TA-4481,DECORLUX,722.0,Elétrica / Comandos,SEM FOTO,"DECORLUX TA-4481 TERMINAL ANEL M4 AMARELO PRE ISOLADO 4,0-6,0MM 48A"
67,058412,CURVA CO 90 LONGA 7/8 FRIVEN,20003.1602.06,FRIVEN,694.0,Instalação de Ar-Condicionado,SEM FOTO,FRIVEN 20003.1602.06 CURVA CO 90 LONGA 7/8 FRIVEN
68,059866,"TERMINAL TIPO BULLET FEMEA AZUL ISOLADO 1,5-2,5MM 15A",TBF-1525,DECORLUX,675.0,Elétrica / Comandos,SEM FOTO,"DECORLUX TBF-1525 TERMINAL TIPO BULLET FEMEA AZUL ISOLADO 1,5-2,5MM 15A"
69,059318,"TERMINAL PINO PRE ISOLADO 0,5MM-1,5MM - VERMEL REF: PTV1.25-",PTV1.25-10,CNC,656.0,Elétrica / Comandos,SEM FOTO,"CNC PTV1.25-10 TERMINAL PINO PRE ISOLADO 0,5MM-1,5MM - VERMEL REF: PTV1.25-"
70,059609,"CAPACITOR VENTILADOR CBB61, 2.5UF  X 450VAC C 2 TERMINAIS EO",D10989,EOS,635.0,Capacitores,SEM FOTO,"EOS D10989 CAPACITOR VENTILADOR CBB61, 2.5UF X 450VAC C 2 TERMINAIS EO"
71,053843,INTERRUPTOR LUZ ELECTROLUX DFF44 DUPLEX FACON 64484557,64484557,FACON,629.0,Elétrica / Comandos,SEM FOTO,FACON 64484557 INTERRUPTOR LUZ ELECTROLUX DFF44 DUPLEX FACON 64484557
72,055798,ROLAMENTO 608Z REP AMAZONAS,608Z,REP AMAZONAS,622.0,Peças para Lavadora e Bebedouro,SEM FOTO,REP AMAZONAS 608Z ROLAMENTO 608Z REP AMAZONAS
73,054094,KIT SENSOR REFRI ELECTROLUX 10K DF35A/DF36X/DF38/DW42X FACON,70000949,FACON,585.0,Refrigeração / Componentes,SEM FOTO,FACON 70000949 KIT SENSOR REFRI ELECTROLUX 10K DF35A/DF36X/DF38/DW42X FACON
74,054093,TERMOFUSIVEL REFRIGERADOR/GELADEIRA 400M FACON,W10257565,FACON,584.0,Outros,SEM FOTO,FACON W10257565 TERMOFUSIVEL REFRIGERADOR/GELADEIRA 400M FACON
75,003456,PORCA ZIN BR UNC 3/8 UND,31225,JOMARCA,579.0,Fixação e Acessórios,SEM FOTO,JOMARCA 31225 PORCA ZIN BR UNC 3/8 UND
76,060389,"PORCA FLANGEADA DE LATAO FORJADO 1/2""",80170.008,SURYHA,579.0,Fixação e Acessórios,SEM FOTO,"SURYHA 80170.008 PORCA FLANGEADA DE LATAO FORJADO 1/2"""
77,060582,"CAPACITOR CBB61 2,5MF 450V C/ FIO",20250206,OBAGAS,577.0,Capacitores,SEM FOTO,"OBAGAS 20250206 CAPACITOR CBB61 2,5MF 450V C/ FIO"
78,057317,"TERMINAL ENCAIXE MACHO AMARELO 4,0-6,0MM REF: MDD5.5-250",MDD5.5-250,CNC,560.0,Elétrica / Comandos,SEM FOTO,"CNC MDD5.5-250 TERMINAL ENCAIXE MACHO AMARELO 4,0-6,0MM REF: MDD5.5-250"
79,056174,TIRANTE BRASTEMP BWQ22 PVC MONDIAL PRETO WHIRLPOOL,326000047,WHIRLPOOL,549.0,Fixação e Acessórios,SEM FOTO,WHIRLPOOL 326000047 TIRANTE BRASTEMP BWQ22 PVC MONDIAL PRETO WHIRLPOOL
80,060617,RELE PTC 4TM 127V 50/60HZ 4.7 OHM,47220,NUCLEO DO FRIO,540.0,Refrigeração / Componentes,SEM FOTO,NUCLEO DO FRIO 47220 RELE PTC 4TM 127V 50/60HZ 4.7 OHM
81,059317,TERMINAL OLHAL PRE ISOLADO 4MM-6MM - AMARELO REF: RV5-5-C,RV5-5-C,CNC,535.0,Elétrica / Comandos,SEM FOTO,CNC RV5-5-C TERMINAL OLHAL PRE ISOLADO 4MM-6MM - AMARELO REF: RV5-5-C
82,057720,MODULO LED SANSUNG IP68 5730-3LED-6619 SMD5730 12V POT 1.5W,SMD5730,PROMESSA ILUMINACAO,528.0,Iluminação,SEM FOTO,PROMESSA ILUMINACAO SMD5730 MODULO LED SANSUNG IP68 5730-3LED-6619 SMD5730 12V POT 1.5W
83,059859,TERMINAL AMARELO MACHO 4-6MM 24A TM-0406 DECORLUX,TM-0406,DECORLUX,524.0,Elétrica / Comandos,SEM FOTO,DECORLUX TM-0406 TERMINAL AMARELO MACHO 4-6MM 24A TM-0406 DECORLUX
84,055898,PF RO SOB SXTV 5/16X55 ZB BELENUS,SXRS5/16X55RI,BELENUS,520.0,Fixação e Acessórios,SEM FOTO,BELENUS SXRS5/16X55RI PF RO SOB SXTV 5/16X55 ZB BELENUS
85,052086,MOLA DA VARETA DE SUSPENSAO ELECTROLUX LM06 PEQUENA SAMATEC,B917104,SAMATEC,516.0,Químicos / Solda e Limpeza,SEM FOTO,SAMATEC B917104 MOLA DA VARETA DE SUSPENSAO ELECTROLUX LM06 PEQUENA SAMATEC
86,055679,ROLAMENTO 6006 2RS FACON,6006 2RS,FACON,500.0,Peças para Lavadora e Bebedouro,SEM FOTO,FACON 6006 2RS ROLAMENTO 6006 2RS FACON
87,056539,REBITE REPUXO 4.0 X 10 ACO / ALUMINIO BRANCO BELENUS,POP410AB,BELENUS,496.0,Fixação e Acessórios,SEM FOTO,BELENUS POP410AB REBITE REPUXO 4.0 X 10 ACO / ALUMINIO BRANCO BELENUS
88,055607,MOLA DA VARA DE SUSPENSAO ELECTROLUX LM08 GRANDE DUGOLD,100266671,DUGOLD,474.0,Ferramentas / Instrumentos,SEM FOTO,DUGOLD 100266671 MOLA DA VARA DE SUSPENSAO ELECTROLUX LM08 GRANDE DUGOLD
89,057139,TERMINAL PINO AMARELO PRE ISOLADO 25MM,TP-P250,TRIAL,470.0,Elétrica / Comandos,SEM FOTO,TRIAL TP-P250 TERMINAL PINO AMARELO PRE ISOLADO 25MM
90,056062,FUSIVEL DE VIDRO GRANDE 30 AMP GREEN 045-8030,045-8030,GREEN,462.0,Elétrica / Comandos,SEM FOTO,GREEN 045-8030 FUSIVEL DE VIDRO GRANDE 30 AMP GREEN 045-8030
91,055682,ROLAMENTO 6202 2RS FACON,6202 2RS,FACON,460.0,Peças para Lavadora e Bebedouro,SEM FOTO,FACON 6202 2RS ROLAMENTO 6202 2RS FACON
92,058981,MANGUEIRA SAIDA DRENO AR COND. BCO 1/2 PLASBOM,004502,PLASBOHN,456.9,Instalação de Ar-Condicionado,SEM FOTO,PLASBOHN 004502 MANGUEIRA SAIDA DRENO AR COND. BCO 1/2 PLASBOM
93,055354,FILTRO CO A/C 1EX4S 70MM (AC 3/4 1E-1/4 X 4S-1/8),5107020,LEAS,435.0,Refrigeração / Componentes,SEM FOTO,LEAS 5107020 FILTRO CO A/C 1EX4S 70MM (AC 3/4 1E-1/4 X 4S-1/8)
94,052085,TIRANTE BRASTEMP BWQ22 PVC MONDIAL PRETO SAMATEC,919564,SAMATEC,428.0,Fixação e Acessórios,SEM FOTO,SAMATEC 919564 TIRANTE BRASTEMP BWQ22 PVC MONDIAL PRETO SAMATEC
95,056060,FUSIVEL DE VIDRO GRANDE 10 AMP GREEN 045-8010,045-8010,GREEN,428.0,Elétrica / Comandos,SEM FOTO,GREEN 045-8010 FUSIVEL DE VIDRO GRANDE 10 AMP GREEN 045-8010
96,054311,"TUBO CAPILAR 0,053X3M LEAS",41000005,LEAS,422.0,Instalação de Ar-Condicionado,SEM FOTO,"LEAS 41000005 TUBO CAPILAR 0,053X3M LEAS"
97,054097,RELE EMBRACO SERIE R9 1/10HP 110V/60HZ FACON,R9 1/10HP,FACON,420.0,Refrigeração / Componentes,SEM FOTO,FACON R9 1/10HP RELE EMBRACO SERIE R9 1/10HP 110V/60HZ FACON
98,054098,PROTETOR EMBRACO 4TM 1/6 110V FACON,4TM 1/6HP,FACON,416.0,Refrigeração / Componentes,SEM FOTO,FACON 4TM 1/6HP PROTETOR EMBRACO 4TM 1/6 110V FACON
99,054024,PF RO SOB SXTV 5/16X60 JOMARCA,05167,JOMARCA,411.0,Fixação e Acessórios,SEM FOTO,JOMARCA 05167 PF RO SOB SXTV 5/16X60 JOMARCA
100,055151,TERMINAL ILHOS SIMPLES-TUBOLAR 16 MM 68A AZUL,TP-2862,DECORLUX,411.0,Elétrica / Comandos,SEM FOTO,DECORLUX TP-2862 TERMINAL ILHOS SIMPLES-TUBOLAR 16 MM 68A AZUL
101,054992,PF RO SOB SXTV 1/4X50,04504,JOMARCA,394.0,Fixação e Acessórios,SEM FOTO,JOMARCA 04504 PF RO SOB SXTV 1/4X50
102,055632,FILTRO 150MM CO C/SILICA S/CAPILAR 3/16 30GR CF-30 EVERWELL,CF-30,EVERWELL,386.0,Refrigeração / Componentes,SEM FOTO,EVERWELL CF-30 FILTRO 150MM CO C/SILICA S/CAPILAR 3/16 30GR CF-30 EVERWELL
103,052488,SENSOR DE DEGELO 20K FACON,B25/50-20,FACON,382.0,Refrigeração / Componentes,SEM FOTO,FACON B25/50-20 SENSOR DE DEGELO 20K FACON
104,060417,"CAPACITOR VENTILADOR CBB61 2,5UF 450V/60HZ - MARCA ESSEK",0000000028,ESSEK,381.0,Capacitores,SEM FOTO,"ESSEK 0000000028 CAPACITOR VENTILADOR CBB61 2,5UF 450V/60HZ - MARCA ESSEK"
105,057303,"DISCO DIAMANTADO. 4.3/8"" COMBATT TURBO",7898181491228,BOMCORTE,378.0,Ferramentas / Instrumentos,SEM FOTO,"BOMCORTE 7898181491228 DISCO DIAMANTADO. 4.3/8"" COMBATT TURBO"
106,004664,CHUMBADOR COM PARAFUSO CB 1/4X2 UNIDADE,18096,JOMARCA,373.0,Fixação e Acessórios,SEM FOTO,JOMARCA 18096 CHUMBADOR COM PARAFUSO CB 1/4X2 UNIDADE
107,054399,VALVULA SCHIRADER 1/4 100MM FRIVEN,20003100244,FRIVEN,366.0,Refrigeração / Componentes,SEM FOTO,FRIVEN 20003100244 VALVULA SCHIRADER 1/4 100MM FRIVEN
108,055677,ROLAMENTO 6004 2RS FACON,6004 2RS,FACON,363.0,Peças para Lavadora e Bebedouro,SEM FOTO,FACON 6004 2RS ROLAMENTO 6004 2RS FACON
109,056241,TIRANTE BRASTEMP BWQ24 PVC ELETRONICA BRANCO WHIRLPOOL,326000516,WHIRLPOOL,361.0,Fixação e Acessórios,SEM FOTO,WHIRLPOOL 326000516 TIRANTE BRASTEMP BWQ24 PVC ELETRONICA BRANCO WHIRLPOOL
110,053642,BARRA SINDAL CONECTOR TERMOPLAST 4MM,CTB10420,G20,358.0,Elétrica / Comandos,SEM FOTO,G20 CTB10420 BARRA SINDAL CONECTOR TERMOPLAST 4MM
111,054054,RELE EMBRACO SERIE R9 1/8HP 110V/60HZ FACON,R9 1/8HP,FACON,356.0,Refrigeração / Componentes,SEM FOTO,FACON R9 1/8HP RELE EMBRACO SERIE R9 1/8HP 110V/60HZ FACON
112,051825,LAMPADA INCAND. 127V PRA GELADEIRA/MICROONDAS BOCAL E-14,D29801,TASCHIBRA,353.0,Iluminação,SEM FOTO,TASCHIBRA D29801 LAMPADA INCAND. 127V PRA GELADEIRA/MICROONDAS BOCAL E-14
113,056403,FUSIVEL DE VIDRO GRANDE 2.5 AMP GREEN 045-8025,045-8025,GREEN,350.0,Elétrica / Comandos,SEM FOTO,GREEN 045-8025 FUSIVEL DE VIDRO GRANDE 2.5 AMP GREEN 045-8025
114,059483,MANGUEIRA SAIDA DRENO AR COND. PRETO 5/8 VINIGAS,06.9.95.0411.18,VINIGAS,350.0,Instalação de Ar-Condicionado,SEM FOTO,VINIGAS 06.9.95.0411.18 MANGUEIRA SAIDA DRENO AR COND. PRETO 5/8 VINIGAS
115,003452,PF RO TOT 1/4X1.1/4 SXTV ZINCADO JOMARCA,06483,JOMARCA,349.0,Fixação e Acessórios,SEM FOTO,JOMARCA 06483 PF RO TOT 1/4X1.1/4 SXTV ZINCADO JOMARCA
116,053614,FUSIVEL DE CERAMICA P FORNO 12 AMP GRANDE GREEN 045-8812,045-8812,GREEN,347.0,Elétrica / Comandos,SEM FOTO,GREEN 045-8812 FUSIVEL DE CERAMICA P FORNO 12 AMP GRANDE GREEN 045-8812
117,060286,PF A/A 4.8X45 CH ZIN PHS BELENUS,114867,BELENUS,347.0,Fixação e Acessórios,SEM FOTO,BELENUS 114867 PF A/A 4.8X45 CH ZIN PHS BELENUS
118,003455,PORCA ZIN BR UNC 1/4 UND,31223,JOMARCA,343.0,Fixação e Acessórios,SEM FOTO,JOMARCA 31223 PORCA ZIN BR UNC 1/4 UND
119,054106,PROTETOR TERMICO GELADEIRA 1/10 110V/60HZ MODELO QD 1/10 FAC,QD 1/10HP,FACON,340.0,Refrigeração / Componentes,SEM FOTO,FACON QD 1/10HP PROTETOR TERMICO GELADEIRA 1/10 110V/60HZ MODELO QD 1/10 FAC
120,059159,ESPUMA LIMP DE AR COND. IONS DE PRATA 300ML AERO AR DA TERRA,PL00335,AR DA TERRA,334.0,Instalação de Ar-Condicionado,SEM FOTO,AR DA TERRA PL00335 ESPUMA LIMP DE AR COND. IONS DE PRATA 300ML AERO AR DA TERRA
121,054067,FUSIVEL DE VIDRO GRANDE 5 AMP GREEN 045-8005,045-8005,GREEN,332.0,Elétrica / Comandos,SEM FOTO,GREEN 045-8005 FUSIVEL DE VIDRO GRANDE 5 AMP GREEN 045-8005
122,054373,TERMINAL ANEL M6 AZUL PRE ISOLADO 16MM 68A,TA-5162,DECORLUX,326.0,Elétrica / Comandos,SEM FOTO,DECORLUX TA-5162 TERMINAL ANEL M6 AZUL PRE ISOLADO 16MM 68A
123,054310,"TUBO CAPILAR 0,050X3M LEAS",41000004,LEAS,322.0,Instalação de Ar-Condicionado,SEM FOTO,"LEAS 41000004 TUBO CAPILAR 0,050X3M LEAS"
124,054377,"TERMINAL CONECTOR DE EMENDA AMARELO 4,0-6,0MM 48A",CE-6481,DECORLUX,312.0,Elétrica / Comandos,SEM FOTO,"DECORLUX CE-6481 TERMINAL CONECTOR DE EMENDA AMARELO 4,0-6,0MM 48A"
125,055676,ROLAMENTO 6003 2RS FACON,6003 2RS,FACON,310.0,Peças para Lavadora e Bebedouro,SEM FOTO,FACON 6003 2RS ROLAMENTO 6003 2RS FACON
126,059856,"TERMINAL FEMEA VERMELHO ISOLADO 0,5-1,5MM 10A TF-0515 DECORL",TF-0515,DECORLUX,306.0,Elétrica / Comandos,SEM FOTO,"DECORLUX TF-0515 TERMINAL FEMEA VERMELHO ISOLADO 0,5-1,5MM 10A TF-0515 DECORL"
127,060351,FILTRO SEC. 3/4`` C/ PONT. E1/4`` X S3/16`` 90MM C/ CARGA 8G,47218,NUCLEO DO FRIO,298.0,Refrigeração / Componentes,SEM FOTO,NUCLEO DO FRIO 47218 FILTRO SEC. 3/4`` C/ PONT. E1/4`` X S3/16`` 90MM C/ CARGA 8G
128,058562,TUBEX AC BLINDADO PRETO/BRANCO-  PLUS UV 3/8(10)X10MM 2M,FPIPPPR10038000,ARMACELL,296.0,Instalação de Ar-Condicionado,SEM FOTO,ARMACELL FPIPPPR10038000 TUBEX AC BLINDADO PRETO/BRANCO- PLUS UV 3/8(10)X10MM 2M
129,055675,ROLAMENTO 6002 2RS FACON,6002 2RS,FACON,292.0,Peças para Lavadora e Bebedouro,SEM FOTO,FACON 6002 2RS ROLAMENTO 6002 2RS FACON
130,060299,PROTETOR TERMICO 4TM PTC 1/5 110V NUCLE DO FRIO,47033,NUCLEO DO FRIO,287.0,Refrigeração / Componentes,SEM FOTO,NUCLEO DO FRIO 47033 PROTETOR TERMICO 4TM PTC 1/5 110V NUCLE DO FRIO
131,056799,CABO FLEX 2.5MM METRO VERMELHO 450/750V FLEXCABOS,373,FLEXCABOS,286.0,Elétrica / Comandos,SEM FOTO,FLEXCABOS 373 CABO FLEX 2.5MM METRO VERMELHO 450/750V FLEXCABOS
132,060646,FITA PVC BRANCA ISOLAMENTO 80MIC 50MM X 50M (S/ADESIVO - CO,MT065674,CELTA,284.0,Instalação de Ar-Condicionado,SEM FOTO,CELTA MT065674 FITA PVC BRANCA ISOLAMENTO 80MIC 50MM X 50M (S/ADESIVO - CO
133,055902,RELE E PROT TERMICO CONJUG EMBRACO 1/6 110V MOD PW-A 16 FACO,PWA-16,FACON,281.0,Peças para Lavadora e Bebedouro,SEM FOTO,FACON PWA-16 RELE E PROT TERMICO CONJUG EMBRACO 1/6 110V MOD PW-A 16 FACO
134,059002,MANGUEIRA SAIDA DRENO AR COND. PRETO 1/2 VINIGAS,06.9.95.0332.18,VINIGAS,277.5,Instalação de Ar-Condicionado,SEM FOTO,VINIGAS 06.9.95.0332.18 MANGUEIRA SAIDA DRENO AR COND. PRETO 1/2 VINIGAS
135,060423,CAPACITOR VENTILADOR 6UF 450V OBBA,20250212,OBAGAS,272.0,Capacitores,SEM FOTO,OBAGAS 20250212 CAPACITOR VENTILADOR 6UF 450V OBBA
136,055901,RELE E PROT TERMICO CONJUG EMBRACO 1/5 110V MOD PW-A 15 FACO,PWA-15,FACON,271.0,Peças para Lavadora e Bebedouro,SEM FOTO,FACON PWA-15 RELE E PROT TERMICO CONJUG EMBRACO 1/5 110V MOD PW-A 15 FACO
137,058937,LAMPADA REFRIGERADOR/MICROONDAS 220V PEQUENA 15W TU22E14 - E,133772,SAMATEC,271.0,Iluminação,SEM FOTO,SAMATEC 133772 LAMPADA REFRIGERADOR/MICROONDAS 220V PEQUENA 15W TU22E14 - E
138,058096,"PORCA DE REDUCAO 5/8"" - 1/2"" SAE FRIVEN",20003.1002.06,FRIVEN,268.0,Hidráulica,SEM FOTO,"FRIVEN 20003.1002.06 PORCA DE REDUCAO 5/8"" - 1/2"" SAE FRIVEN"
139,059314,"TERMINAL GARFO PRE ISOLADO VERMELHO 0,5-1,5MM CNC REF: SV2-4",SV2-4S-C,CNC,255.0,Elétrica / Comandos,SEM FOTO,"CNC SV2-4S-C TERMINAL GARFO PRE ISOLADO VERMELHO 0,5-1,5MM CNC REF: SV2-4"
140,057951,FILTRO 90MM SEC 3/4 C/MOLEC 6G C CAP C/PONT 1/4X3/16 030-105,189677,DUGOLD,254.0,Refrigeração / Componentes,SEM FOTO,DUGOLD 189677 FILTRO 90MM SEC 3/4 C/MOLEC 6G C CAP C/PONT 1/4X3/16 030-105
141,059709,"SOLDA ALUMINIO BR-HGW ER 4047 TIG 2,40X1000MM SEM FLUXO",BR-HGW ER 4047 TIG,BRASIL SOLDAS METAL NOBRE,254.0,Químicos / Solda e Limpeza,SEM FOTO,"BRASIL SOLDAS METAL NOBRE BR-HGW ER 4047 TIG SOLDA ALUMINIO BR-HGW ER 4047 TIG 2,40X1000MM SEM FLUXO"
142,055900,RELE E PROT TERMICO CONJUG EMBRACO 1/4 110V MOD PW-A 14 FACO,PWA-14,FACON,252.0,Peças para Lavadora e Bebedouro,SEM FOTO,FACON PWA-14 RELE E PROT TERMICO CONJUG EMBRACO 1/4 110V MOD PW-A 14 FACO
143,056311,PF RO TOT 1/4X5/8 SXTV ZINCADO JOMARCA,08724,JOMARCA,251.0,Fixação e Acessórios,SEM FOTO,JOMARCA 08724 PF RO TOT 1/4X5/8 SXTV ZINCADO JOMARCA
144,055150,"TERMINAL ILHOS SIMPLES-TUBOLAR 1,0MM 12A VERMELHO",TP-1417,DECORLUX,250.0,Elétrica / Comandos,SEM FOTO,"DECORLUX TP-1417 TERMINAL ILHOS SIMPLES-TUBOLAR 1,0MM 12A VERMELHO"
145,055899,RELE E PROT TERMICO CONJUG EMBRACO 1/3 110V MOD PW-A 13 FACO,PWA-13,FACON,247.0,Peças para Lavadora e Bebedouro,SEM FOTO,FACON PWA-13 RELE E PROT TERMICO CONJUG EMBRACO 1/3 110V MOD PW-A 13 FACO
146,056932,LUVA DE PANO MALHA 4 FIOS PIGMENTADA BRANCA CA 38994 OK BRAS,100059,OK BRASIL,246.0,EPI / Segurança,SEM FOTO,OK BRASIL 100059 LUVA DE PANO MALHA 4 FIOS PIGMENTADA BRANCA CA 38994 OK BRAS
147,054501,CURVA CO 90 LONGA 5/8 FRIVEN,20003.1602.04,FRIVEN,239.0,Instalação de Ar-Condicionado,SEM FOTO,FRIVEN 20003.1602.04 CURVA CO 90 LONGA 5/8 FRIVEN
148,060068,FILTRO 100MM CO C/SILICA C/CAPILAR 3/4 E 1/4XS3/16 10G HULTE,HT3030-109P,HULTER,239.0,Refrigeração / Componentes,SEM FOTO,HULTER HT3030-109P FILTRO 100MM CO C/SILICA C/CAPILAR 3/4 E 1/4XS3/16 10G HULTE
149,002225,LUVA SOLD 20MM KRONA,6148,KRONA,238.0,EPI / Segurança,SEM FOTO,KRONA 6148 LUVA SOLD 20MM KRONA
150,056364,CONECTOR DE DERIVACAO 0.5-1.5MM VERMELHO DECORLUX,CD-0515,DECORLUX,227.0,Elétrica / Comandos,SEM FOTO,DECORLUX CD-0515 CONECTOR DE DERIVACAO 0.5-1.5MM VERMELHO DECORLUX
151,058751,"SOLDA PRATA COM 15% BR-15 DIAM. 1,60 X 460 MM BRASIL SOLDAS",BR-15,BRASIL SOLDAS METAL NOBRE,226.0,Químicos / Solda e Limpeza,SEM FOTO,"BRASIL SOLDAS METAL NOBRE BR-15 SOLDA PRATA COM 15% BR-15 DIAM. 1,60 X 460 MM BRASIL SOLDAS"
152,052348,PROTETOR EMBRACO 4TM 1/3 110V FACON,4TM 1/3HP,FACON,221.0,Refrigeração / Componentes,SEM FOTO,FACON 4TM 1/3HP PROTETOR EMBRACO 4TM 1/3 110V FACON
153,057952,FILTRO 90MM SEC 3/4 C/MOLEC 6G S CAP C/PONT 1/4X3/16 030-110,189680,DUGOLD,219.0,Refrigeração / Componentes,SEM FOTO,DUGOLD 189680 FILTRO 90MM SEC 3/4 C/MOLEC 6G S CAP C/PONT 1/4X3/16 030-110
154,059747,"CURVA CO 90 LONGA 7/8  X 1,04MM POL HULTER",100220778,HULTER,212.0,Instalação de Ar-Condicionado,SEM FOTO,"HULTER 100220778 CURVA CO 90 LONGA 7/8 X 1,04MM POL HULTER"
155,054053,RELE EMBRACO SERIE R9 1/6HP 110V/60HZ FACON,R9 1/6HP,FACON,209.0,Refrigeração / Componentes,SEM FOTO,FACON R9 1/6HP RELE EMBRACO SERIE R9 1/6HP 110V/60HZ FACON
156,003045,TEE SOLD 20MM KRONA,6271,KRONA,208.0,Hidráulica,SEM FOTO,KRONA 6271 TEE SOLD 20MM KRONA
157,055684,ROLAMENTO 6204 2RS FACON,6204 2RS,FACON,208.0,Peças para Lavadora e Bebedouro,SEM FOTO,FACON 6204 2RS ROLAMENTO 6204 2RS FACON
158,056188,GUIA PASSA FIO COM ALMA DE ACO 20M ENERBRAS 095-E20/10,095-E20/10,ENERBRAS,205.0,Elétrica / Comandos,SEM FOTO,ENERBRAS 095-E20/10 GUIA PASSA FIO COM ALMA DE ACO 20M ENERBRAS 095-E20/10
159,053611,FUSIVEL DE VIDRO GRANDE 15 AMP GREEN 045-8015,045-8015,GREEN,202.0,Elétrica / Comandos,SEM FOTO,GREEN 045-8015 FUSIVEL DE VIDRO GRANDE 15 AMP GREEN 045-8015
160,055674,ROLAMENTO 6001 2RS FACON,6001 2RS,FACON,200.0,Peças para Lavadora e Bebedouro,SEM FOTO,FACON 6001 2RS ROLAMENTO 6001 2RS FACON
161,057136,"TERMINAL MACHO PRE ISOLADO AZUL 1,5-2,5MM",TP-M015,TRIAL,200.0,Elétrica / Comandos,SEM FOTO,"TRIAL TP-M015 TERMINAL MACHO PRE ISOLADO AZUL 1,5-2,5MM"
162,057278,LUVA PRESSAO DE CORRER 32MM AMARELO PLASBHON,003555,PLASBOHN,200.0,EPI / Segurança,SEM FOTO,PLASBOHN 003555 LUVA PRESSAO DE CORRER 32MM AMARELO PLASBHON
163,057696,LUVA TATEX BRANCA PIGMENTADA,02.11.2.1,KALIPSO,200.0,EPI / Segurança,SEM FOTO,KALIPSO 02.11.2.1 LUVA TATEX BRANCA PIGMENTADA
164,057276,LUVA PRESSAO DE CORRER 20MM AMARELO PLASBHON,003554,PLASBOHN,198.0,EPI / Segurança,SEM FOTO,PLASBOHN 003554 LUVA PRESSAO DE CORRER 20MM AMARELO PLASBHON
165,056186,GUIA PASSA FIO COM ALMA DE ACO 10M ENERBRAS 095-E10/10,095-E10/10,ENERBRAS,195.0,Elétrica / Comandos,SEM FOTO,ENERBRAS 095-E10/10 GUIA PASSA FIO COM ALMA DE ACO 10M ENERBRAS 095-E10/10
166,056187,GUIA PASSA FIO COM ALMA DE ACO 15M ENERBRAS 095-E15/10,095-E15/10,ENERBRAS,193.0,Elétrica / Comandos,SEM FOTO,ENERBRAS 095-E15/10 GUIA PASSA FIO COM ALMA DE ACO 15M ENERBRAS 095-E15/10
167,060373,PORCA CURTA FORJADA 3/4 VIX QFN. 34,1017102,VIX,187.0,Fixação e Acessórios,SEM FOTO,VIX 1017102 PORCA CURTA FORJADA 3/4 VIX QFN. 34
168,057301,"DISCO DIAMANTADO. 4.3/8"" COMBATT LISO",7898181491204,BOMCORTE,183.0,Ferramentas / Instrumentos,SEM FOTO,"BOMCORTE 7898181491204 DISCO DIAMANTADO. 4.3/8"" COMBATT LISO"
169,055680,ROLAMENTO 6200 2RS FACON,6200 2RS,FACON,180.0,Peças para Lavadora e Bebedouro,SEM FOTO,FACON 6200 2RS ROLAMENTO 6200 2RS FACON
170,057302,"DISCO DIAMANTADO 4.3/8"" COMBATT SEGMENTADO",7898181491242,BOMCORTE,179.0,Ferramentas / Instrumentos,SEM FOTO,"BOMCORTE 7898181491242 DISCO DIAMANTADO 4.3/8"" COMBATT SEGMENTADO"
171,056064,FUSIVEL DE VIDRO GRANDE 8 AMP GREEN 045-8008,045-8008,GREEN,178.0,Elétrica / Comandos,SEM FOTO,GREEN 045-8008 FUSIVEL DE VIDRO GRANDE 8 AMP GREEN 045-8008
172,059201,JOELHO 90 SOLDAVEL 25MM KRONA,5338,KRONA,178.0,Químicos / Solda e Limpeza,SEM FOTO,KRONA 5338 JOELHO 90 SOLDAVEL 25MM KRONA
173,000249,COXIM NINI CALCO DE BORRACHA PARA AR CONDICIONADO SPAZIO,CX003MC,SPAZIO,177.0,Refrigeração / Componentes,SEM FOTO,SPAZIO CX003MC COXIM NINI CALCO DE BORRACHA PARA AR CONDICIONADO SPAZIO
174,055353,FILTRO CO A/C 1EX3S 70MM (AC 3/4 1E-1/4 X 3S-1/8),5105020,LEAS,177.0,Refrigeração / Componentes,SEM FOTO,LEAS 5105020 FILTRO CO A/C 1EX3S 70MM (AC 3/4 1E-1/4 X 3S-1/8)
175,056596,TERMINAL DE COMPRESSAO OLHAL 70MM,TC-70,TRIAL,171.0,Elétrica / Comandos,SEM FOTO,TRIAL TC-70 TERMINAL DE COMPRESSAO OLHAL 70MM
176,003442,MOLDURA DE ACABAMENTO PARA TUBO 55MM,PS523,DE PLASTIC,169.0,Instalação de Ar-Condicionado,SEM FOTO,DE PLASTIC PS523 MOLDURA DE ACABAMENTO PARA TUBO 55MM
177,060545,MANGUEIRA BRANCA ATOXICA PARA FILTRO DAGUA 1/4 COM 50 METROS,MPFA0013C50,SPAZIO,168.0,Instalação de Ar-Condicionado,SEM FOTO,SPAZIO MPFA0013C50 MANGUEIRA BRANCA ATOXICA PARA FILTRO DAGUA 1/4 COM 50 METROS
178,051798,SIFAO 7/8 FRIVEN,20003.1606.04,FRIVEN,163.0,Hidráulica,SEM FOTO,FRIVEN 20003.1606.04 SIFAO 7/8 FRIVEN
179,058563,TUBEX AC BLINDADO PRETO/BRANCO -  PLUS UV 5/8(15)X10MM 2M,FPIPPPR10058000,ARMACELL,163.0,Instalação de Ar-Condicionado,SEM FOTO,ARMACELL FPIPPPR10058000 TUBEX AC BLINDADO PRETO/BRANCO - PLUS UV 5/8(15)X10MM 2M
180,051723,JOELHO 90 SOLD 32MM KRONA,6110,KRONA,162.0,Hidráulica,SEM FOTO,KRONA 6110 JOELHO 90 SOLD 32MM KRONA
181,058560,TUBEX AC BLINDADO PRETO/BRANCO - PLUS UV 1/4(6)X10MM 2M,FPIPPPR10014000,ARMACELL,161.0,Instalação de Ar-Condicionado,SEM FOTO,ARMACELL FPIPPPR10014000 TUBEX AC BLINDADO PRETO/BRANCO - PLUS UV 1/4(6)X10MM 2M
182,059542,PORCA CURTA 1/2 SAE HULTER,100200935,HULTER,157.0,Fixação e Acessórios,SEM FOTO,HULTER 100200935 PORCA CURTA 1/2 SAE HULTER
183,055683,ROLAMENTO 6203 2RS FACON,6203 2RS,FACON,156.0,Peças para Lavadora e Bebedouro,SEM FOTO,FACON 6203 2RS ROLAMENTO 6203 2RS FACON
184,054150,LUVA COBRE 1/4 SOLDA FRIVEN,20003.1601.01,FRIVEN,154.0,EPI / Segurança,SEM FOTO,FRIVEN 20003.1601.01 LUVA COBRE 1/4 SOLDA FRIVEN
185,056845,BATERIA ALCALINA LR621 / AG1 ELGIN,82307,ELGIN,152.0,Eletrônicos / Informática,SEM FOTO,ELGIN 82307 BATERIA ALCALINA LR621 / AG1 ELGIN
186,053619,FUSIVEL DE CERAMICA P FORNO 10 AMP GRANDE GREEN 045-8810,045-8810,GREEN,151.0,Elétrica / Comandos,SEM FOTO,GREEN 045-8810 FUSIVEL DE CERAMICA P FORNO 10 AMP GRANDE GREEN 045-8810
187,053615,FUSIVEL DE CERAMICA P FORNO 15 AMP GRANDE GREEN 045-8815,045-8815,GREEN,150.0,Elétrica / Comandos,SEM FOTO,GREEN 045-8815 FUSIVEL DE CERAMICA P FORNO 15 AMP GRANDE GREEN 045-8815
188,054052,RELE EMBRACO SERIE R9 1/5HP 110V/60HZ FACON,R9 1/5HP,FACON,150.0,Refrigeração / Componentes,SEM FOTO,FACON R9 1/5HP RELE EMBRACO SERIE R9 1/5HP 110V/60HZ FACON
189,056750,PROTETOR TERMICO CRT4 A 1.5 HP A/C 14.000/16.000 BTUS 110V,CRT4 (A)-15-110V,ESSEK,150.0,Refrigeração / Componentes,SEM FOTO,ESSEK CRT4 (A)-15-110V PROTETOR TERMICO CRT4 A 1.5 HP A/C 14.000/16.000 BTUS 110V
190,060350,FILTRO SEC. 1`` C/ PONT. E1/4`` X S3/16`` 100MM C/ CARGA 10G,47219,NUCLEO DO FRIO,149.0,Refrigeração / Componentes,SEM FOTO,NUCLEO DO FRIO 47219 FILTRO SEC. 1`` C/ PONT. E1/4`` X S3/16`` 100MM C/ CARGA 10G
191,055678,ROLAMENTO 6005 2RS FACON,6005 2RS,FACON,148.0,Peças para Lavadora e Bebedouro,SEM FOTO,FACON 6005 2RS ROLAMENTO 6005 2RS FACON
192,051725,CURVA 90 SOLD 25MM,6087,KRONA,146.0,Hidráulica,SEM FOTO,KRONA 6087 CURVA 90 SOLD 25MM
193,057298,"DISCO PARA INOX 7"" X 1/16"" X 7/8""",7898181499026,BOMCORTE,144.0,Ferramentas / Instrumentos,SEM FOTO,"BOMCORTE 7898181499026 DISCO PARA INOX 7"" X 1/16"" X 7/8"""
194,055884,JOELHO 45 SOLD 20MM KRONA,66128,KRONA,143.0,Hidráulica,SEM FOTO,KRONA 66128 JOELHO 45 SOLD 20MM KRONA
195,052546,SIFAO 3/4 FRIVEN,20003.1606.03,FRIVEN,142.0,Hidráulica,SEM FOTO,FRIVEN 20003.1606.03 SIFAO 3/4 FRIVEN
196,056537,LUVA SOLD 32MM KRONA,6150,KRONA,142.0,EPI / Segurança,SEM FOTO,KRONA 6150 LUVA SOLD 32MM KRONA
197,057582,CALCO QUADRADO PARA COND 48 / 60 / 80 BTUS SPAZIO,CX001CQ,SPAZIO,140.0,Outros,SEM FOTO,SPAZIO CX001CQ CALCO QUADRADO PARA COND 48 / 60 / 80 BTUS SPAZIO
198,058559,TUBEX AC BLINDADO PRETO/BRANCO- PLUS UV 1/2(12)X10MM 2M,FPIPPPR10012000,ARMACELL,140.0,Instalação de Ar-Condicionado,SEM FOTO,ARMACELL FPIPPPR10012000 TUBEX AC BLINDADO PRETO/BRANCO- PLUS UV 1/2(12)X10MM 2M
199,060412,CAPACITOR VENTILADODOR CBB61 8UF 450V/60HZ - MARCA ESSEK,CB6180,ESSEK,137.0,Capacitores,SEM FOTO,ESSEK CB6180 CAPACITOR VENTILADODOR CBB61 8UF 450V/60HZ - MARCA ESSEK
200,056066,FUSIVEL DE VIDRO PEQUENO 2AMP GREEN 045-0002,045-0002,GREEN,136.0,Elétrica / Comandos,SEM FOTO,GREEN 045-0002 FUSIVEL DE VIDRO PEQUENO 2AMP GREEN 045-0002
201,059282,UNIAO DE ACESSO 5/8 C/SOLDA TUBO 70MM EOS - EVAPORADORA,C167312,EOS,135.0,Químicos / Solda e Limpeza,SEM FOTO,EOS C167312 UNIAO DE ACESSO 5/8 C/SOLDA TUBO 70MM EOS - EVAPORADORA
202,054051,RELE EMBRACO SERIE R9 1/3HP 110V/60HZ FACON,R9 1/3HP,FACON,130.0,Refrigeração / Componentes,SEM FOTO,FACON R9 1/3HP RELE EMBRACO SERIE R9 1/3HP 110V/60HZ FACON
203,057277,LUVA PRESSAO DE CORRER 25MM AMARELO PLASBHON,003370,PLASBOHN,130.0,EPI / Segurança,SEM FOTO,PLASBOHN 003370 LUVA PRESSAO DE CORRER 25MM AMARELO PLASBHON
204,054500,CURVA CO 90 LONGA 1/2 FRIVEN,20003.1602.03,FRIVEN,129.0,Instalação de Ar-Condicionado,SEM FOTO,FRIVEN 20003.1602.03 CURVA CO 90 LONGA 1/2 FRIVEN
205,053612,FUSIVEL DE VIDRO GRANDE 20 AMP GREEN 045-8020,045-8020,GREEN,127.0,Elétrica / Comandos,SEM FOTO,GREEN 045-8020 FUSIVEL DE VIDRO GRANDE 20 AMP GREEN 045-8020
206,055352,FILTRO CO A/C 1EX2S 70MM (AC 3/4 1E-1/4 X 2S-1/8),5103020,LEAS,127.0,Refrigeração / Componentes,SEM FOTO,LEAS 5103020 FILTRO CO A/C 1EX2S 70MM (AC 3/4 1E-1/4 X 2S-1/8)
207,056393,FUSIVEL DE VIDRO PEQUENO 1.5AMP GREEN 045-0015,045-0015,GREEN,127.0,Elétrica / Comandos,SEM FOTO,GREEN 045-0015 FUSIVEL DE VIDRO PEQUENO 1.5AMP GREEN 045-0015
208,057024,"FITA ADESIVA DUPLA FACE BRANCA 1,6MM ESP19MMX20M TECTAPE",696,TECTAPE,126.0,Instalação de Ar-Condicionado,SEM FOTO,"TECTAPE 696 FITA ADESIVA DUPLA FACE BRANCA 1,6MM ESP19MMX20M TECTAPE"
209,059921,CURVA CO 90 CURTA 5/8 X 1/32 VIX 106056,106056,VIX,126.0,Instalação de Ar-Condicionado,SEM FOTO,VIX 106056 CURVA CO 90 CURTA 5/8 X 1/32 VIX 106056
210,059158,ESPUMA LIMP.DE AR COND CITRUS 300ML AEROSSOL AR DA TERRA,PL00060,AR DA TERRA,122.0,Instalação de Ar-Condicionado,SEM FOTO,AR DA TERRA PL00060 ESPUMA LIMP.DE AR COND CITRUS 300ML AEROSSOL AR DA TERRA
211,055848,BUCHA S8 VAZADA P TIJOLO OCO UNIDADE JOMARCA,10275,JOMARCA,121.0,Fixação e Acessórios,SEM FOTO,JOMARCA 10275 BUCHA S8 VAZADA P TIJOLO OCO UNIDADE JOMARCA
212,052487,SENSOR DE DEGELO 15K FACON,B25/50-15,FACON,120.0,Refrigeração / Componentes,SEM FOTO,FACON B25/50-15 SENSOR DE DEGELO 15K FACON
213,056061,FUSIVEL DE VIDRO GRANDE 2 AMP GREEN 045-8002,045-8002,GREEN,120.0,Elétrica / Comandos,SEM FOTO,GREEN 045-8002 FUSIVEL DE VIDRO GRANDE 2 AMP GREEN 045-8002
214,058356,GAS MAP EOS CLASSE 2.1  ONU 1077 PROPILENO,C154411,EOS,120.0,Gases Refrigerantes,SEM FOTO,EOS C154411 GAS MAP EOS CLASSE 2.1 ONU 1077 PROPILENO
215,060178,FITA ISOLANTE TRAMONTINA 19MMX20M PRETA,19X20,TRAMONTINA,116.0,Instalação de Ar-Condicionado,SEM FOTO,TRAMONTINA 19X20 FITA ISOLANTE TRAMONTINA 19MMX20M PRETA
216,059474,"CURVA CO 90 LONGA 1 X 1,11MM HULTER",100220779,HULTER,115.0,Instalação de Ar-Condicionado,SEM FOTO,"HULTER 100220779 CURVA CO 90 LONGA 1 X 1,11MM HULTER"
217,052821,CORTADOR DE TUBO DE COBRE 1/8 A 1.5/8 CT-312 FACON,CT-312,FACON,113.0,Ferramentas / Instrumentos,SEM FOTO,FACON CT-312 CORTADOR DE TUBO DE COBRE 1/8 A 1.5/8 CT-312 FACON
218,056885,BROCA PARA CONCRETO 120 X 8 MM 5/16 SP,IW907,IRWIN,111.0,Ferramentas / Instrumentos,SEM FOTO,IRWIN IW907 BROCA PARA CONCRETO 120 X 8 MM 5/16 SP
219,057297,"DISCO PARA INOX 4.1/2"" X 22MM",7898181499149,BOMCORTE,111.0,Ferramentas / Instrumentos,SEM FOTO,"BOMCORTE 7898181499149 DISCO PARA INOX 4.1/2"" X 22MM"
220,052714,RETENTOR SUPERIOR DO CAMBIO ELECTROLUX LM06/LM08 SAMATEC,B921244,SAMATEC,110.0,Peças para Lavadora e Bebedouro,SEM FOTO,SAMATEC B921244 RETENTOR SUPERIOR DO CAMBIO ELECTROLUX LM06/LM08 SAMATEC
221,057545,FONTE DE ALIMENTACAO 3A 12V PARA FITA DE LED RUN&TENG,32,LECTRON,110.0,Iluminação,SEM FOTO,LECTRON 32 FONTE DE ALIMENTACAO 3A 12V PARA FITA DE LED RUN&TENG
222,056912,PLAFON BOCAL BRANCO 7001/03 ROMAZI,7001/03,ROMAZI,108.0,Iluminação,SEM FOTO,ROMAZI 7001/03 PLAFON BOCAL BRANCO 7001/03 ROMAZI
223,056070,FUSIVEL DE VIDRO PEQUENO 8AMP GREEN 045-0008,045-0008,GREEN,104.0,Elétrica / Comandos,SEM FOTO,GREEN 045-0008 FUSIVEL DE VIDRO PEQUENO 8AMP GREEN 045-0008
224,060239,"UNIAO PADRAO NIPPLE SU-04 1/4""SAE X 1/4""SAE FRIVEN",20003.1003.20,FRIVEN,104.0,Instalação de Ar-Condicionado,SEM FOTO,"FRIVEN 20003.1003.20 UNIAO PADRAO NIPPLE SU-04 1/4""SAE X 1/4""SAE FRIVEN"
225,060175,MANTA FITA MULTIUSO RL 10CM X 10M 40180082,01618,SOPREMA,103.2,Químicos / Solda e Limpeza,SEM FOTO,SOPREMA 01618 MANTA FITA MULTIUSO RL 10CM X 10M 40180082
226,004652,JOELHO 90 SOLD 20MM KRONA,6326,KRONA,103.0,Hidráulica,SEM FOTO,KRONA 6326 JOELHO 90 SOLD 20MM KRONA
227,056094,GAS MAP 400G MAXPRO OBAGAS,GAS0001,OBAGAS,103.0,Gases Refrigerantes,SEM FOTO,OBAGAS GAS0001 GAS MAP 400G MAXPRO OBAGAS
228,056207,CONJ INTEERRUPTOR BIPOLAR 25A ENERBRAS 1825-E,1825-E,ENERBRAS,101.0,Peças para Lavadora e Bebedouro,SEM FOTO,ENERBRAS 1825-E CONJ INTEERRUPTOR BIPOLAR 25A ENERBRAS 1825-E
229,056595,TERMINAL DE COMPRESSAO OLHAL 50MM,TC-50,TRIAL,101.0,Elétrica / Comandos,SEM FOTO,TRIAL TC-50 TERMINAL DE COMPRESSAO OLHAL 50MM
230,057340,ABRACADEIRA ZIN TIP D 3/4,7893537017718,INCA,101.0,Fixação e Acessórios,SEM FOTO,INCA 7893537017718 ABRACADEIRA ZIN TIP D 3/4
231,059176,MANGUEIRA PRESSOSTATO 1/4 AZULB1 METRO SPAZIO,MP004A50,SPAZIO,101.0,Automação / Temporizadores,SEM FOTO,SPAZIO MP004A50 MANGUEIRA PRESSOSTATO 1/4 AZULB1 METRO SPAZIO
232,054372,TERMINAL ANEL M6 VERMELHO PRE ISOLADO 10MM 50A,TA-5507,DECORLUX,100.0,Elétrica / Comandos,SEM FOTO,DECORLUX TA-5507 TERMINAL ANEL M6 VERMELHO PRE ISOLADO 10MM 50A
233,057407,BUCHA ZAMAC 3/8,7893537000017,INCA,100.0,Fixação e Acessórios,SEM FOTO,INCA 7893537000017 BUCHA ZAMAC 3/8
234,057410,BUCHA ZAMAC 1,7893537000048,INCA,100.0,Fixação e Acessórios,SEM FOTO,INCA 7893537000048 BUCHA ZAMAC 1
235,057421,ARRUELA ZAMAC 3/4,7893537000291,INCA,100.0,Fixação e Acessórios,SEM FOTO,INCA 7893537000291 ARRUELA ZAMAC 3/4
236,059432,"CABO PP 4X2,5MM 300/500 247 NM 53-C5 PRETO TOPCACLES",FLEXPA44.25.1310.1,FLEXCABLES,100.0,Elétrica / Comandos,SEM FOTO,"FLEXCABLES FLEXPA44.25.1310.1 CABO PP 4X2,5MM 300/500 247 NM 53-C5 PRETO TOPCACLES"
237,057408,BUCHA ZAMAC 1/2,7893537000024,INCA,99.0,Fixação e Acessórios,SEM FOTO,INCA 7893537000024 BUCHA ZAMAC 1/2
238,057422,ARRUELA ZAMAC 1,7893537000307,INCA,99.0,Fixação e Acessórios,SEM FOTO,INCA 7893537000307 ARRUELA ZAMAC 1
239,057486,ABR RSF BORBO 1/2 X 5/8 9MM (13X16),7893537021258,INCA,99.0,Fixação e Acessórios,SEM FOTO,INCA 7893537021258 ABR RSF BORBO 1/2 X 5/8 9MM (13X16)
240,057382,ABR RSF BORBO 1/2 X 3/4 9MM (13X19),7893537021265,INCA,98.0,Fixação e Acessórios,SEM FOTO,INCA 7893537021265 ABR RSF BORBO 1/2 X 3/4 9MM (13X19)
241,057409,BUCHA ZAMAC 3/4,7893537000031,INCA,98.0,Fixação e Acessórios,SEM FOTO,INCA 7893537000031 BUCHA ZAMAC 3/4
242,057496,FONTE CHAVEADA X-360 SUPER SLIM-E 12V 10A KA-1502 120WATTS,KA-1502,KAPBOM,98.0,Ferramentas / Instrumentos,SEM FOTO,KAPBOM KA-1502 FONTE CHAVEADA X-360 SUPER SLIM-E 12V 10A KA-1502 120WATTS
243,051969,CONTROLE UNIVERSAL P AR CONDICIONADO SUITABLE THE WO KT-1000,1028 IN1,MULTIMARCAS,97.0,Refrigeração / Componentes,SEM FOTO,MULTIMARCAS 1028 IN1 CONTROLE UNIVERSAL P AR CONDICIONADO SUITABLE THE WO KT-1000
244,057335,ABR RSFM 5/8 X 3/4 9MM (16 X 19),7893537012003,INCA,97.0,Fixação e Acessórios,SEM FOTO,INCA 7893537012003 ABR RSFM 5/8 X 3/4 9MM (16 X 19)
245,057386,ABR RSF BORBO 3/4 X 1 9MM (19X25),7893537021289,INCA,97.0,Fixação e Acessórios,SEM FOTO,INCA 7893537021289 ABR RSF BORBO 3/4 X 1 9MM (19X25)
246,057572,FITA DE LED 2812 RGB 60LED 5V,310,LECTRON,97.0,Iluminação,SEM FOTO,LECTRON 310 FITA DE LED 2812 RGB 60LED 5V
247,056176,CANALETA 20X10X2000 BRANCA COM FITA DUPLA FACE ENERBRAS,361/2-EF,ENERBRAS,96.0,Elétrica / Comandos,SEM FOTO,ENERBRAS 361/2-EF CANALETA 20X10X2000 BRANCA COM FITA DUPLA FACE ENERBRAS
248,058364,CONECTOR CURTO PINO 25 MM,CCP-E25,ENERBRAS,96.0,Elétrica / Comandos,SEM FOTO,ENERBRAS CCP-E25 CONECTOR CURTO PINO 25 MM
249,056193,TOMADA 20A C CX PADRAO BRANCA ENERBRAS 329-EN/CP,329-EN/CP,ENERBRAS,95.0,Elétrica / Comandos,SEM FOTO,ENERBRAS 329-EN/CP TOMADA 20A C CX PADRAO BRANCA ENERBRAS 329-EN/CP
250,057332,ABR RSFM 3/8 X 1/2 9MM (10 X 13),7893537011983,INCA,95.0,Fixação e Acessórios,SEM FOTO,INCA 7893537011983 ABR RSFM 3/8 X 1/2 9MM (10 X 13)
251,055807,PORCA CURTA SAE 7/8 SAEL HULTER,100226690,HULTER,94.0,Fixação e Acessórios,SEM FOTO,HULTER 100226690 PORCA CURTA SAE 7/8 SAEL HULTER
252,057380,ABR RSF 1/2 X 5/8 9MM (13 X 16),7893537000758,INCA,94.0,Fixação e Acessórios,SEM FOTO,INCA 7893537000758 ABR RSF 1/2 X 5/8 9MM (13 X 16)
253,057379,ABR RSF BORBO 3/8 X 1/2 9MM (10X13),7893537021241,INCA,93.0,Fixação e Acessórios,SEM FOTO,INCA 7893537021241 ABR RSF BORBO 3/8 X 1/2 9MM (10X13)
254,057385,ABR RSF 3/4 X 1 9MM (19 X 25),7893537000772,INCA,93.0,Fixação e Acessórios,SEM FOTO,INCA 7893537000772 ABR RSF 3/4 X 1 9MM (19 X 25)
255,053882,CURVA 90 SOLD 32MM,85295,KRONA,92.0,Hidráulica,SEM FOTO,KRONA 85295 CURVA 90 SOLD 32MM
256,056883,BROCA PARA COMCRETO 100 X 6 MM SP,IW904,IRWIN,92.0,Ferramentas / Instrumentos,SEM FOTO,IRWIN IW904 BROCA PARA COMCRETO 100 X 6 MM SP
257,057334,ABR RSFM 1/2 X 5/8 9MM (13 X 16),7893537011990,INCA,90.0,Fixação e Acessórios,SEM FOTO,INCA 7893537011990 ABR RSFM 1/2 X 5/8 9MM (13 X 16)
258,057420,ARRUELA ZAMAC 1/2,7893537000284,INCA,90.0,Fixação e Acessórios,SEM FOTO,INCA 7893537000284 ARRUELA ZAMAC 1/2
259,054099,PROTETOR EMBRACO 4TM 1/8 110V FACON,4TM 1/8HP,FACON,89.0,Refrigeração / Componentes,SEM FOTO,FACON 4TM 1/8HP PROTETOR EMBRACO 4TM 1/8 110V FACON
260,056533,LAPIS DE CARPINTEIRO CORTAG,61803,CORTAG,88.0,Outros,SEM FOTO,CORTAG 61803 LAPIS DE CARPINTEIRO CORTAG
261,056225,CAIXA DE EMBUTIR 4X50MM OCTOGOAL C FUNDO SC ENERBRAS 093-E,093-E,ENERBRAS,87.0,Elétrica / Comandos,SEM FOTO,ENERBRAS 093-E CAIXA DE EMBUTIR 4X50MM OCTOGOAL C FUNDO SC ENERBRAS 093-E
262,056402,FUSIVEL DE VIDRO GRANDE 6 AMP GREEN 045-8006,045-8006,GREEN,87.0,Elétrica / Comandos,SEM FOTO,GREEN 045-8006 FUSIVEL DE VIDRO GRANDE 6 AMP GREEN 045-8006
263,057336,ABR RSFM 3/4 X 1 9MM (19X25),7893537012010,INCA,87.0,Fixação e Acessórios,SEM FOTO,INCA 7893537012010 ABR RSFM 3/4 X 1 9MM (19X25)
264,002174,LUVA COBRE 5/8 SOLDA FRIVEN,20003.1601.04,FRIVEN,86.0,EPI / Segurança,SEM FOTO,FRIVEN 20003.1601.04 LUVA COBRE 5/8 SOLDA FRIVEN
265,057331,ABR RSFM 5/16 X 3/8 9MM (8 X 10),7893537012041,INCA,86.0,Fixação e Acessórios,SEM FOTO,INCA 7893537012041 ABR RSFM 5/16 X 3/8 9MM (8 X 10)
266,057384,ABR RSF BORBO 5/8 X 3/4 9MM (16X19),7893537021272,INCA,86.0,Fixação e Acessórios,SEM FOTO,INCA 7893537021272 ABR RSF BORBO 5/8 X 3/4 9MM (16X19)
267,057575,FONTE DE ALIMENTACAO 5A 12V PARA FITA DE LED RUN&TENG,280,LECTRON,86.0,Iluminação,SEM FOTO,LECTRON 280 FONTE DE ALIMENTACAO 5A 12V PARA FITA DE LED RUN&TENG
268,057133,TERMINAL GARFO PRE ISOLADO 1MM-,TP-G010,TRIAL,85.0,Elétrica / Comandos,SEM FOTO,TRIAL TP-G010 TERMINAL GARFO PRE ISOLADO 1MM-
269,059746,GAS R410 QUILO REFRIGERANTE FRIVEN/DUGOLD AMZ,9877,MULTIMARCAS,84.1620000000001,Gases Refrigerantes,SEM FOTO,MULTIMARCAS 9877 GAS R410 QUILO REFRIGERANTE FRIVEN/DUGOLD AMZ
270,055264,TRILHO DE ACO 1METRO PARA MONTAGEM DE PAINEL LUKMA,31004,LUKMA,84.0,Elétrica / Comandos,SEM FOTO,LUKMA 31004 TRILHO DE ACO 1METRO PARA MONTAGEM DE PAINEL LUKMA
271,056063,FUSIVEL DE VIDRO GRANDE 4 AMP GREEN 045-8004,045-8004,GREEN,84.0,Elétrica / Comandos,SEM FOTO,GREEN 045-8004 FUSIVEL DE VIDRO GRANDE 4 AMP GREEN 045-8004
272,057330,ABR RSFM 5/16 X 1/2 9MM (8 X 13),7893537014151,INCA,84.0,Fixação e Acessórios,SEM FOTO,INCA 7893537014151 ABR RSFM 5/16 X 1/2 9MM (8 X 13)
273,060420,GAS R134 LATA - FLUIDO REFRIGERANTE PRO134 - 300G OBAGAS,202306211,OBAGAS,84.0,Gases Refrigerantes,SEM FOTO,OBAGAS 202306211 GAS R134 LATA - FLUIDO REFRIGERANTE PRO134 - 300G OBAGAS
274,060662,PLUGUE MACHO 2P 10A/250V 6CORES REF 57421/901,57421/901,TRAMONTINA,83.0,Elétrica / Comandos,SEM FOTO,TRAMONTINA 57421/901 PLUGUE MACHO 2P 10A/250V 6CORES REF 57421/901
275,057341,ABRACADEIRA ZIN TIP D 1,7893537017725,INCA,82.0,Fixação e Acessórios,SEM FOTO,INCA 7893537017725 ABRACADEIRA ZIN TIP D 1
276,057299,"DISCO PARA METAL 7"" X 22MM",7898181499064,BOMCORTE,81.0,Ferramentas / Instrumentos,SEM FOTO,"BOMCORTE 7898181499064 DISCO PARA METAL 7"" X 22MM"
277,059849,CHAVE ALAVANCA BIPOLAR ON/OFF/ON 15A 250VAC CH-2153 DECORLUX,CH-2153,DECORLUX,81.0,Ferramentas / Instrumentos,SEM FOTO,DECORLUX CH-2153 CHAVE ALAVANCA BIPOLAR ON/OFF/ON 15A 250VAC CH-2153 DECORLUX
278,055274,"ABRACADEIRA DE NYLON 4,8X500MM C/50 TRIAL",APD-09712,TRIAL,80.0,Fixação e Acessórios,SEM FOTO,"TRIAL APD-09712 ABRACADEIRA DE NYLON 4,8X500MM C/50 TRIAL"
279,056040,FUSIVEL DE CERAMICA 8A PEQUENO 19.00.030,R054,FERTGEO OU LOUD,80.0,Elétrica / Comandos,SEM FOTO,FERTGEO OU LOUD R054 FUSIVEL DE CERAMICA 8A PEQUENO 19.00.030
280,057383,ABR RSF 5/8 X 3/4 9MM (16 X 19),7893537000765,INCA,80.0,Fixação e Acessórios,SEM FOTO,INCA 7893537000765 ABR RSF 5/8 X 3/4 9MM (16 X 19)
281,058564,TUBEX AC BLINDADO PRETO - PLUS UV 7/8(22)X10MM 2M,FPIPPPR10078000,ARMACELL,80.0,Instalação de Ar-Condicionado,SEM FOTO,ARMACELL FPIPPPR10078000 TUBEX AC BLINDADO PRETO - PLUS UV 7/8(22)X10MM 2M
282,060366,CURVA CO 90 LONGA 7/8 VIX,1016703,VIX,80.0,Instalação de Ar-Condicionado,SEM FOTO,VIX 1016703 CURVA CO 90 LONGA 7/8 VIX
283,060374,PORCA CURTA FORJADA 7/8 VIX,1017099,VIX,80.0,Fixação e Acessórios,SEM FOTO,VIX 1017099 PORCA CURTA FORJADA 7/8 VIX
284,060452,ROLAMENTO 6201 ZZ EOS,M244080,EOS,80.0,Peças para Lavadora e Bebedouro,SEM FOTO,EOS M244080 ROLAMENTO 6201 ZZ EOS
285,054881,"TUBO CAPILAR 0,070X3M LEAS",41000007,LEAS,79.0,Instalação de Ar-Condicionado,SEM FOTO,"LEAS 41000007 TUBO CAPILAR 0,070X3M LEAS"
286,057381,ABR RSF 1/2 X 3/4 9MM (13 X 19),7893537008426,INCA,79.0,Fixação e Acessórios,SEM FOTO,INCA 7893537008426 ABR RSF 1/2 X 3/4 9MM (13 X 19)
287,059378,CONEXAO CURVA 45 7/8 FRIVEN,20003.1608.06,FRIVEN,79.0,Hidráulica,SEM FOTO,FRIVEN 20003.1608.06 CONEXAO CURVA 45 7/8 FRIVEN
288,053814,TIMER FREEZE VESTICAL BRASTEMP 12H 1P BVG22A/BVG22B FACON,AF-2001-00,FACON,78.0,Automação / Temporizadores,SEM FOTO,FACON AF-2001-00 TIMER FREEZE VESTICAL BRASTEMP 12H 1P BVG22A/BVG22B FACON
289,056624,DISJUNTOR DIN MONO 1P 32A 3KA ENERBRAS,DT3-E1C32,ENERBRAS,78.0,Elétrica / Comandos,SEM FOTO,ENERBRAS DT3-E1C32 DISJUNTOR DIN MONO 1P 32A 3KA ENERBRAS
290,056889,BROCA HSS DE ACO RAPIDO 75 X 4 MM SP,IW1234,IRWIN,78.0,Ferramentas / Instrumentos,SEM FOTO,IRWIN IW1234 BROCA HSS DE ACO RAPIDO 75 X 4 MM SP
291,057337,ABR RSFM 9/16 X 7/8 9MM (14 X 22),7893537012027,INCA,78.0,Fixação e Acessórios,SEM FOTO,INCA 7893537012027 ABR RSFM 9/16 X 7/8 9MM (14 X 22)
292,054849,CONTROLADOR DIG TEMP P CHOCADEIRA Y39UHQR 100/240V COEL,Y39UHQR-----P---,COEL,77.0,Automação / Temporizadores,SEM FOTO,COEL Y39UHQR-----P--- CONTROLADOR DIG TEMP P CHOCADEIRA Y39UHQR 100/240V COEL
293,057401,ABR RSF 11/16 X 7/8 9MM (17 X 22),7893537000949,INCA,77.0,Fixação e Acessórios,SEM FOTO,INCA 7893537000949 ABR RSF 11/16 X 7/8 9MM (17 X 22)
294,058668,MANGUEIRA LED COBI IP67 110V 3528 BRACO FRIO VLX,VLX 0343,V L X,77.0,Iluminação,SEM FOTO,V L X VLX 0343 MANGUEIRA LED COBI IP67 110V 3528 BRACO FRIO VLX
295,060580,"DESCONTAMINANTE ECOTEC-PRO 840G UN 3267, CLASSE: 8, GE: II,",20240206,OBAGAS,77.0,Químicos / Solda e Limpeza,SEM FOTO,"OBAGAS 20240206 DESCONTAMINANTE ECOTEC-PRO 840G UN 3267, CLASSE: 8, GE: II,"
296,053813,TIMER GELADEI BRASTEM/CONSU 8H BRG39AB/BRG39AC/BRM39AB FACON,D-22372 / PF-2001-00,FACON,76.0,Automação / Temporizadores,SEM FOTO,FACON D-22372 / PF-2001-00 TIMER GELADEI BRASTEM/CONSU 8H BRG39AB/BRG39AC/BRM39AB FACON
297,058794,RETENTOR TANQUE LR ELECTROLUX ( COMPATIVEL ) MODELOS LTE07 L,M730,SAMATEC,76.0,Peças para Lavadora e Bebedouro,SEM FOTO,SAMATEC M730 RETENTOR TANQUE LR ELECTROLUX ( COMPATIVEL ) MODELOS LTE07 L
298,055686,ROLAMENTO 6206 2RS FACON,6206 2RS,FACON,75.0,Peças para Lavadora e Bebedouro,SEM FOTO,FACON 6206 2RS ROLAMENTO 6206 2RS FACON
299,056224,CAIXA DE EMBUTIR 4X4  SC ENERBRAS 092-E,092-E,ENERBRAS,75.0,Elétrica / Comandos,SEM FOTO,ENERBRAS 092-E CAIXA DE EMBUTIR 4X4 SC ENERBRAS 092-E
300,056515,COTOVELO INTERNO 90 GRAUS 40X15 ENERBRAS 362-E3,362-E3,ENERBRAS,75.0,Hidráulica,SEM FOTO,ENERBRAS 362-E3 COTOVELO INTERNO 90 GRAUS 40X15 ENERBRAS 362-E3
301,056844,BATERIA LITIO CR2016 ELGIN,82191,ELGIN,75.0,Eletrônicos / Informática,SEM FOTO,ELGIN 82191 BATERIA LITIO CR2016 ELGIN
302,057376,ABR RSF 5/16 X 1/2 9MM (8 X 13),7893537004398,INCA,75.0,Fixação e Acessórios,SEM FOTO,INCA 7893537004398 ABR RSF 5/16 X 1/2 9MM (8 X 13)
303,054307,"TUBO CAPILAR 0,031X3M LEAS",24-001,LEAS,74.0,Instalação de Ar-Condicionado,SEM FOTO,"LEAS 24-001 TUBO CAPILAR 0,031X3M LEAS"
304,057339,ABRACADEIRA ZIN TIP D 1/2,7893537017701,INCA,74.0,Fixação e Acessórios,SEM FOTO,INCA 7893537017701 ABRACADEIRA ZIN TIP D 1/2
305,060053,"FITA ISOLANTE DE AUTO FUSAO BORACHADA 10MX19MMX0,76MM DECORL",FI1105,DECORLUX,73.0,Instalação de Ar-Condicionado,SEM FOTO,"DECORLUX FI1105 FITA ISOLANTE DE AUTO FUSAO BORACHADA 10MX19MMX0,76MM DECORL"
306,059848,CHAVE ALAVANCA BIPOLAR ON/OFF 15A 250VAC CH-2052 DECORLUX,CH-2052,DECORLUX,72.0,Ferramentas / Instrumentos,SEM FOTO,DECORLUX CH-2052 CHAVE ALAVANCA BIPOLAR ON/OFF 15A 250VAC CH-2052 DECORLUX
307,053488,ENGATE RAPIDO AJUST DE ALTA VERMEL R134A REG PRESSAO FACON,QC-MH,FACON,71.0,Gases Refrigerantes,SEM FOTO,FACON QC-MH ENGATE RAPIDO AJUST DE ALTA VERMEL R134A REG PRESSAO FACON
308,054157,BATERIA 9V BT-9V-1B DATACEL,BT-9V-1B,DATACEL,71.0,Eletrônicos / Informática,SEM FOTO,DATACEL BT-9V-1B BATERIA 9V BT-9V-1B DATACEL
309,057358,ABRACADEIRA ZIN TIP U 3/8,7893537018135,INCA,71.0,Fixação e Acessórios,SEM FOTO,INCA 7893537018135 ABRACADEIRA ZIN TIP U 3/8
310,057544,FITA DE LED FLEXIVEL FW-5050-60RW 5 METROS IP65 AZUL V L X,365,V L X,71.0,Iluminação,SEM FOTO,V L X 365 FITA DE LED FLEXIVEL FW-5050-60RW 5 METROS IP65 AZUL V L X
311,053812,TIMER GELADEI ELECTR 8H /DF34/36/37/38A/38X/39/DFW FACO,TMDJ812ZB9 64484483,FACON,69.0,Automação / Temporizadores,SEM FOTO,FACON TMDJ812ZB9 64484483 TIMER GELADEI ELECTR 8H /DF34/36/37/38A/38X/39/DFW FACO
312,053990,MANGUEIRA PRA OXIGENIO VERMELHO METRO,378029100,AFA PLASTICOS,69.0,Instalação de Ar-Condicionado,SEM FOTO,AFA PLASTICOS 378029100 MANGUEIRA PRA OXIGENIO VERMELHO METRO
313,059482,PROTETOR TERMICO 4TM PTC 1/4 110V HULTER,100274542,HULTER,69.0,Refrigeração / Componentes,SEM FOTO,HULTER 100274542 PROTETOR TERMICO 4TM PTC 1/4 110V HULTER
314,060522,MICROVENTILADOR NUCLEO 1/40 BIV. 60HZ COMP. HELICE ALUMINIO,47343,NUCLEO DO FRIO,69.0,Refrigeração / Componentes,SEM FOTO,NUCLEO DO FRIO 47343 MICROVENTILADOR NUCLEO 1/40 BIV. 60HZ COMP. HELICE ALUMINIO
315,052545,SIFAO 5/8 FRIVEN,20003.1606.02,FRIVEN,68.0,Hidráulica,SEM FOTO,FRIVEN 20003.1606.02 SIFAO 5/8 FRIVEN
316,054122,TERMOSTATO BALCAO FRIGIRIFICO STANDART RC-13600-3,RC-13600-3,FACON,68.0,Refrigeração / Componentes,SEM FOTO,FACON RC-13600-3 TERMOSTATO BALCAO FRIGIRIFICO STANDART RC-13600-3
317,054308,"TUBO CAPILAR 0,036X3M LEAS",41000002,LEAS,68.0,Instalação de Ar-Condicionado,SEM FOTO,"LEAS 41000002 TUBO CAPILAR 0,036X3M LEAS"
318,058561,TUBEX AC BLINDADO PRETO/BRANCO - PLUS UV 3/4(18)X10MM 2M,FPIPPPR10034000,ARMACELL,68.0,Instalação de Ar-Condicionado,SEM FOTO,ARMACELL FPIPPPR10034000 TUBEX AC BLINDADO PRETO/BRANCO - PLUS UV 3/4(18)X10MM 2M
319,060419,GAS R600 LATA - FLUIDO REFRIGERANTE PRO32 - 400G OBAGAS,20220232,OBAGAS,68.0,Gases Refrigerantes,SEM FOTO,OBAGAS 20220232 GAS R600 LATA - FLUIDO REFRIGERANTE PRO32 - 400G OBAGAS
320,056310,PF RO TOT 1/4X1.1/2 SXTV ZINCADO JOMARCA,06716,JOMARCA,67.0,Fixação e Acessórios,SEM FOTO,JOMARCA 06716 PF RO TOT 1/4X1.1/2 SXTV ZINCADO JOMARCA
321,060298,PROTETOR TERMICO 4TM PTC 1/4 110V NUCLE DO FRIO,47031,NUCLEO DO FRIO,67.0,Refrigeração / Componentes,SEM FOTO,NUCLEO DO FRIO 47031 PROTETOR TERMICO 4TM PTC 1/4 110V NUCLE DO FRIO
322,053740,CURVA 90 SOLD 20MM,6086,KRONA,66.0,Hidráulica,SEM FOTO,KRONA 6086 CURVA 90 SOLD 20MM
323,057399,ABR RSF 7/8 X 1.1/4 9MM (22 X 32),7893537000925,INCA,66.0,Fixação e Acessórios,SEM FOTO,INCA 7893537000925 ABR RSF 7/8 X 1.1/4 9MM (22 X 32)
324,060330,MICRO MOTOR 1/25 BIV. 60HZ COMP. HELICE ALUMINIO NCL DO FRIO,47344,NUCLEO DO FRIO,66.0,Refrigeração / Componentes,SEM FOTO,NUCLEO DO FRIO 47344 MICRO MOTOR 1/25 BIV. 60HZ COMP. HELICE ALUMINIO NCL DO FRIO
325,060422,GAS R410 LATA - FLUIDO REFRIGERANTE PRO410 - 300G OBAGAS,202306213,OBAGAS,66.0,Gases Refrigerantes,SEM FOTO,OBAGAS 202306213 GAS R410 LATA - FLUIDO REFRIGERANTE PRO410 - 300G OBAGAS
326,052736,BATERIA LITHIUM BOT CR2016-1BT PANASONIC,CR2016-1BT,PANASSONIC,65.0,Eletrônicos / Informática,SEM FOTO,PANASSONIC CR2016-1BT BATERIA LITHIUM BOT CR2016-1BT PANASONIC
327,056516,LUVA 40X15 ENERBRAS 362-E4,362-E4,ENERBRAS,65.0,EPI / Segurança,SEM FOTO,ENERBRAS 362-E4 LUVA 40X15 ENERBRAS 362-E4
328,056891,BROCA HSS DE ACO RAPIDO 86 X 5 MM SP,IW1246,IRWIN,65.0,Ferramentas / Instrumentos,SEM FOTO,IRWIN IW1246 BROCA HSS DE ACO RAPIDO 86 X 5 MM SP
329,057707,CONECTOR PERFURANTE 120-240MM / 6-50MM,CPE-4,TRIAL,65.0,Elétrica / Comandos,SEM FOTO,TRIAL CPE-4 CONECTOR PERFURANTE 120-240MM / 6-50MM
330,059142,TUBEX AC BLINDADO PRETO/BRANCO - PLUS UV 1P (25)X10MM 2M,FPIPPPR10001000,ARMACELL,65.0,Instalação de Ar-Condicionado,SEM FOTO,ARMACELL FPIPPPR10001000 TUBEX AC BLINDADO PRETO/BRANCO - PLUS UV 1P (25)X10MM 2M
331,055253,CANALETA VAZADA 30X30 LUKMA,29002,LUKMA,64.0,Elétrica / Comandos,SEM FOTO,LUKMA 29002 CANALETA VAZADA 30X30 LUKMA
332,056041,FUSIVEL DE CERAMICA 10A PEQUENO 19.00.031,R054,FERTGEO OU LOUD,64.0,Elétrica / Comandos,SEM FOTO,FERTGEO OU LOUD R054 FUSIVEL DE CERAMICA 10A PEQUENO 19.00.031
333,059285,ESPUMA EXPANCIVA DE POLIURETANO 300ML 190G MUNDIAL PRIME - L,00859,MUNDIAL PRIME,64.0,Químicos / Solda e Limpeza,SEM FOTO,MUNDIAL PRIME 00859 ESPUMA EXPANCIVA DE POLIURETANO 300ML 190G MUNDIAL PRIME - L
334,060590,AIR FLUSH 500ML AR DA TERRA,PL00385,AR DA TERRA,64.0,Outros,SEM FOTO,AR DA TERRA PL00385 AIR FLUSH 500ML AR DA TERRA
335,054096,RELE EMBRACO SERIE R9 1/4HP 110V/60HZ FACON,R9 1/4HP,FACON,63.0,Refrigeração / Componentes,SEM FOTO,FACON R9 1/4HP RELE EMBRACO SERIE R9 1/4HP 110V/60HZ FACON
336,056392,FUSIVEL DE VIDRO PEQUENO 1AMP GREEN 045-0001,045-0001,GREEN,63.0,Elétrica / Comandos,SEM FOTO,GREEN 045-0001 FUSIVEL DE VIDRO PEQUENO 1AMP GREEN 045-0001
337,056525,LUVA COBRE 1 POL SOLDA HULTER,100220814,HULTER,63.0,EPI / Segurança,SEM FOTO,HULTER 100220814 LUVA COBRE 1 POL SOLDA HULTER
338,058556,TUBEX AC BLINDADO PRETO/BRANCO - PLUS UV 1.1/8(28)X10MM 2M,FPIPPPR10118000,ARMACELL,63.0,Instalação de Ar-Condicionado,SEM FOTO,ARMACELL FPIPPPR10118000 TUBEX AC BLINDADO PRETO/BRANCO - PLUS UV 1.1/8(28)X10MM 2M
339,059750,PORCA RED 3/8 X 1/4  HULTER,100225305,HULTER,63.0,Fixação e Acessórios,SEM FOTO,HULTER 100225305 PORCA RED 3/8 X 1/4 HULTER
340,060578,GAS R404 LATA -  FLUIDO REFRIGERANTE  PRO404 - 300G OBAGAS,20240204,OBAGAS,63.0,Gases Refrigerantes,SEM FOTO,OBAGAS 20240204 GAS R404 LATA - FLUIDO REFRIGERANTE PRO404 - 300G OBAGAS
341,052849,SIFAO 1.3/8 FRIVEN,20003.1606.06,FRIVEN,62.0,Hidráulica,SEM FOTO,FRIVEN 20003.1606.06 SIFAO 1.3/8 FRIVEN
342,054158,PILHA COMUM PALITO AAA DATACEL C/ 4 PCT,BT-AAA-4B,DATACEL,62.0,Eletrônicos / Informática,SEM FOTO,DATACEL BT-AAA-4B PILHA COMUM PALITO AAA DATACEL C/ 4 PCT
343,057377,ABR RSF 5/16 X 3/8 9MM (8 X 10),7893537000734,INCA,62.0,Fixação e Acessórios,SEM FOTO,INCA 7893537000734 ABR RSF 5/16 X 3/8 9MM (8 X 10)
344,057378,ABR RSF 3/8 X 1/2 9MM (10 X 13),7893537000741,INCA,62.0,Fixação e Acessórios,SEM FOTO,INCA 7893537000741 ABR RSF 3/8 X 1/2 9MM (10 X 13)
345,002173,LUVA COBRE 3/8 SOLDA FRIVEN,20003.1601.02,FRIVEN,61.0,EPI / Segurança,SEM FOTO,FRIVEN 20003.1601.02 LUVA COBRE 3/8 SOLDA FRIVEN
346,058032,TERMOSTATO UNIVERSAL BALCAO FRIGIRIFICO TB-26111,TB-26111,REP AMAZONAS,61.0,Refrigeração / Componentes,SEM FOTO,REP AMAZONAS TB-26111 TERMOSTATO UNIVERSAL BALCAO FRIGIRIFICO TB-26111
347,060566,ABRACADEIRA DE NYLON 3.6X300MM BRANCA SHALL,SH30036N,SHALL,60.0,Fixação e Acessórios,SEM FOTO,SHALL SH30036N ABRACADEIRA DE NYLON 3.6X300MM BRANCA SHALL
348,005024,"MANGUEIRA CRISTAL 5/8X1,5MM METRO",0150,PLASBOHN,59.5,Instalação de Ar-Condicionado,SEM FOTO,"PLASBOHN 0150 MANGUEIRA CRISTAL 5/8X1,5MM METRO"
349,053683,TERMOSTATO BALCAO FRIGIRIFICO STANDART RC-15000-2,RC-15000-2,FACON,59.0,Refrigeração / Componentes,SEM FOTO,FACON RC-15000-2 TERMOSTATO BALCAO FRIGIRIFICO STANDART RC-15000-2
350,058367,TOMADA MOVEL 2P 10A PRETO EMB GRANEL CONNECT,049-EP,ENERBRAS,59.0,Elétrica / Comandos,SEM FOTO,ENERBRAS 049-EP TOMADA MOVEL 2P 10A PRETO EMB GRANEL CONNECT
351,059244,DISJUNTOR DIN NXB BIPOLAR 2P C32A 3KA,846.0,CHINT,59.0,Elétrica / Comandos,SEM FOTO,CHINT 846.0 DISJUNTOR DIN NXB BIPOLAR 2P C32A 3KA
352,053989,MANGUEIRA PRA OXIGENIO VERDE METRO,378029000,AFA PLASTICOS,58.5,Instalação de Ar-Condicionado,SEM FOTO,AFA PLASTICOS 378029000 MANGUEIRA PRA OXIGENIO VERDE METRO
353,054070,FUSIVEL DE VIDRO PEQUENO 9AMP GREEN 045-0009,045-0009,GREEN,58.0,Elétrica / Comandos,SEM FOTO,GREEN 045-0009 FUSIVEL DE VIDRO PEQUENO 9AMP GREEN 045-0009
354,060352,"PROTETOR TERMICO PTC 1/5 127V IMP - 8,0A",47033,NUCLEO DO FRIO,58.0,Refrigeração / Componentes,SEM FOTO,"NUCLEO DO FRIO 47033 PROTETOR TERMICO PTC 1/5 127V IMP - 8,0A"
355,055978,SINALIZADOR LED 220V VERMELHO 22DS R - REF: AD22-22DSR,AD22-22DSR,CNC,57.0,Iluminação,SEM FOTO,CNC AD22-22DSR SINALIZADOR LED 220V VERMELHO 22DS R - REF: AD22-22DSR
356,057548,FITA DE LED 3528WW 120 LEDS 3000K BRANCO QUENTE 5MT SMD2835,187,ARCOSTAR,57.0,Iluminação,SEM FOTO,ARCOSTAR 187 FITA DE LED 3528WW 120 LEDS 3000K BRANCO QUENTE 5MT SMD2835
357,060309,FIOS DE SOLDA EM ESTANHO DT15-ODSN40 DISEL TOOLS,DT15-ODSN40,DIESEL TOOLS,57.0,Químicos / Solda e Limpeza,SEM FOTO,DIESEL TOOLS DT15-ODSN40 FIOS DE SOLDA EM ESTANHO DT15-ODSN40 DISEL TOOLS
358,054375,"TERMINAL CONECTOR DE EMENDA VERMELHO 0,5-1,5MM 19A",CE-1197,DECORLUX,56.0,Elétrica / Comandos,SEM FOTO,"DECORLUX CE-1197 TERMINAL CONECTOR DE EMENDA VERMELHO 0,5-1,5MM 19A"
359,055183,"CAPACITOR CBB60, 30UF +-5% X 380V SURYHA",80151.035,SURYHA,56.0,Capacitores,SEM FOTO,"SURYHA 80151.035 CAPACITOR CBB60, 30UF +-5% X 380V SURYHA"
360,056623,DISJUNTOR DIN MONO 1P 25A 3KA ENERBRAS,DT3-E1C25,ENERBRAS,56.0,Elétrica / Comandos,SEM FOTO,ENERBRAS DT3-E1C25 DISJUNTOR DIN MONO 1P 25A 3KA ENERBRAS
361,054309,"TUBO CAPILAR 0,042X3M LEAS",24-002,LEAS,55.0,Instalação de Ar-Condicionado,SEM FOTO,"LEAS 24-002 TUBO CAPILAR 0,042X3M LEAS"
362,056043,FUSIVEL DE CERAMICA 20A PEQUENO 19.00.033,R054,FERTGEO OU LOUD,55.0,Elétrica / Comandos,SEM FOTO,FERTGEO OU LOUD R054 FUSIVEL DE CERAMICA 20A PEQUENO 19.00.033
363,056067,FUSIVEL DE VIDRO PEQUENO 30AMP GREEN 045-0030,045-0030,GREEN,55.0,Elétrica / Comandos,SEM FOTO,GREEN 045-0030 FUSIVEL DE VIDRO PEQUENO 30AMP GREEN 045-0030
364,056888,BROCA HSS DE ACO RAPIDO 70 X 3.5 MM SP,IW1228,IRWIN,55.0,Ferramentas / Instrumentos,SEM FOTO,IRWIN IW1228 BROCA HSS DE ACO RAPIDO 70 X 3.5 MM SP
365,057626,FITA DE LED 120 LEDS 4000K 12V BR FRIO 5MT IP20 MOD 7112-30,7112-30,MAXBOM,55.0,Iluminação,SEM FOTO,MAXBOM 7112-30 FITA DE LED 120 LEDS 4000K 12V BR FRIO 5MT IP20 MOD 7112-30
366,058411,CURVA CO 90 LONGA 1 5/8 FRIVEN,20003.1602.09,FRIVEN,55.0,Instalação de Ar-Condicionado,SEM FOTO,FRIVEN 20003.1602.09 CURVA CO 90 LONGA 1 5/8 FRIVEN
367,058615,FILTRO 103MM CO C/SILICA C/CAPILAR 15G FRIVEN,20003.1720.30,FRIVEN,55.0,Refrigeração / Componentes,SEM FOTO,FRIVEN 20003.1720.30 FILTRO 103MM CO C/SILICA C/CAPILAR 15G FRIVEN
368,053526,TEE SOLD 32MM KRONA,6273,KRONA,54.0,Hidráulica,SEM FOTO,KRONA 6273 TEE SOLD 32MM KRONA
369,060577,GAS R290 LATA - FLUIDO REFRIGERANTE 300G OBAGAS,202306214,OBAGAS,54.0,Gases Refrigerantes,SEM FOTO,OBAGAS 202306214 GAS R290 LATA - FLUIDO REFRIGERANTE 300G OBAGAS
370,059808,"SOLDA ALUM X ALUM C FLUXO INTERNO TECH 47 FCR 1,90X480MM",ALUTECH47FCR,BRASIL SOLDAS METAL NOBRE,53.0,Químicos / Solda e Limpeza,SEM FOTO,"BRASIL SOLDAS METAL NOBRE ALUTECH47FCR SOLDA ALUM X ALUM C FLUXO INTERNO TECH 47 FCR 1,90X480MM"
371,055445,DISCO DIAMANTADO TURBO PARA ALVENARIA 110MM KAEF CORTAG,60942,CORTAG,52.0,Ferramentas / Instrumentos,SEM FOTO,CORTAG 60942 DISCO DIAMANTADO TURBO PARA ALVENARIA 110MM KAEF CORTAG
372,055605,"CAPACITOR CBB60, 35UF +-5% X 250V COM FIO WEG",M423,WEG,52.0,Capacitores,SEM FOTO,"WEG M423 CAPACITOR CBB60, 35UF +-5% X 250V COM FIO WEG"
373,057319,"TERMINAL GARFO PRE ISOLADO 4,0MM-6,0MM - AMAR REF: SV5.5-5",SV5.5-5,CNC,52.0,Elétrica / Comandos,SEM FOTO,"CNC SV5.5-5 TERMINAL GARFO PRE ISOLADO 4,0MM-6,0MM - AMAR REF: SV5.5-5"
374,059143,MOLDURA DE ACABAMENTO PARA TUBO 60-80MM JOINSUL,JC6080B,JOINSUL,52.0,Instalação de Ar-Condicionado,SEM FOTO,JOINSUL JC6080B MOLDURA DE ACABAMENTO PARA TUBO 60-80MM JOINSUL
375,060065,REFIL SMART-GAS 200G OBAGAS,60065,OBAGAS,52.0,Gases Refrigerantes,SEM FOTO,OBAGAS 60065 REFIL SMART-GAS 200G OBAGAS
376,060403,SENSOR DE DEGELO 10K PONTA DE COBRE UNIVERSAL PARA APARELHOS,0000000050,ESSEK,52.0,Refrigeração / Componentes,SEM FOTO,ESSEK 0000000050 SENSOR DE DEGELO 10K PONTA DE COBRE UNIVERSAL PARA APARELHOS
377,060570,TUBO SOLDAVEL 20MM 6M TRIAL,21628,TRIAL,52.0,Químicos / Solda e Limpeza,SEM FOTO,TRIAL 21628 TUBO SOLDAVEL 20MM 6M TRIAL
378,053340,CORREIA SINCRONIZADA LAVADORO (JASMIM),326064078,SAMATEC,51.0,Peças para Lavadora e Bebedouro,SEM FOTO,SAMATEC 326064078 CORREIA SINCRONIZADA LAVADORO (JASMIM)
379,054138,ESCARIADOR DE TUBO DE COBRE FACON,CT-208,FACON,51.0,Instalação de Ar-Condicionado,SEM FOTO,FACON CT-208 ESCARIADOR DE TUBO DE COBRE FACON
380,056808,CABO FLEX 6MM METRO VERMELHO 450/750V FLEXCABOS,00000000000370,FLEXCABOS,51.0,Elétrica / Comandos,SEM FOTO,FLEXCABOS 00000000000370 CABO FLEX 6MM METRO VERMELHO 450/750V FLEXCABOS
381,056196,INTERRUPTOR 2 T SIMPLES + TOMADA 20A C CX PADRAO 398-ESN/CP,398-ESN/CP,ENERBRAS,50.0,Elétrica / Comandos,SEM FOTO,ENERBRAS 398-ESN/CP INTERRUPTOR 2 T SIMPLES + TOMADA 20A C CX PADRAO 398-ESN/CP
382,056255,TERMINAL DE COMPRESSAO OLHAL 10MM,TC-10,TRIAL,50.0,Elétrica / Comandos,SEM FOTO,TRIAL TC-10 TERMINAL DE COMPRESSAO OLHAL 10MM
383,056489,ITERRUPTOR 1 TECLAS + TOMADA 20A ENERBRAS 399-ESN,399-ESN,ENERBRAS,50.0,Elétrica / Comandos,SEM FOTO,ENERBRAS 399-ESN ITERRUPTOR 1 TECLAS + TOMADA 20A ENERBRAS 399-ESN
384,056880,BROCA HSS DE ACO RAPIDO 117 X 8 MM SP,IW1282,IRWIN,50.0,Ferramentas / Instrumentos,SEM FOTO,IRWIN IW1282 BROCA HSS DE ACO RAPIDO 117 X 8 MM SP
385,057389,ABR RSF 2 X 2.1/2 9MM (51 X 64),7893537000802,INCA,50.0,Fixação e Acessórios,SEM FOTO,INCA 7893537000802 ABR RSF 2 X 2.1/2 9MM (51 X 64)
386,057411,BUCHA ZAMAC 1.1/4,7893537000055,INCA,50.0,Fixação e Acessórios,SEM FOTO,INCA 7893537000055 BUCHA ZAMAC 1.1/4
387,057412,BUCHA ZAMAC 1.1/2,7893537000062,INCA,50.0,Fixação e Acessórios,SEM FOTO,INCA 7893537000062 BUCHA ZAMAC 1.1/2
388,057413,BUCHA ZAMAC 2,7893537000079,INCA,50.0,Fixação e Acessórios,SEM FOTO,INCA 7893537000079 BUCHA ZAMAC 2
389,057423,ARRUELA ZAMAC 1.1/4,7893537000314,INCA,50.0,Fixação e Acessórios,SEM FOTO,INCA 7893537000314 ARRUELA ZAMAC 1.1/4
390,057424,ARRUELA ZAMAC 1.1/2,7893537000321,INCA,50.0,Fixação e Acessórios,SEM FOTO,INCA 7893537000321 ARRUELA ZAMAC 1.1/2
391,057425,ARRUELA ZAMAC 2,7893537000338,INCA,50.0,Fixação e Acessórios,SEM FOTO,INCA 7893537000338 ARRUELA ZAMAC 2
392,059755,MANGUEIRA AUTO 12MM NORMAL FRIVEN,20003.0605.60,FRIVEN,50.0,Instalação de Ar-Condicionado,SEM FOTO,FRIVEN 20003.0605.60 MANGUEIRA AUTO 12MM NORMAL FRIVEN
393,060050,MANGUEIRA PARA GAS 15CM TIPO VALVULA BOLA 1/4 600-3000 PSI H,HT3X15F,HULTER,50.0,Gases Refrigerantes,SEM FOTO,HULTER HT3X15F MANGUEIRA PARA GAS 15CM TIPO VALVULA BOLA 1/4 600-3000 PSI H
394,060082,LUVA CO REDUTORA 1.5/8X7/8,20003.1604.23,FRIVEN,50.0,EPI / Segurança,SEM FOTO,FRIVEN 20003.1604.23 LUVA CO REDUTORA 1.5/8X7/8
395,060086,LUVA CO REDUTORA 1.5/8X3/4,20003.1604.38,FRIVEN,50.0,EPI / Segurança,SEM FOTO,FRIVEN 20003.1604.38 LUVA CO REDUTORA 1.5/8X3/4
396,060537,JUNCAO UNIAO LOKRING DE ALUMINIO PARA TUBO 5/16 X 5/16,JNUN5/16,SPAZIO,50.0,Instalação de Ar-Condicionado,SEM FOTO,SPAZIO JNUN5/16 JUNCAO UNIAO LOKRING DE ALUMINIO PARA TUBO 5/16 X 5/16
397,054136,CAPACIMETRO DIGITAL CM7115A FACON,CM7115A,FACON,49.0,Ferramentas / Instrumentos,SEM FOTO,FACON CM7115A CAPACIMETRO DIGITAL CM7115A FACON
398,056042,FUSIVEL DE CERAMICA 15A PEQUENO 19.00.032,R054,FERTGEO OU LOUD,49.0,Elétrica / Comandos,SEM FOTO,FERTGEO OU LOUD R054 FUSIVEL DE CERAMICA 15A PEQUENO 19.00.032
399,056886,BROCA PARA COMCRETO 150 X 10 MM SP,IW910,IRWIN,49.0,Ferramentas / Instrumentos,SEM FOTO,IRWIN IW910 BROCA PARA COMCRETO 150 X 10 MM SP
400,057402,ABR RSF 3.1/4 X 3.3/4 9MM (83 X 95),7893537000956,INCA,49.0,Fixação e Acessórios,SEM FOTO,INCA 7893537000956 ABR RSF 3.1/4 X 3.3/4 9MM (83 X 95)
401,057403,ABR RSF 2.1/4 X 2.3/4 9MM (57 X 70),7893537000963,INCA,49.0,Fixação e Acessórios,SEM FOTO,INCA 7893537000963 ABR RSF 2.1/4 X 2.3/4 9MM (57 X 70)
402,057499,FONTE CHAVEADA  ESTABILIZADA KA-1506 12V 30A AC-DC 360WATTS,KA-1506,KAPBOM,49.0,Ferramentas / Instrumentos,SEM FOTO,KAPBOM KA-1506 FONTE CHAVEADA ESTABILIZADA KA-1506 12V 30A AC-DC 360WATTS
403,057524,"CURVA CO 90 LONGA 3/4  X 0,97MM  HULTER",100220775,HULTER,49.0,Instalação de Ar-Condicionado,SEM FOTO,"HULTER 100220775 CURVA CO 90 LONGA 3/4 X 0,97MM HULTER"
404,057945,"CABO PP 3X2,5MM METRO 300/500V PRETO FLEXCABOS",003080,FLEXCABOS,49.0,Elétrica / Comandos,SEM FOTO,"FLEXCABOS 003080 CABO PP 3X2,5MM METRO 300/500V PRETO FLEXCABOS"
405,058368,TOMADA MOVEL 2P 10A BRANCO EMB GRANEL CONNECT,049-EB,ENERBRAS,49.0,Elétrica / Comandos,SEM FOTO,ENERBRAS 049-EB TOMADA MOVEL 2P 10A BRANCO EMB GRANEL CONNECT
406,058766,OLEO SESIL GAS R22 SUPER FATOR 68 1L - (CAPELA),1002.9,SESIL,49.0,Gases Refrigerantes,SEM FOTO,SESIL 1002.9 OLEO SESIL GAS R22 SUPER FATOR 68 1L - (CAPELA)
407,058812,"CAPACITOR CBB60, 20UF +-5% X 250V COM TERMINAL WEG",M474,WEG,49.0,Capacitores,SEM FOTO,"WEG M474 CAPACITOR CBB60, 20UF +-5% X 250V COM TERMINAL WEG"
408,059804,BROCA PARA COMCRETO 150 X 12 MM SP,IW912,IRWIN,49.0,Ferramentas / Instrumentos,SEM FOTO,IRWIN IW912 BROCA PARA COMCRETO 150 X 12 MM SP
409,060081,LUVA CO REDUTORA 1.3/8X5/8,20003.1604.20,FRIVEN,49.0,EPI / Segurança,SEM FOTO,FRIVEN 20003.1604.20 LUVA CO REDUTORA 1.3/8X5/8
410,060090,FILTRO 127MM CO C/SILICA S/CAPILAR 3/4 E 1/4XS3/16 15G HULTE,HT3030-107P,HULTER,49.0,Refrigeração / Componentes,SEM FOTO,HULTER HT3030-107P FILTRO 127MM CO C/SILICA S/CAPILAR 3/4 E 1/4XS3/16 15G HULTE
411,060369,CURVA CO 90 LONGA 1P VIX,1016702,VIX,49.0,Instalação de Ar-Condicionado,SEM FOTO,VIX 1016702 CURVA CO 90 LONGA 1P VIX
412,060405,"PROTETOR MODELO CRT6 2,0HP 220V/60HZ 1.500W 18.000BTU PARA A",163/C62020,ESSEK,49.0,Refrigeração / Componentes,SEM FOTO,"ESSEK 163/C62020 PROTETOR MODELO CRT6 2,0HP 220V/60HZ 1.500W 18.000BTU PARA A"
413,059968,"CABO PP 5X1,5MM METRO 0,6/1KV PRETO FLEXCABOS",004735,FLEXCABOS,48.4,Elétrica / Comandos,SEM FOTO,"FLEXCABOS 004735 CABO PP 5X1,5MM METRO 0,6/1KV PRETO FLEXCABOS"
414,051932,LUVA COBRE 1/2 SOLDA FRIVEN,20003.1601.03,FRIVEN,48.0,EPI / Segurança,SEM FOTO,FRIVEN 20003.1601.03 LUVA COBRE 1/2 SOLDA FRIVEN
415,055346,SOLDA ZINCAFLUXO ALUMINIO/COBRE E ALIMINIO/ALUMINIO  HARRIS,14195,HARRIS,48.0,Químicos / Solda e Limpeza,SEM FOTO,HARRIS 14195 SOLDA ZINCAFLUXO ALUMINIO/COBRE E ALIMINIO/ALUMINIO HARRIS
416,056870,"SIFAO 1 X 1,11MM HULTER",100264239,HULTER,48.0,Hidráulica,SEM FOTO,"HULTER 100264239 SIFAO 1 X 1,11MM HULTER"
417,059801,BROCA HSS DE ACO RAPIDO 125 X 9 MM SP,IW1294,IRWIN,48.0,Ferramentas / Instrumentos,SEM FOTO,IRWIN IW1294 BROCA HSS DE ACO RAPIDO 125 X 9 MM SP
418,059925,LUVA COBRE 1.5/8 SOLDA VIX 106077,106077,VIX,48.0,EPI / Segurança,SEM FOTO,VIX 106077 LUVA COBRE 1.5/8 SOLDA VIX 106077
419,060659,PLUGUE ANGULAR 2P 10A/250V 6COR REF 57421/905,57421/905,TRAMONTINA,48.0,Elétrica / Comandos,SEM FOTO,TRAMONTINA 57421/905 PLUGUE ANGULAR 2P 10A/250V 6COR REF 57421/905
420,060660,PLUGUE FEMEA 2P 10A/250V 6CORES REF 57421/952,57421/952,TRAMONTINA,48.0,Elétrica / Comandos,SEM FOTO,TRAMONTINA 57421/952 PLUGUE FEMEA 2P 10A/250V 6CORES REF 57421/952
421,056894,BROCA HSS DE ACO RAPIDO 101 X 6.5 MM SP,IW1264,IRWIN,47.0,Ferramentas / Instrumentos,SEM FOTO,IRWIN IW1264 BROCA HSS DE ACO RAPIDO 101 X 6.5 MM SP
422,057400,ABR RSF 1.3/4 X 2.1/4 9MM (44 X 57),7893537000932,INCA,47.0,Fixação e Acessórios,SEM FOTO,INCA 7893537000932 ABR RSF 1.3/4 X 2.1/4 9MM (44 X 57)
423,057570,FITA DE LED 3528 240 LEDS 3000K 12V BRANCO QUENTE 5MT IP20,380,LECTRON,47.0,Iluminação,SEM FOTO,LECTRON 380 FITA DE LED 3528 240 LEDS 3000K 12V BRANCO QUENTE 5MT IP20
424,059803,BROCA HSS DE ACO RAPIDO 151 X 12 MM SP,IW1330,IRWIN,47.0,Ferramentas / Instrumentos,SEM FOTO,IRWIN IW1330 BROCA HSS DE ACO RAPIDO 151 X 12 MM SP
425,059844,"CONECTOR DE EMENDA 2,5MM-4,0MM 3P 16A 250VAC TIPO AC PTRETO",CE-2545,DECORLUX,47.0,Elétrica / Comandos,SEM FOTO,"DECORLUX CE-2545 CONECTOR DE EMENDA 2,5MM-4,0MM 3P 16A 250VAC TIPO AC PTRETO"
426,059874,OLEO SESIL ISO VG22 SESIL,ISO VG22,SESIL,47.0,Químicos / Solda e Limpeza,SEM FOTO,SESIL ISO VG22 OLEO SESIL ISO VG22 SESIL
427,056397,FUSIVEL DE VIDRO PEQUENO 20AMP GREEN 045-0020,045-0020,GREEN,46.0,Elétrica / Comandos,SEM FOTO,GREEN 045-0020 FUSIVEL DE VIDRO PEQUENO 20AMP GREEN 045-0020
428,057820,OLEO SESIL SUPER 32 VG32 GAS R134 P LINHA AUTOMOTIVA,SUPER 32 VG32,SESIL,46.0,Gases Refrigerantes,SEM FOTO,SESIL SUPER 32 VG32 OLEO SESIL SUPER 32 VG32 GAS R134 P LINHA AUTOMOTIVA
429,059232,PROTETOR RAIO LAVADORA 10A 127V,213,PW,46.0,Peças para Lavadora e Bebedouro,SEM FOTO,PW 213 PROTETOR RAIO LAVADORA 10A 127V
430,060084,LUVA CO REDUTORA 1X7/8,20003.1604.36,FRIVEN,46.0,EPI / Segurança,SEM FOTO,FRIVEN 20003.1604.36 LUVA CO REDUTORA 1X7/8
431,056860,"TUBO DE COBRE FLEX 5/8=15,87MM X 1/32=0,79MM BOB/PAN LR",T1330667,MULTIMARCAS,45.198,Instalação de Ar-Condicionado,SEM FOTO,"MULTIMARCAS T1330667 TUBO DE COBRE FLEX 5/8=15,87MM X 1/32=0,79MM BOB/PAN LR"
432,057390,ABR RSF 2.1/2 X 3 9MM (64 X 76),7893537000819,INCA,45.0,Fixação e Acessórios,SEM FOTO,INCA 7893537000819 ABR RSF 2.1/2 X 3 9MM (64 X 76)
433,059873,OLEO SESIL ISO VG10 SESIL,ISO VG10,SESIL,45.0,Químicos / Solda e Limpeza,SEM FOTO,SESIL ISO VG10 OLEO SESIL ISO VG10 SESIL
434,060296,MOTOR COND ELET MIDEA AC 12 A 30 220V 60HZ YDK65-6D 25906088,47599,NUCLEO DO FRIO,45.0,Refrigeração / Componentes,SEM FOTO,NUCLEO DO FRIO 47599 MOTOR COND ELET MIDEA AC 12 A 30 220V 60HZ YDK65-6D 25906088
435,052299,ENTRADA PAREDE BRANCA HELACLIMA EPAC3030,EPAC3030,HELLERMANNTYTON,44.0,Elétrica / Comandos,SEM FOTO,HELLERMANNTYTON EPAC3030 ENTRADA PAREDE BRANCA HELACLIMA EPAC3030
436,053161,ESCALA FLANGEADORA (ALARGADOR) 1/4-5/16-3/8-1/2-5/8 FACON,CT-95,FACON,44.0,Ferramentas / Instrumentos,SEM FOTO,FACON CT-95 ESCALA FLANGEADORA (ALARGADOR) 1/4-5/16-3/8-1/2-5/8 FACON
437,054531,BUCHA U-BO N 2 DRYWALL USAF C/ 500 UN,00100,USAF,44.0,Fixação e Acessórios,SEM FOTO,USAF 00100 BUCHA U-BO N 2 DRYWALL USAF C/ 500 UN
438,056002,DISJUNTOR DIN TRIPOLAR 3P C16A 3KA - C REF: 185470,185470,CHINT,44.0,Elétrica / Comandos,SEM FOTO,CHINT 185470 DISJUNTOR DIN TRIPOLAR 3P C16A 3KA - C REF: 185470
439,056517,"CAPACITOR DUPLO CBB65, 17.5UF + 2.5UF X 440VAC EOS",D140937,EOS,44.0,Capacitores,SEM FOTO,"EOS D140937 CAPACITOR DUPLO CBB65, 17.5UF + 2.5UF X 440VAC EOS"
440,059922,CURVA CO 45 CURTA 7/8 X 1/32 VIX 106046,106046,VIX,44.0,Instalação de Ar-Condicionado,SEM FOTO,VIX 106046 CURVA CO 45 CURTA 7/8 X 1/32 VIX 106046
441,059965,GAS GP CLEAR 100 - LATA 600G SUBSTITUDO DO 141B,8313,GP CLEAR,44.0,Gases Refrigerantes,SEM FOTO,GP CLEAR 8313 GAS GP CLEAR 100 - LATA 600G SUBSTITUDO DO 141B
442,060588,LIMPA AR CONDICIONADO AR DA TERRA GRANADA - CITRUS,PL00501,AR DA TERRA,44.0,Químicos / Solda e Limpeza,SEM FOTO,AR DA TERRA PL00501 LIMPA AR CONDICIONADO AR DA TERRA GRANADA - CITRUS
443,053941,VALVULA DE FACHAMENTO TUBO 1/4 BRANCA OC (REGISTRO) CN011,CN011,PLANETA AGUA,43.0,Instalação de Ar-Condicionado,SEM FOTO,PLANETA AGUA CN011 VALVULA DE FACHAMENTO TUBO 1/4 BRANCA OC (REGISTRO) CN011
444,055252,CANALETA VAZADA 20X20 LUKMA,29001,LUKMA,43.0,Elétrica / Comandos,SEM FOTO,LUKMA 29001 CANALETA VAZADA 20X20 LUKMA
445,055351,FILTRO CO A/C 1EX1S 70MM (AC 3/4 1E-1/4 X 1S-CAP),5101020,LEAS,43.0,Refrigeração / Componentes,SEM FOTO,LEAS 5101020 FILTRO CO A/C 1EX1S 70MM (AC 3/4 1E-1/4 X 1S-CAP)
446,056492,TOMADA 10A BRANCA ENERBRAS 310-EN,310-EN,ENERBRAS,43.0,Elétrica / Comandos,SEM FOTO,ENERBRAS 310-EN TOMADA 10A BRANCA ENERBRAS 310-EN
447,056633,DISJUNTOR DIN BIF 2P 40A 3KA ENERBRAS,DT3-E2C40,ENERBRAS,43.0,Elétrica / Comandos,SEM FOTO,ENERBRAS DT3-E2C40 DISJUNTOR DIN BIF 2P 40A 3KA ENERBRAS
448,056890,BROCA HSS DE ACO RAPIDO 80 X 4.5 MM SP,IW1240,IRWIN,43.0,Ferramentas / Instrumentos,SEM FOTO,IRWIN IW1240 BROCA HSS DE ACO RAPIDO 80 X 4.5 MM SP
449,057374,ABRACADEIRA ZIN TIP U 4,7893537018234,INCA,43.0,Fixação e Acessórios,SEM FOTO,INCA 7893537018234 ABRACADEIRA ZIN TIP U 4
450,057817,OLEO SESIL GAS R22 SUPER FATOR 160P VG32 1L,SUPER FATOR 160P,SESIL,43.0,Gases Refrigerantes,SEM FOTO,SESIL SUPER FATOR 160P OLEO SESIL GAS R22 SUPER FATOR 160P VG32 1L
451,059976,"CAPACITOR DUPLO CBB65, 40UF+5 MDF X 440VAC C METAL HULTER",HT5CD40/5TA440VP,HULTER,43.0,Capacitores,SEM FOTO,"HULTER HT5CD40/5TA440VP CAPACITOR DUPLO CBB65, 40UF+5 MDF X 440VAC C METAL HULTER"
452,060338,GAS R22 LATA 950G HCFC 3102 VIX,1016891,VIX,43.0,Gases Refrigerantes,SEM FOTO,VIX 1016891 GAS R22 LATA 950G HCFC 3102 VIX
453,060563,PILHA COMUM PEQUENA BT AA-4B DATACEL C/ 4 PCT,BT-AA-4B,DATACEL,43.0,Eletrônicos / Informática,SEM FOTO,DATACEL BT-AA-4B PILHA COMUM PEQUENA BT AA-4B DATACEL C/ 4 PCT
454,052708,RETENTOR DO TANQ ELECTR LTE12/LTD11/LTR10 SAMATEC 65477810,B62477810,SAMATEC,42.0,Peças para Lavadora e Bebedouro,SEM FOTO,SAMATEC B62477810 RETENTOR DO TANQ ELECTR LTE12/LTD11/LTR10 SAMATEC 65477810
455,053172,MANIFOLD DE BAIXA SIMPLES PARA GAS R22 FACON,CT-466GF/L,FACON,42.0,Gases Refrigerantes,SEM FOTO,FACON CT-466GF/L MANIFOLD DE BAIXA SIMPLES PARA GAS R22 FACON
456,056620,DISJUNTOR DIN MONO 1P 16A 3KA ENERBRAS,DT3-E1C16,ENERBRAS,42.0,Elétrica / Comandos,SEM FOTO,ENERBRAS DT3-E1C16 DISJUNTOR DIN MONO 1P 16A 3KA ENERBRAS
457,056637,DISJUNTOR DIN TRIF 3P 10A 3KA ENERBRAS,DT3-E3C10,ENERBRAS,42.0,Elétrica / Comandos,SEM FOTO,ENERBRAS DT3-E3C10 DISJUNTOR DIN TRIF 3P 10A 3KA ENERBRAS
458,056887,BROCA HSS DE ACO RAPIDO 61 X 3 MM SP,IW1222,IRWIN,42.0,Ferramentas / Instrumentos,SEM FOTO,IRWIN IW1222 BROCA HSS DE ACO RAPIDO 61 X 3 MM SP
459,057697,LUVA TATEX PRETA O PAR,02.11.2.3,KALIPSO,42.0,EPI / Segurança,SEM FOTO,KALIPSO 02.11.2.3 LUVA TATEX PRETA O PAR
460,059234,PROTE RAIO LAVADORA 20A 127V,215,PW,42.0,Peças para Lavadora e Bebedouro,SEM FOTO,PW 215 PROTE RAIO LAVADORA 20A 127V
461,059449,MICRO MOTOR VIX 1/25 BIVOLT 10W,13068,VIX,42.0,Refrigeração / Componentes,SEM FOTO,VIX 13068 MICRO MOTOR VIX 1/25 BIVOLT 10W
462,059862,CONECTOR GENERICO LATERAL 25MM 80A 415V CG1253 DECORLUX,CG-1253,DECORLUX,42.0,Elétrica / Comandos,SEM FOTO,DECORLUX CG-1253 CONECTOR GENERICO LATERAL 25MM 80A 415V CG1253 DECORLUX
463,057224,"TUBO DE COBRE FLEX 1/4=6,35MM X 1/32=0,79MM BOB/PAN LR",3.01.01.001,MULTIMARCAS,41.935,Instalação de Ar-Condicionado,SEM FOTO,"MULTIMARCAS 3.01.01.001 TUBO DE COBRE FLEX 1/4=6,35MM X 1/32=0,79MM BOB/PAN LR"
464,057613,FITA DE LED 2815 IP67 60LED RGB,462,LECTRON,41.0,Iluminação,SEM FOTO,LECTRON 462 FITA DE LED 2815 IP67 60LED RGB
465,001051,CONTATOR ELETROMAGNETICO 220V TRIF 32A DECORLUX,CO-3210M7,DECORLUX,40.0,Elétrica / Comandos,SEM FOTO,DECORLUX CO-3210M7 CONTATOR ELETROMAGNETICO 220V TRIF 32A DECORLUX
466,054069,FUSIVEL DE VIDRO PEQUENO 15AMP CHIP SCE OU KOKAY 15.0A5X20,GMA15.0AX20MM,CHIP SCE OU KOKAY,40.0,Elétrica / Comandos,SEM FOTO,CHIP SCE OU KOKAY GMA15.0AX20MM FUSIVEL DE VIDRO PEQUENO 15AMP CHIP SCE OU KOKAY 15.0A5X20
467,055981,SINALIZADOR LED 220V VERDE 22DS G - CN REF: AD22-22DSG,AD22-22DSG,CNC,40.0,Iluminação,SEM FOTO,CNC AD22-22DSG SINALIZADOR LED 220V VERDE 22DS G - CN REF: AD22-22DSG
468,056592,TERMINAL DE COMPRESSAO OLHAL 16MM,TC-16,TRIAL,40.0,Elétrica / Comandos,SEM FOTO,TRIAL TC-16 TERMINAL DE COMPRESSAO OLHAL 16MM
469,056626,DISJUNTOR DIN MONO 1P 50A 3KA ENERBRAS,DT3-E1C50,ENERBRAS,40.0,Elétrica / Comandos,SEM FOTO,ENERBRAS DT3-E1C50 DISJUNTOR DIN MONO 1P 50A 3KA ENERBRAS
470,057333,ABR RSFM 1/2 X 3/4 9MM (13 X 19),7893537012058,INCA,40.0,Fixação e Acessórios,SEM FOTO,INCA 7893537012058 ABR RSFM 1/2 X 3/4 9MM (13 X 19)
471,058089,CONTATOR PARA AR COND YCK 2P 30A - CNC,YCK-30/2,CNC,40.0,Elétrica / Comandos,SEM FOTO,CNC YCK-30/2 CONTATOR PARA AR COND YCK 2P 30A - CNC
472,060080,LUVA CO REDUTORA 1.1/8X3/4,20003.1604.15,FRIVEN,40.0,EPI / Segurança,SEM FOTO,FRIVEN 20003.1604.15 LUVA CO REDUTORA 1.1/8X3/4
473,060085,LUVA CO REDUTORA 1.1/8X1,20003.1604.37,FRIVEN,40.0,EPI / Segurança,SEM FOTO,FRIVEN 20003.1604.37 LUVA CO REDUTORA 1.1/8X1
474,060327,"CABO FORCA AR COND 3 X 2,5MM X 1,5MTS BCO 20A",47009,NUCLEO DO FRIO,40.0,Elétrica / Comandos,SEM FOTO,"NUCLEO DO FRIO 47009 CABO FORCA AR COND 3 X 2,5MM X 1,5MTS BCO 20A"
475,060376,GAS R290 LATA 370G VIX,1027592,VIX,40.0,Gases Refrigerantes,SEM FOTO,VIX 1027592 GAS R290 LATA 370G VIX
476,060591,AIR FLUSH 900 ML AR DA TERRA,PL00384,AR DA TERRA,40.0,Outros,SEM FOTO,AR DA TERRA PL00384 AIR FLUSH 900 ML AR DA TERRA
477,057225,"TUBO DE COBRE FLEX 1/2=12,7MM X 1/32=0,79MM BOB/PAN LR",3.01.04.001,MULTIMARCAS,39.056,Instalação de Ar-Condicionado,SEM FOTO,"MULTIMARCAS 3.01.04.001 TUBO DE COBRE FLEX 1/2=12,7MM X 1/32=0,79MM BOB/PAN LR"
478,052271,ROLAMENTO 6006 2RS CONSUL CWI EOS,M21681,EOS,39.0,Peças para Lavadora e Bebedouro,SEM FOTO,EOS M21681 ROLAMENTO 6006 2RS CONSUL CWI EOS
479,052724,LUVA COBRE 1.3/8 SOLDA FRIVEN,20003.1601.08,FRIVEN,39.0,EPI / Segurança,SEM FOTO,FRIVEN 20003.1601.08 LUVA COBRE 1.3/8 SOLDA FRIVEN
480,059395,CONTATOR G NXC-40 220V 50/60HZ - CHINT,925923,CHINT,39.0,Elétrica / Comandos,SEM FOTO,CHINT 925923 CONTATOR G NXC-40 220V 50/60HZ - CHINT
481,060589,LIMPA AR CONDICIONADO AR DA TERRA GRANADA - LAVANDA,PL00502,AR DA TERRA,39.0,Químicos / Solda e Limpeza,SEM FOTO,AR DA TERRA PL00502 LIMPA AR CONDICIONADO AR DA TERRA GRANADA - LAVANDA
482,060606,ROLAMENTO 6201 EIXO 1/2 2RS EOS  6201 2RS EOS 1/2 12.7,M29237,EOS,39.0,Peças para Lavadora e Bebedouro,SEM FOTO,EOS M29237 ROLAMENTO 6201 EIXO 1/2 2RS EOS 6201 2RS EOS 1/2 12.7
483,053817,MANOMETRO DE ALTA PARA GAS R410 VERMELHO FACON,800-GF,FACON,38.0,Gases Refrigerantes,SEM FOTO,FACON 800-GF MANOMETRO DE ALTA PARA GAS R410 VERMELHO FACON
484,056050,FUSIVEL DE CERAMICA P FORNO 25 AMP GRANDE GREEN 045-8825,045-8825,GREEN,38.0,Elétrica / Comandos,SEM FOTO,GREEN 045-8825 FUSIVEL DE CERAMICA P FORNO 25 AMP GRANDE GREEN 045-8825
485,056514,COTOVELO EXTERNO 90 GRAUS 40X15 ENERBRAS 362-E2,362-E2,ENERBRAS,38.0,Hidráulica,SEM FOTO,ENERBRAS 362-E2 COTOVELO EXTERNO 90 GRAUS 40X15 ENERBRAS 362-E2
486,056597,TERMINAL DE COMPRESSAO OLHAL 95MM,TC-95,TRIAL,38.0,Elétrica / Comandos,SEM FOTO,TRIAL TC-95 TERMINAL DE COMPRESSAO OLHAL 95MM
487,057373,ABRACADEIRA ZIN TIP U 3.1/2,7893537018227,INCA,38.0,Fixação e Acessórios,SEM FOTO,INCA 7893537018227 ABRACADEIRA ZIN TIP U 3.1/2
488,058558,TUBEX AC BLINDADO PRETO/BRANCO  POLIPEX PLUS UV PTO 1.5/8(42,FPIPPPR10158000,ARMACELL,38.0,Instalação de Ar-Condicionado,SEM FOTO,ARMACELL FPIPPPR10158000 TUBEX AC BLINDADO PRETO/BRANCO POLIPEX PLUS UV PTO 1.5/8(42
489,060663,PLUGUE MACHO 2P+T 20A/250V PT/BR REF 57412/912,57412/912,TRAMONTINA,38.0,Elétrica / Comandos,SEM FOTO,TRAMONTINA 57412/912 PLUGUE MACHO 2P+T 20A/250V PT/BR REF 57412/912
490,052298,CURVA PLANA BRANCA HELACLIMA CPAC3030,CPAC3030,HELLERMANNTYTON,37.0,Instalação de Ar-Condicionado,SEM FOTO,HELLERMANNTYTON CPAC3030 CURVA PLANA BRANCA HELACLIMA CPAC3030
491,053620,CAIXA STOP COM TOMADA 2P+T 20A EMBUTIR ABNT ROMAZI,3120,ROMAZI,37.0,Elétrica / Comandos,SEM FOTO,ROMAZI 3120 CAIXA STOP COM TOMADA 2P+T 20A EMBUTIR ABNT ROMAZI
492,056175,CANALETA 20X10X2000 BRANCA SEM FITA DUPLA FACE 361/2-E ENERB,361/2-E,ENERBRAS,37.0,Elétrica / Comandos,SEM FOTO,ENERBRAS 361/2-E CANALETA 20X10X2000 BRANCA SEM FITA DUPLA FACE 361/2-E ENERB
493,056303,FILTRO SEC 3/8X350 ROSCA DML 163FS C ORING 023Z0245 DANFOS,023Z0245,DANFOS,37.0,Refrigeração / Componentes,SEM FOTO,DANFOS 023Z0245 FILTRO SEC 3/8X350 ROSCA DML 163FS C ORING 023Z0245 DANFOS
494,056601,LUVA DE PONTA 20X10 LINHA E ENERBRAS 360-E5,360-E5,ENERBRAS,37.0,EPI / Segurança,SEM FOTO,ENERBRAS 360-E5 LUVA DE PONTA 20X10 LINHA E ENERBRAS 360-E5
495,056639,DISJUNTOR DIN TRIF 3P 20A 3KA ENERBRAS,DT3-E3C20,ENERBRAS,37.0,Elétrica / Comandos,SEM FOTO,ENERBRAS DT3-E3C20 DISJUNTOR DIN TRIF 3P 20A 3KA ENERBRAS
496,056875,UNIAO LT REG 5/8 USINADA HULTER,90,HULTER,37.0,Instalação de Ar-Condicionado,SEM FOTO,HULTER 90 UNIAO LT REG 5/8 USINADA HULTER
497,057819,OLEO SESIL SINTETICO 32 GAS R134/R600 VG32,32 VG32,SESIL,37.0,Gases Refrigerantes,SEM FOTO,SESIL 32 VG32 OLEO SESIL SINTETICO 32 GAS R134/R600 VG32
498,060401,"UNIAO FLANGEADA DE LATAO 3/4""",80170.030,SURYHA,37.0,Instalação de Ar-Condicionado,SEM FOTO,"SURYHA 80170.030 UNIAO FLANGEADA DE LATAO 3/4"""
499,053877,FILTRO AC PEQ SPRINGER PISO TETO SPACE 18 A 80 BTUS,A029,DE PLASTIC,36.0,Refrigeração / Componentes,SEM FOTO,DE PLASTIC A029 FILTRO AC PEQ SPRINGER PISO TETO SPACE 18 A 80 BTUS
500,056214,CONJ TOMADA 2P+T 10A ENERBRAS 1810-EN,1810-EN,ENERBRAS,36.0,Elétrica / Comandos,SEM FOTO,ENERBRAS 1810-EN CONJ TOMADA 2P+T 10A ENERBRAS 1810-EN
501,056638,DISJUNTOR DIN TRIF 3P 16A 3KA ENERBRAS,DT3-E3C16,ENERBRAS,36.0,Elétrica / Comandos,SEM FOTO,ENERBRAS DT3-E3C16 DISJUNTOR DIN TRIF 3P 16A 3KA ENERBRAS
502,057821,OLEO SESIL BOMBA DE VACUO VG46,VG46,SESIL,36.0,Químicos / Solda e Limpeza,SEM FOTO,SESIL VG46 OLEO SESIL BOMBA DE VACUO VG46
503,060558,SALVA TANQUE BRANCO LAVADORA BRASTEMP E CONSUL,STBCN,SPAZIO,36.0,Peças para Lavadora e Bebedouro,SEM FOTO,SPAZIO STBCN SALVA TANQUE BRANCO LAVADORA BRASTEMP E CONSUL
504,059393,"TUBO DE COBRE FLEX 3/4=19,05MM X 1/32=0,79MM BOB/PAN LR",T1330668,MULTIMARCAS,35.823,Instalação de Ar-Condicionado,SEM FOTO,"MULTIMARCAS T1330668 TUBO DE COBRE FLEX 3/4=19,05MM X 1/32=0,79MM BOB/PAN LR"
505,052716,RETENTOR INFERIOR DO CAMBIO ELECTROLUX TOP-8 SAMATEC,B917473,SAMATEC,35.0,Peças para Lavadora e Bebedouro,SEM FOTO,SAMATEC B917473 RETENTOR INFERIOR DO CAMBIO ELECTROLUX TOP-8 SAMATEC
506,054717,PARAFUSO DO AGITADOR ELECTROLUX M6X28 41020530,61000163,ELECTROLUX,35.0,Fixação e Acessórios,SEM FOTO,ELECTROLUX 61000163 PARAFUSO DO AGITADOR ELECTROLUX M6X28 41020530
507,055063,PROTETOR DE EQUIP ELETR CONTRA SURTO DE TENSAO PEE-4K5,18475,MARGIRIUS,35.0,Refrigeração / Componentes,SEM FOTO,MARGIRIUS 18475 PROTETOR DE EQUIP ELETR CONTRA SURTO DE TENSAO PEE-4K5
508,056821,LAMPADA ELETRONICA ESPIRAL 15W 127V 6400K E27 ELGIN,48LES15WB003,ELGIN,35.0,Iluminação,SEM FOTO,ELGIN 48LES15WB003 LAMPADA ELETRONICA ESPIRAL 15W 127V 6400K E27 ELGIN
509,057388,ABR RSF 1.1/2 X 2 9MM (38 X 51),7893537000796,INCA,35.0,Fixação e Acessórios,SEM FOTO,INCA 7893537000796 ABR RSF 1.1/2 X 2 9MM (38 X 51)
510,058797,RETENTOR TUBO LR BRASTEMP MONDIAL ( COMPATIVEL ),M732,SAMATEC,35.0,Peças para Lavadora e Bebedouro,SEM FOTO,SAMATEC M732 RETENTOR TUBO LR BRASTEMP MONDIAL ( COMPATIVEL )
511,058877,CHAVE INGLESA AJUSTAVEL 12 A.C,99BR.044.000,UNIFORT,35.0,Ferramentas / Instrumentos,SEM FOTO,UNIFORT 99BR.044.000 CHAVE INGLESA AJUSTAVEL 12 A.C
512,054121,TERMOSTATO FREEZER METALFRIO/FRICON RFR-4000-4,RFR-4000-4,FACON,34.0,Refrigeração / Componentes,SEM FOTO,FACON RFR-4000-4 TERMOSTATO FREEZER METALFRIO/FRICON RFR-4000-4
513,055114,GAS R134A LATA 750G UN NO 3159 CAS 811-97-2 FRIVEN,20003.0100.15,FRIVEN,34.0,Gases Refrigerantes,SEM FOTO,FRIVEN 20003.0100.15 GAS R134A LATA 750G UN NO 3159 CAS 811-97-2 FRIVEN
514,055181,TERMOMETRO INFRAVERMELHO GM 320,GM 320,FRIVEN,34.0,Ferramentas / Instrumentos,SEM FOTO,FRIVEN GM 320 TERMOMETRO INFRAVERMELHO GM 320
515,056622,DISJUNTOR DIN MONO 1P 20A 3KA ENERBRAS,DT3-E1C20,ENERBRAS,34.0,Elétrica / Comandos,SEM FOTO,ENERBRAS DT3-E1C20 DISJUNTOR DIN MONO 1P 20A 3KA ENERBRAS
516,057856,LAMPADA PIN G9 LED SMD 3W 7200K 127V 360 LUMENS,LLG9S703Z,LUMANTI,34.0,Iluminação,SEM FOTO,LUMANTI LLG9S703Z LAMPADA PIN G9 LED SMD 3W 7200K 127V 360 LUMENS
517,058379,TOMADA MOVEL 2P 20A 90 PRETO EMB GRANEL CONNECT,088-EP,ENERBRAS,34.0,Elétrica / Comandos,SEM FOTO,ENERBRAS 088-EP TOMADA MOVEL 2P 20A 90 PRETO EMB GRANEL CONNECT
518,058860,"GAS GP CLEAR 100 - LATA 1,3 KG SUBSTITUDO DO 141B",7695,GP CLEAR,34.0,Gases Refrigerantes,SEM FOTO,"GP CLEAR 7695 GAS GP CLEAR 100 - LATA 1,3 KG SUBSTITUDO DO 141B"
519,059621,FLUXO PRATA 100G - PRATA W 100,PRATA W 100,OXIGEN,34.0,Químicos / Solda e Limpeza,SEM FOTO,OXIGEN PRATA W 100 FLUXO PRATA 100G - PRATA W 100
520,060586,REFRICLEAN 500ML AR DA TERRA,PL00372,AR DA TERRA,34.0,Químicos / Solda e Limpeza,SEM FOTO,AR DA TERRA PL00372 REFRICLEAN 500ML AR DA TERRA
521,057127,SPOT LED AUXILIAR 03W 6500K QUADRADO TRIAL,662,TRIAL,33.0,Iluminação,SEM FOTO,TRIAL 662 SPOT LED AUXILIAR 03W 6500K QUADRADO TRIAL
522,058767,OLEO SESIL SUPER FATOR B5.2 P GAS R22 BITZER 1LT,B5.2,SESIL,33.0,Gases Refrigerantes,SEM FOTO,SESIL B5.2 OLEO SESIL SUPER FATOR B5.2 P GAS R22 BITZER 1LT
523,060478,SUPORTE SPLIT 400MM 5 A 12000BTUS REFORCADO - F M C METAL,00020,F M C METAL,33.0,Instalação de Ar-Condicionado,SEM FOTO,F M C METAL 00020 SUPORTE SPLIT 400MM 5 A 12000BTUS REFORCADO - F M C METAL
524,052715,RETENTOR INFERIOR DO CAMBIO ELECTROLUX LM06/08 SAMATEC,B917472,SAMATEC,32.0,Peças para Lavadora e Bebedouro,SEM FOTO,SAMATEC B917472 RETENTOR INFERIOR DO CAMBIO ELECTROLUX LM06/08 SAMATEC
525,055195,KIT FLANGEADOR 1/8 ATE 3/4 COM MALETA MOD CT-275 FACON,CT-275,FACON,32.0,Ferramentas / Instrumentos,SEM FOTO,FACON CT-275 KIT FLANGEADOR 1/8 ATE 3/4 COM MALETA MOD CT-275 FACON
526,056823,LAMPADA ELETRONICA ESPIRAL 20W 127V 6400K E27 ELGIN,48LES20WB003,ELGIN,32.0,Iluminação,SEM FOTO,ELGIN 48LES20WB003 LAMPADA ELETRONICA ESPIRAL 20W 127V 6400K E27 ELGIN
527,056892,BROCA HSS DE ACO RAPIDO 93 X 5.5 MM SP,IW1252,IRWIN,32.0,Ferramentas / Instrumentos,SEM FOTO,IRWIN IW1252 BROCA HSS DE ACO RAPIDO 93 X 5.5 MM SP
528,059817,FILTRO 90MM CO C/SILICA C/CAPILAR 3/16 X 1/4 EOS,D1877,EOS,32.0,Refrigeração / Componentes,SEM FOTO,EOS D1877 FILTRO 90MM CO C/SILICA C/CAPILAR 3/16 X 1/4 EOS
529,060462,BROCA SDS PLUS 160 X 08.00 MM,IW13094,IRWIN,32.0,Ferramentas / Instrumentos,SEM FOTO,IRWIN IW13094 BROCA SDS PLUS 160 X 08.00 MM
530,060587,REFRICLEAN 5L AR DA TERRA,PL00374,AR DA TERRA,32.0,Químicos / Solda e Limpeza,SEM FOTO,AR DA TERRA PL00374 REFRICLEAN 5L AR DA TERRA
531,003868,"MANGUEIRA CRISTAL 1/2X1,5MM METRO",0122,PLASBOHN,31.5,Instalação de Ar-Condicionado,SEM FOTO,"PLASBOHN 0122 MANGUEIRA CRISTAL 1/2X1,5MM METRO"
532,052295,CURVA PLANA BRANCA HELACLIMA CPAC8080,CPAC8080,HELLERMANNTYTON,31.0,Instalação de Ar-Condicionado,SEM FOTO,HELLERMANNTYTON CPAC8080 CURVA PLANA BRANCA HELACLIMA CPAC8080
533,053328,BOBINA VALVULA SOLENOID 10W 220V IP67 FACON,018F6701,FACON,31.0,Refrigeração / Componentes,SEM FOTO,FACON 018F6701 BOBINA VALVULA SOLENOID 10W 220V IP67 FACON
534,055637,PROTETOR EMBRACO 4TM 1/8HP 115V EOP-18-4 TM EVERWELL,EOP-18-4 TM,EVERWELL,31.0,Refrigeração / Componentes,SEM FOTO,EVERWELL EOP-18-4 TM PROTETOR EMBRACO 4TM 1/8HP 115V EOP-18-4 TM EVERWELL
535,055834,PROTETOR RAIO GELADEIRA E FREEZER 127V PW,205,PW,31.0,Refrigeração / Componentes,SEM FOTO,PW 205 PROTETOR RAIO GELADEIRA E FREEZER 127V PW
536,056069,FUSIVEL DE VIDRO PEQUENO 6AMP GREEN 045-0006,045-0006,GREEN,31.0,Elétrica / Comandos,SEM FOTO,GREEN 045-0006 FUSIVEL DE VIDRO PEQUENO 6AMP GREEN 045-0006
537,056485,INTERRUPTOR 2 TECLAS SIMPLES BRANCO LINHA E ENERBRAS 307-ES,307-ES,ENERBRAS,31.0,Elétrica / Comandos,SEM FOTO,ENERBRAS 307-ES INTERRUPTOR 2 TECLAS SIMPLES BRANCO LINHA E ENERBRAS 307-ES
538,056625,DISJUNTOR DIN MONO 1P 40A 3KA ENERBRAS,DT3-E1C40,ENERBRAS,31.0,Elétrica / Comandos,SEM FOTO,ENERBRAS DT3-E1C40 DISJUNTOR DIN MONO 1P 40A 3KA ENERBRAS
539,056647,DISJUNTOR DIN TRIF 3P 100A 3KA ENERBRAS,DT3-E3C100,ENERBRAS,31.0,Elétrica / Comandos,SEM FOTO,ENERBRAS DT3-E3C100 DISJUNTOR DIN TRIF 3P 100A 3KA ENERBRAS
540,056698,EXTENSAO MULTIUSO CABO PP PRETO 2P+T 3M FLOWPACK COMPOLUX,CX-3157/F,COMPOLUX,31.0,Químicos / Solda e Limpeza,SEM FOTO,COMPOLUX CX-3157/F EXTENSAO MULTIUSO CABO PP PRETO 2P+T 3M FLOWPACK COMPOLUX
541,059714,LUVA COBRE 7/8 SOLDA VIX 106071,106071,VIX,31.0,EPI / Segurança,SEM FOTO,VIX 106071 LUVA COBRE 7/8 SOLDA VIX 106071
542,059872,FITA PVC 100MMX10M PRETA FACON,P1010S,FACON,31.0,Instalação de Ar-Condicionado,SEM FOTO,FACON P1010S FITA PVC 100MMX10M PRETA FACON
543,052436,KIT SENSOR COMPATIVEL LATINA MODERNA CP 978978,K0978,CP PLACAS,30.0,Refrigeração / Componentes,SEM FOTO,CP PLACAS K0978 KIT SENSOR COMPATIVEL LATINA MODERNA CP 978978
544,056129,JOGO COMPLETO N1 - TJ-1 TRIMAC,TJ-1,TRIMAC,30.0,Ferramentas / Instrumentos,SEM FOTO,TRIMAC TJ-1 JOGO COMPLETO N1 - TJ-1 TRIMAC
545,056223,CAIXA DE EMBUTIR 4X2  SC ENERBRAS 091-E,091-E,ENERBRAS,30.0,Elétrica / Comandos,SEM FOTO,ENERBRAS 091-E CAIXA DE EMBUTIR 4X2 SC ENERBRAS 091-E
546,056285,ESPATULA DE ACO 8CM 175/8 ATLAS,175/8,ATLAS,30.0,Outros,SEM FOTO,ATLAS 175/8 ESPATULA DE ACO 8CM 175/8 ATLAS
547,056362,RELE TERMICO E SOBRECARGA 93A AJUSTE 30-40A DECORLUX,RT-9340,DECORLUX,30.0,Elétrica / Comandos,SEM FOTO,DECORLUX RT-9340 RELE TERMICO E SOBRECARGA 93A AJUSTE 30-40A DECORLUX
548,056466,TOMADA 2P+T 10A BRANCA ENERBRAS 1710-EN,1710-EN,ENERBRAS,30.0,Elétrica / Comandos,SEM FOTO,ENERBRAS 1710-EN TOMADA 2P+T 10A BRANCA ENERBRAS 1710-EN
549,056699,EXTENSAO MULTIUSO CABO PP PRETO 2P+T 5M FLOWPACK COMPOLUX,CX-3158/F,COMPOLUX,30.0,Químicos / Solda e Limpeza,SEM FOTO,COMPOLUX CX-3158/F EXTENSAO MULTIUSO CABO PP PRETO 2P+T 5M FLOWPACK COMPOLUX
550,056807,CABO FLEX 6MM METRO AZUL 450/750V FLEXCABOS,00000000000348,FLEXCABOS,30.0,Elétrica / Comandos,SEM FOTO,FLEXCABOS 00000000000348 CABO FLEX 6MM METRO AZUL 450/750V FLEXCABOS
551,056824,LAMPADA ELETRONICA 3U 15W 127V 6400K E27 ELGIN,48LES15WB005,ELGIN,30.0,Iluminação,SEM FOTO,ELGIN 48LES15WB005 LAMPADA ELETRONICA 3U 15W 127V 6400K E27 ELGIN
552,056878,BROCA HSS DE ACO RAPIDO 57 X  2.5 MM SP,IW1212,IRWIN,30.0,Ferramentas / Instrumentos,SEM FOTO,IRWIN IW1212 BROCA HSS DE ACO RAPIDO 57 X 2.5 MM SP
553,058371,TOMADA MOVEL 2P T 10A PRETO EMB GRANEL CONNECT,072-EP,ENERBRAS,30.0,Elétrica / Comandos,SEM FOTO,ENERBRAS 072-EP TOMADA MOVEL 2P T 10A PRETO EMB GRANEL CONNECT
554,058768,OLEO SESIL FATOR SW220 1LT,SW220,SESIL,30.0,Químicos / Solda e Limpeza,SEM FOTO,SESIL SW220 OLEO SESIL FATOR SW220 1LT
555,058801,RETENTOR SUPERIOR DO CAMBIO LR ELECTROLUX ( COMPATIVEL ) MOD,M727,SAMATEC,30.0,Peças para Lavadora e Bebedouro,SEM FOTO,SAMATEC M727 RETENTOR SUPERIOR DO CAMBIO LR ELECTROLUX ( COMPATIVEL ) MOD
556,060410,RELE DE PROTECAO MODELO R6 1/6,184,ESSEK,30.0,Refrigeração / Componentes,SEM FOTO,ESSEK 184 RELE DE PROTECAO MODELO R6 1/6
557,060425,"CAPACITOR DUPLO CBB65, 30UF + 2.5UF X 380/450V OBA",20250241,OBAGAS,30.0,Capacitores,SEM FOTO,"OBAGAS 20250241 CAPACITOR DUPLO CBB65, 30UF + 2.5UF X 380/450V OBA"
558,060461,BROCA SDS PLUS 110 X 08.00 MM,IW13093,IRWIN,30.0,Ferramentas / Instrumentos,SEM FOTO,IRWIN IW13093 BROCA SDS PLUS 110 X 08.00 MM
559,060536,JUNCAO UNIAO LOKRING DE ALUMINIO PARA TUBO 1/4 X 1/4,JNUN1/4X1/4,SPAZIO,30.0,Instalação de Ar-Condicionado,SEM FOTO,SPAZIO JNUN1/4X1/4 JUNCAO UNIAO LOKRING DE ALUMINIO PARA TUBO 1/4 X 1/4
560,060657,DISJUNTOR DIN BIPOLAR 2P C20A - CNC REF A013472,A013472,CNC,30.0,Elétrica / Comandos,SEM FOTO,CNC A013472 DISJUNTOR DIN BIPOLAR 2P C20A - CNC REF A013472
561,060658,DISJUNTOR DIN BIPOLAR 2P C25A - CNC REF A013473,A013473,CNC,30.0,Elétrica / Comandos,SEM FOTO,CNC A013473 DISJUNTOR DIN BIPOLAR 2P C25A - CNC REF A013473
562,055447,ROLAMENTO 6006 2RS CONSUL CWI WHIRLPOOL,W10897149,WHIRLPOOL,29.0,Peças para Lavadora e Bebedouro,SEM FOTO,WHIRLPOOL W10897149 ROLAMENTO 6006 2RS CONSUL CWI WHIRLPOOL
563,056102,APLICADOR SELANTE E SILICONE/ALUMINIO GEDORE RED R99210000,R99210000,GEDORE,29.0,Químicos / Solda e Limpeza,SEM FOTO,GEDORE R99210000 APLICADOR SELANTE E SILICONE/ALUMINIO GEDORE RED R99210000
564,056204,TE 20X10 LINHA E ENERBRAS 360-E8,360-E8,ENERBRAS,29.0,Outros,SEM FOTO,ENERBRAS 360-E8 TE 20X10 LINHA E ENERBRAS 360-E8
565,056472,MODULO SAIDA DE FIO 1/2 ENERBRAS 1701-E,1701-E,ENERBRAS,29.0,Elétrica / Comandos,SEM FOTO,ENERBRAS 1701-E MODULO SAIDA DE FIO 1/2 ENERBRAS 1701-E
566,056501,PLACA COM FURO 1/2 ENERBRAS 311-E2,311-E2,ENERBRAS,29.0,Refrigeração / Componentes,SEM FOTO,ENERBRAS 311-E2 PLACA COM FURO 1/2 ENERBRAS 311-E2
567,056590,CONECTOR PARA HARTE DE ATERRAMENTO 5/8,AC-01,TRIAL,29.0,Elétrica / Comandos,SEM FOTO,TRIAL AC-01 CONECTOR PARA HARTE DE ATERRAMENTO 5/8
568,059408,CHAVE PHILLIPS 3/16X4 C.V,99BR.326.000,UNIFORT,29.0,Ferramentas / Instrumentos,SEM FOTO,UNIFORT 99BR.326.000 CHAVE PHILLIPS 3/16X4 C.V
569,059413,CALCO DE BORRACHA PODIUM C/ PARAFUSO HULTER,100272000,HULTER,29.0,Fixação e Acessórios,SEM FOTO,HULTER 100272000 CALCO DE BORRACHA PODIUM C/ PARAFUSO HULTER
570,059616,FITA PERFURADA WALSYWA EXTRAL 17 X 0.45 X 10 METROS,23HM3310078,WALSYWA,29.0,Instalação de Ar-Condicionado,SEM FOTO,WALSYWA 23HM3310078 FITA PERFURADA WALSYWA EXTRAL 17 X 0.45 X 10 METROS
571,059740,"CHAVE AJUSTAVEL 08"" 200MM VISE-GRIP IRWIN",1864062,IRWIN,29.0,Ferramentas / Instrumentos,SEM FOTO,"IRWIN 1864062 CHAVE AJUSTAVEL 08"" 200MM VISE-GRIP IRWIN"
572,060083,LUVA CO REDUTORA 2.1/8X7/8,20003.1604.28,FRIVEN,29.0,EPI / Segurança,SEM FOTO,FRIVEN 20003.1604.28 LUVA CO REDUTORA 2.1/8X7/8
573,060208,CONEXAO EM T ROSCA DE 1/2 COM ENGATE RAPIDO RETO 1/4 X 1/4 O,AC051,PLANETA AGUA,29.0,Hidráulica,SEM FOTO,PLANETA AGUA AC051 CONEXAO EM T ROSCA DE 1/2 COM ENGATE RAPIDO RETO 1/4 X 1/4 O
574,060224,"CHAVE HEXAGONAL L CURTA 90MM x 6,0MM",IW10573,IRWIN,29.0,Ferramentas / Instrumentos,SEM FOTO,"IRWIN IW10573 CHAVE HEXAGONAL L CURTA 90MM x 6,0MM"
575,060400,"UNIAO FLANGEADA DE LATAO 5/8""",80170.013,SURYHA,29.0,Instalação de Ar-Condicionado,SEM FOTO,"SURYHA 80170.013 UNIAO FLANGEADA DE LATAO 5/8"""
576,060421,GAS PRO22 LATA - FLUIDO REFRIGERANTE PRO22 - 300G OBAGAS,202306212,OBAGAS,29.0,Gases Refrigerantes,SEM FOTO,OBAGAS 202306212 GAS PRO22 LATA - FLUIDO REFRIGERANTE PRO22 - 300G OBAGAS
577,054421,CONTATOR 25A NC1-2510 220V 50/60HZ - CHINT REF: 925735,925735,CHINT,28.0,Elétrica / Comandos,SEM FOTO,CHINT 925735 CONTATOR 25A NC1-2510 220V 50/60HZ - CHINT REF: 925735
578,055073,PORTA FUSIVEL PRETO 15A 250VAC 11005/F,11005/F,MARGIRIUS,28.0,Elétrica / Comandos,SEM FOTO,MARGIRIUS 11005/F PORTA FUSIVEL PRETO 15A 250VAC 11005/F
579,056181,BARRAMENTO PENTE MONO 12P DIN63A 21CM ENERBRAS BP63-E1/21,BP63-E1/21,ENERBRAS,28.0,Ferramentas / Instrumentos,SEM FOTO,ENERBRAS BP63-E1/21 BARRAMENTO PENTE MONO 12P DIN63A 21CM ENERBRAS BP63-E1/21
580,056540,REBITE REPUXO 4.0 X 15 ACO / ALUMINIO BRANCO BELENUS,POP415AL,BELENUS,28.0,Fixação e Acessórios,SEM FOTO,BELENUS POP415AL REBITE REPUXO 4.0 X 15 ACO / ALUMINIO BRANCO BELENUS
581,056646,DISJUNTOR DIN TRIF 3P 80A 3KA ENERBRAS,DT3-E3C80,ENERBRAS,28.0,Elétrica / Comandos,SEM FOTO,ENERBRAS DT3-E3C80 DISJUNTOR DIN TRIF 3P 80A 3KA ENERBRAS
582,056745,"CAPACITOR CBB60, 30UF +-5% X 250V JOTECK",JO-1364,JOTECK,28.0,Capacitores,SEM FOTO,"JOTECK JO-1364 CAPACITOR CBB60, 30UF +-5% X 250V JOTECK"
583,057612,FITA DE LED 2815 IP20 60LED RGB,463,LECTRON,28.0,Iluminação,SEM FOTO,LECTRON 463 FITA DE LED 2815 IP20 60LED RGB
584,059199,SERRA STARRETT MAN.S.FLEX BI-METAL UNIQ BS 12'' 18D STARRETT,5820,STARRETT,28.0,Ferramentas / Instrumentos,SEM FOTO,STARRETT 5820 SERRA STARRETT MAN.S.FLEX BI-METAL UNIQ BS 12'' 18D STARRETT
585,059581,BRACO CO-INJETADO COMPLETO P LAV COMPATIVEL ELECTROLUX SPAZI,BRKECC,SPAZIO,28.0,Outros,SEM FOTO,SPAZIO BRKECC BRACO CO-INJETADO COMPLETO P LAV COMPATIVEL ELECTROLUX SPAZI
586,060363,MICRO MOTOR 1/40 BIVOLT 50/60HZ 1300/1500RPM 0.17/0.35A,AWS-M1-40BIV,SANHUA,28.0,Refrigeração / Componentes,SEM FOTO,SANHUA AWS-M1-40BIV MICRO MOTOR 1/40 BIVOLT 50/60HZ 1300/1500RPM 0.17/0.35A
587,060479,SUPORTE SPLIT 600MM 18 A 30000 REFORCADO - F M C METAL,00023,F M C METAL,28.0,Instalação de Ar-Condicionado,SEM FOTO,F M C METAL 00023 SUPORTE SPLIT 600MM 18 A 30000 REFORCADO - F M C METAL
588,057223,"TUBO DE COBRE FLEX 3/8=9,52MM X1/32=0,79MM BOB/PAN LR",3.01.03.001,MULTIMARCAS,27.046,Instalação de Ar-Condicionado,SEM FOTO,"MULTIMARCAS 3.01.03.001 TUBO DE COBRE FLEX 3/8=9,52MM X1/32=0,79MM BOB/PAN LR"
589,000813,ALICATE UNIVERSAL 8 IRWIN 1864060,1864060,IRWIN,27.0,Ferramentas / Instrumentos,SEM FOTO,IRWIN 1864060 ALICATE UNIVERSAL 8 IRWIN 1864060
590,001568,ORIFICIO VALVULA EXPANSAO DANFOS N1 TF2 TX2 0.5 TY 0.3,068-2010,DANFOS,27.0,Refrigeração / Componentes,SEM FOTO,DANFOS 068-2010 ORIFICIO VALVULA EXPANSAO DANFOS N1 TF2 TX2 0.5 TY 0.3
591,005176,CAPACIMETRO DIGITAL MINIPA MC-154,MC-154A,MINIPA,27.0,Ferramentas / Instrumentos,SEM FOTO,MINIPA MC-154A CAPACIMETRO DIGITAL MINIPA MC-154
592,053162,FLANGEADOR 45 3/16 A 5/8 MOD CT-195 FACON,CT-195,FACON,27.0,Ferramentas / Instrumentos,SEM FOTO,FACON CT-195 FLANGEADOR 45 3/16 A 5/8 MOD CT-195 FACON
593,055072,PORTA FUSIVEL VERMELHO 15A 250VAC 11005/E,11005/E,MARGIRIUS,27.0,Elétrica / Comandos,SEM FOTO,MARGIRIUS 11005/E PORTA FUSIVEL VERMELHO 15A 250VAC 11005/E
594,055255,CANALETA VAZADA 50X50 LUKMA,29005,LUKMA,27.0,Elétrica / Comandos,SEM FOTO,LUKMA 29005 CANALETA VAZADA 50X50 LUKMA
595,055598,"CAPACITOR CBB60, 08UF +-5% X 250V COM FIO WEG",M467,WEG,27.0,Capacitores,SEM FOTO,"WEG M467 CAPACITOR CBB60, 08UF +-5% X 250V COM FIO WEG"
596,056487,INTERRUPTOR 1 TECLAS + TOMADA 2P+T 10A ENERBRAS 309-ESN,309-ESN,ENERBRAS,27.0,Elétrica / Comandos,SEM FOTO,ENERBRAS 309-ESN INTERRUPTOR 1 TECLAS + TOMADA 2P+T 10A ENERBRAS 309-ESN
597,056503,INTERRUPTOR 1 TECLA BIPOLAR SIMPLES C CX PADRAO 338-ES/CP,338-ES/CP,ENERBRAS,27.0,Elétrica / Comandos,SEM FOTO,ENERBRAS 338-ES/CP INTERRUPTOR 1 TECLA BIPOLAR SIMPLES C CX PADRAO 338-ES/CP
598,056505,INTERRUPTOR 3 TECLAS C CX PADRAOENERBRAS 308-ES/CP,308-ES/CP,ENERBRAS,27.0,Elétrica / Comandos,SEM FOTO,ENERBRAS 308-ES/CP INTERRUPTOR 3 TECLAS C CX PADRAOENERBRAS 308-ES/CP
599,056648,DISJUNTOR DIN TRIF 3P 125A 3KA ENERBRAS,DT3-E3C125,ENERBRAS,27.0,Elétrica / Comandos,SEM FOTO,ENERBRAS DT3-E3C125 DISJUNTOR DIN TRIF 3P 125A 3KA ENERBRAS
600,056752,PROTETOR TERMICO CRT6 A 2 HP A/C 18000/20.500 BTUS 220V,CRT4 (A)-20-220V,ESSEK,27.0,Refrigeração / Componentes,SEM FOTO,ESSEK CRT4 (A)-20-220V PROTETOR TERMICO CRT6 A 2 HP A/C 18000/20.500 BTUS 220V
601,057546,FITA DE LED VLX-0169 24V FW-3528 120LED IP20 10 METROS,442,V L X,27.0,Iluminação,SEM FOTO,V L X 442 FITA DE LED VLX-0169 24V FW-3528 120LED IP20 10 METROS
602,059390,VALV TANQUE 1/4SAE X 1/4NPT C/MANOP DE SEG (OU 784),100227201,MADASA,27.0,Outros,SEM FOTO,MADASA 100227201 VALV TANQUE 1/4SAE X 1/4NPT C/MANOP DE SEG (OU 784)
603,059608,MANTA FITA MULTIUSO 20CM SIKA 10MT,19224,SIKA,27.0,Químicos / Solda e Limpeza,SEM FOTO,SIKA 19224 MANTA FITA MULTIUSO 20CM SIKA 10MT
604,059904,ELEMENTO FILTRANTE NE48D ELGIN,45NE48D00000,ELGIN,27.0,Filtros e Purificadores de Água,SEM FOTO,ELGIN 45NE48D00000 ELEMENTO FILTRANTE NE48D ELGIN
605,060223,"CHAVE HEXAGONAL L CURTA 70MM x 4,0MM",IW10571,IRWIN,27.0,Ferramentas / Instrumentos,SEM FOTO,"IRWIN IW10571 CHAVE HEXAGONAL L CURTA 70MM x 4,0MM"
606,051748,RED EPOXY BRASWELD,175,BRASWELD,26.0,Outros,SEM FOTO,BRASWELD 175 RED EPOXY BRASWELD
607,051779,"ALICATE ELETRICISTA UNIVERSAL VISE-GRIP 8"" 200M IRWIN",IW13981,IRWIN,26.0,Ferramentas / Instrumentos,SEM FOTO,"IRWIN IW13981 ALICATE ELETRICISTA UNIVERSAL VISE-GRIP 8"" 200M IRWIN"
608,055502,CANALETA HELACLIMA BRANCA VAZADA 80X80 HD9P,HD10P,HELLERMANNTYTON,26.0,Elétrica / Comandos,SEM FOTO,HELLERMANNTYTON HD10P CANALETA HELACLIMA BRANCA VAZADA 80X80 HD9P
609,056125,DOBRADICA PS TIPO CAIXA - TED -  TRIMAC,TED-,TRIMAC,26.0,Fixação e Acessórios,SEM FOTO,TRIMAC TED- DOBRADICA PS TIPO CAIXA - TED - TRIMAC
610,056201,LUVA DE ARREMATE LINHA E ENERBRAS 360-E6,360-E6,ENERBRAS,26.0,EPI / Segurança,SEM FOTO,ENERBRAS 360-E6 LUVA DE ARREMATE LINHA E ENERBRAS 360-E6
611,056471,MODULO CEGO ENERBRAS 1700-E,1700-E,ENERBRAS,26.0,Elétrica / Comandos,SEM FOTO,ENERBRAS 1700-E MODULO CEGO ENERBRAS 1700-E
612,056493,TOMADA 20A BRANCA ENERBRAS 329-EN,329-EN,ENERBRAS,26.0,Elétrica / Comandos,SEM FOTO,ENERBRAS 329-EN TOMADA 20A BRANCA ENERBRAS 329-EN
613,056881,BROCA HSS DE ACO RAPIDO 133 X 10 MM SP,IW1306,IRWIN,26.0,Ferramentas / Instrumentos,SEM FOTO,IRWIN IW1306 BROCA HSS DE ACO RAPIDO 133 X 10 MM SP
614,057397,ABR RSF 1.1/4 X 1.3/4 9MM (32 X 44),7893537000901,INCA,26.0,Fixação e Acessórios,SEM FOTO,INCA 7893537000901 ABR RSF 1.1/4 X 1.3/4 9MM (32 X 44)
615,058156,"TRILHO SOBREPOR ELETRIFICADO 1,5 METROS PRETO COM CAVA",T150P,LUMANTI,26.0,Elétrica / Comandos,SEM FOTO,"LUMANTI T150P TRILHO SOBREPOR ELETRIFICADO 1,5 METROS PRETO COM CAVA"
616,058260,RETENTOR P/TRANSMISSAO A22837601,41045941,ELECTROLUX,26.0,Peças para Lavadora e Bebedouro,SEM FOTO,ELECTROLUX 41045941 RETENTOR P/TRANSMISSAO A22837601
617,058798,RETENTOR LAVA E SECA ELECTROLUX  LSE09   LSE11 ( COMPATIVEL,M731,SAMATEC,26.0,Peças para Lavadora e Bebedouro,SEM FOTO,SAMATEC M731 RETENTOR LAVA E SECA ELECTROLUX LSE09 LSE11 ( COMPATIVEL
618,058876,CHAVE INGLESA AJUSTAVEL 10 A.C,99BR.043.000,UNIFORT,26.0,Ferramentas / Instrumentos,SEM FOTO,UNIFORT 99BR.043.000 CHAVE INGLESA AJUSTAVEL 10 A.C
619,059220,ORIFICIO VALVULA EXPANSAO DANFOSS N 02 - 2015/2022,068-2015,DANFOS,26.0,Refrigeração / Componentes,SEM FOTO,DANFOS 068-2015 ORIFICIO VALVULA EXPANSAO DANFOSS N 02 - 2015/2022
620,059799,"CHAVE AJUSTAVEL 12"" VISE-GRIP IRWIN",1864064,IRWIN,26.0,Ferramentas / Instrumentos,SEM FOTO,"IRWIN 1864064 CHAVE AJUSTAVEL 12"" VISE-GRIP IRWIN"
621,060404,"PROTETOR MODELO CRT4 1,5HP 220V/60HZ 1.100W 12.000BTU PARA A",162/C41520,ESSEK,26.0,Refrigeração / Componentes,SEM FOTO,"ESSEK 162/C41520 PROTETOR MODELO CRT4 1,5HP 220V/60HZ 1.100W 12.000BTU PARA A"
622,060543,CAME COMPLETO LAVADORA MONDIAL/CLEAN/CONSUL M32500 KIT,KIT001CL,SPAZIO,26.0,Peças para Lavadora e Bebedouro,SEM FOTO,SPAZIO KIT001CL CAME COMPLETO LAVADORA MONDIAL/CLEAN/CONSUL M32500 KIT
623,060614,BARRA ROSC P/CONSTRUCAO UNC 004 1/4 ZB BELENUS,24726,BELENUS,26.0,Outros,SEM FOTO,BELENUS 24726 BARRA ROSC P/CONSTRUCAO UNC 004 1/4 ZB BELENUS
624,060661,PLUGUE FEMEA 2P+T 20A/250V REF 57412/950,57412/950,TRAMONTINA,26.0,Elétrica / Comandos,SEM FOTO,TRAMONTINA 57412/950 PLUGUE FEMEA 2P+T 20A/250V REF 57412/950
625,052850,SIFAO 1.5/8 FRIVEN,20003.1606.07,FRIVEN,25.0,Hidráulica,SEM FOTO,FRIVEN 20003.1606.07 SIFAO 1.5/8 FRIVEN
626,053931,DISJUNTOR DIN TRI 3P 20A 3KA CHINT,185471,CHINT,25.0,Elétrica / Comandos,SEM FOTO,CHINT 185471 DISJUNTOR DIN TRI 3P 20A 3KA CHINT
627,053938,CONEXAO RETA ROSCA 1/2 BSPT P TUBO 1/4 BRANCA,CN005,PLANETA AGUA,25.0,Instalação de Ar-Condicionado,SEM FOTO,PLANETA AGUA CN005 CONEXAO RETA ROSCA 1/2 BSPT P TUBO 1/4 BRANCA
628,055254,CANALETA VAZADA 30X50 LUKMA,29003,LUKMA,25.0,Elétrica / Comandos,SEM FOTO,LUKMA 29003 CANALETA VAZADA 30X50 LUKMA
629,056615,INTERRUPTOR 2 TECLAS + TOMADA 10A C CX PADRAO 328-ESN/CP,328-ESN/CP,ENERBRAS,25.0,Elétrica / Comandos,SEM FOTO,ENERBRAS 328-ESN/CP INTERRUPTOR 2 TECLAS + TOMADA 10A C CX PADRAO 328-ESN/CP
630,056914,SOQUETE TOMADA REDONDA C RABICHO P LAMPADA FLORESCENTE ILUMI,1620,ILUMI,25.0,Iluminação,SEM FOTO,ILUMI 1620 SOQUETE TOMADA REDONDA C RABICHO P LAMPADA FLORESCENTE ILUMI
631,057348,ABRACADEIRA ZIN TIP D C/ CUN 1,7893537017947,INCA,25.0,Fixação e Acessórios,SEM FOTO,INCA 7893537017947 ABRACADEIRA ZIN TIP D C/ CUN 1
632,057394,ABR RSF 4.1/2 X 5 9MM (114 X 127),7893537001953,INCA,25.0,Fixação e Acessórios,SEM FOTO,INCA 7893537001953 ABR RSF 4.1/2 X 5 9MM (114 X 127)
633,057395,ABR RSF 5 X 5.1/2 9MM (127 X 140),7893537005401,INCA,25.0,Fixação e Acessórios,SEM FOTO,INCA 7893537005401 ABR RSF 5 X 5.1/2 9MM (127 X 140)
634,057406,ABR RSF 5.1/4 X 5.3/4 9MM (133 X 146),7893537004527,INCA,25.0,Fixação e Acessórios,SEM FOTO,INCA 7893537004527 ABR RSF 5.1/4 X 5.3/4 9MM (133 X 146)
635,057414,BUCHA ZAMAC 2.1/2,7893537000086,INCA,25.0,Fixação e Acessórios,SEM FOTO,INCA 7893537000086 BUCHA ZAMAC 2.1/2
636,057416,BUCHA ZAMAC 3,7893537000093,INCA,25.0,Fixação e Acessórios,SEM FOTO,INCA 7893537000093 BUCHA ZAMAC 3
637,057426,ARRUELA ZAMAC 2.1/2,7893537000345,INCA,25.0,Fixação e Acessórios,SEM FOTO,INCA 7893537000345 ARRUELA ZAMAC 2.1/2
638,057427,ARRUELA ZAMAC 3,7893537000352,INCA,25.0,Fixação e Acessórios,SEM FOTO,INCA 7893537000352 ARRUELA ZAMAC 3
639,058653,REFIL E3 ESPECIAL PLANETA AGUA,1100A,PLANETA AGUA,25.0,Filtros e Purificadores de Água,SEM FOTO,PLANETA AGUA 1100A REFIL E3 ESPECIAL PLANETA AGUA
640,058792,CAPACITOR WEG  50 UF 250 VAC ( COM TERMINAL )  40 X 78,M480,WEG,25.0,Capacitores,SEM FOTO,WEG M480 CAPACITOR WEG 50 UF 250 VAC ( COM TERMINAL ) 40 X 78
641,058863,RELE AUX 4 TERM  40A 12V C/SUPORTE VIDRO ELETRICO DNI 0102,5510.010.002,UNIFORT,25.0,Instalação de Ar-Condicionado,SEM FOTO,UNIFORT 5510.010.002 RELE AUX 4 TERM 40A 12V C/SUPORTE VIDRO ELETRICO DNI 0102
642,059400,SELANTE DE POLIURETANO PU40 400GR BRANCO MUNIAL PRIME,419.0,MUNDIAL PRIME,25.0,Químicos / Solda e Limpeza,SEM FOTO,MUNDIAL PRIME 419.0 SELANTE DE POLIURETANO PU40 400GR BRANCO MUNIAL PRIME
643,059538,PF RO SOB SXTV 5/16X60,1798,JOMARCA,25.0,Fixação e Acessórios,SEM FOTO,JOMARCA 1798 PF RO SOB SXTV 5/16X60
644,059738,"ALICATE DE BICO LONGO 6"" USO GERAL IRWIN 1864035",1864035,IRWIN,25.0,Ferramentas / Instrumentos,SEM FOTO,"IRWIN 1864035 ALICATE DE BICO LONGO 6"" USO GERAL IRWIN 1864035"
645,059802,BROCA HSS DE ACO RAPIDO 142 X 11 MM SP,IW1318,IRWIN,25.0,Ferramentas / Instrumentos,SEM FOTO,IRWIN IW1318 BROCA HSS DE ACO RAPIDO 142 X 11 MM SP
646,060542,CARCACA DO ATUADOR LAVADORA ELECTROLUX TURBO 12 E 15 KG,CCATD15KG,SPAZIO,25.0,Peças para Lavadora e Bebedouro,SEM FOTO,SPAZIO CCATD15KG CARCACA DO ATUADOR LAVADORA ELECTROLUX TURBO 12 E 15 KG
647,052300,ENTRADA PAREDE BRANCA HELACLIMA EPAC6050,EPAC6050,HELLERMANNTYTON,24.0,Elétrica / Comandos,SEM FOTO,HELLERMANNTYTON EPAC6050 ENTRADA PAREDE BRANCA HELACLIMA EPAC6050
648,055093,TOMADA TRIPLA 2P+T CINZA 20A PARA EXTENSAO TMU3-320 / 17769,17769,MARGIRIUS,24.0,Elétrica / Comandos,SEM FOTO,MARGIRIUS 17769 TOMADA TRIPLA 2P+T CINZA 20A PARA EXTENSAO TMU3-320 / 17769
649,055363,PE NIVELADOR LAVADORA COSUL/BRAST BSR10AB/BSR24B/BSR24C,W10658798,WHIRLPOOL,24.0,Ferramentas / Instrumentos,SEM FOTO,WHIRLPOOL W10658798 PE NIVELADOR LAVADORA COSUL/BRAST BSR10AB/BSR24B/BSR24C
650,055836,PROTETOR RAIO ELETRO 2 TOMADAS 20A BIVOLT PW,220,PW,24.0,Elétrica / Comandos,SEM FOTO,PW 220 PROTETOR RAIO ELETRO 2 TOMADAS 20A BIVOLT PW
651,056038,FUSIVEL DE CERAMICA P FORNO 8 AMP GRANDE GREEN 045-8808,045-8808,GREEN,24.0,Elétrica / Comandos,SEM FOTO,GREEN 045-8808 FUSIVEL DE CERAMICA P FORNO 8 AMP GRANDE GREEN 045-8808
652,056192,TOMADA 10A C CX PADRAO BRANCA ENERBRAS 310-EN/CP,310-EN/CP,ENERBRAS,24.0,Elétrica / Comandos,SEM FOTO,ENERBRAS 310-EN/CP TOMADA 10A C CX PADRAO BRANCA ENERBRAS 310-EN/CP
653,056210,CONJ INTER 1TC SIMPLES ENERBRAS 1806-ES,1806-ES,ENERBRAS,24.0,Peças para Lavadora e Bebedouro,SEM FOTO,ENERBRAS 1806-ES CONJ INTER 1TC SIMPLES ENERBRAS 1806-ES
654,056627,DISJUNTOR DIN MONO 1P 63A 3KA ENERBRAS,DT3-E1C63,ENERBRAS,24.0,Elétrica / Comandos,SEM FOTO,ENERBRAS DT3-E1C63 DISJUNTOR DIN MONO 1P 63A 3KA ENERBRAS
655,056680,FITA SILVER TAPE 48MMX50M PRATA TECTAPE,5717090480050.4,TECTAPE,24.0,Instalação de Ar-Condicionado,SEM FOTO,TECTAPE 5717090480050.4 FITA SILVER TAPE 48MMX50M PRATA TECTAPE
656,056913,PLAFON BOCAL BRANCO E-27 BOCAL PORCELONA 250VX100W PERLEX,125/1,PERLEX,24.0,Iluminação,SEM FOTO,PERLEX 125/1 PLAFON BOCAL BRANCO E-27 BOCAL PORCELONA 250VX100W PERLEX
657,057119,QUADRO DE DISTRIBUICAO SOBREPOR 8 POLOS TRIAL,625,TRIAL,24.0,Elétrica / Comandos,SEM FOTO,TRIAL 625 QUADRO DE DISTRIBUICAO SOBREPOR 8 POLOS TRIAL
658,057153,LUMINARIA EMBUTIR INTELIGENTE 24W 3000-6500K QUADRADA WIFI,48D24WEQWIFI,ELGIN,24.0,Iluminação,SEM FOTO,ELGIN 48D24WEQWIFI LUMINARIA EMBUTIR INTELIGENTE 24W 3000-6500K QUADRADA WIFI
659,057347,ABRACADEIRA ZIN TIP D C/ CUN 3/4,7893537017930,INCA,24.0,Fixação e Acessórios,SEM FOTO,INCA 7893537017930 ABRACADEIRA ZIN TIP D C/ CUN 3/4
660,057392,ABR RSF 3.1/2 X 4 9MM (89 X 101),7893537000833,INCA,24.0,Fixação e Acessórios,SEM FOTO,INCA 7893537000833 ABR RSF 3.1/2 X 4 9MM (89 X 101)
661,057393,ABR RSF 4 X 4.1/2 9MM (101 X 114),7893537000840,INCA,24.0,Fixação e Acessórios,SEM FOTO,INCA 7893537000840 ABR RSF 4 X 4.1/2 9MM (101 X 114)
662,057396,ABR RSF 5.1/2 X 6 9MM (140 X 152),7893537004794,INCA,24.0,Fixação e Acessórios,SEM FOTO,INCA 7893537004794 ABR RSF 5.1/2 X 6 9MM (140 X 152)
663,057398,ABR RSF 2.3/4 X 3.1/4 9MM (70 X 83),7893537000918,INCA,24.0,Fixação e Acessórios,SEM FOTO,INCA 7893537000918 ABR RSF 2.3/4 X 3.1/4 9MM (70 X 83)
664,057404,ABR RSF 3.3/4 X 4.1/4 9MM (95 X 108),7893537001038,INCA,24.0,Fixação e Acessórios,SEM FOTO,INCA 7893537001038 ABR RSF 3.3/4 X 4.1/4 9MM (95 X 108)
665,057405,ABR RSF 4.3/4X5.1/4 9MM (120X133),7893537002882,INCA,24.0,Fixação e Acessórios,SEM FOTO,INCA 7893537002882 ABR RSF 4.3/4X5.1/4 9MM (120X133)
666,058811,"CAPACITOR CBB60, 15UF +-5% X 250V COM TERMINAL WEG",M473,WEG,24.0,Capacitores,SEM FOTO,"WEG M473 CAPACITOR CBB60, 15UF +-5% X 250V COM TERMINAL WEG"
667,060454,CUBO ARNO INTENSE C ROLAMENTO DUPLO 10KG 27931,M154204,SAMATEC,24.0,Peças para Lavadora e Bebedouro,SEM FOTO,SAMATEC M154204 CUBO ARNO INTENSE C ROLAMENTO DUPLO 10KG 27931
668,060460,BROCA SDS PLUS 110 X 06.00 MM,IW13086,IRWIN,24.0,Ferramentas / Instrumentos,SEM FOTO,IRWIN IW13086 BROCA SDS PLUS 110 X 06.00 MM
669,060551,"MANGUEIRA DE ENTRADA PARA MAQUINA DE LAVAR 1,40M","MEML1,40",SPAZIO,24.0,Elétrica / Comandos,SEM FOTO,"SPAZIO MEML1,40 MANGUEIRA DE ENTRADA PARA MAQUINA DE LAVAR 1,40M"
670,000809,"ALICATE DE PRESSAO IRWIN VISE-GRIP MORD 10VC 10""/250MM IRWIN",1809681,IRWIN,23.0,Ferramentas / Instrumentos,SEM FOTO,"IRWIN 1809681 ALICATE DE PRESSAO IRWIN VISE-GRIP MORD 10VC 10""/250MM IRWIN"
671,051843,OLEO MONTREAL SINTETICO GAS R134 (FATOR 32) 1L,0001.1,MONTREAL,23.0,Gases Refrigerantes,SEM FOTO,MONTREAL 0001.1 OLEO MONTREAL SINTETICO GAS R134 (FATOR 32) 1L
672,052710,RETENTOR DO TANQUE CONSUL FLORAL / JASMIM SAMATEC,B326068006,SAMATEC,23.0,Peças para Lavadora e Bebedouro,SEM FOTO,SAMATEC B326068006 RETENTOR DO TANQUE CONSUL FLORAL / JASMIM SAMATEC
673,052725,LUVA COBRE 1.5/8 SOLDA FRIVEN,20003.1601.09,FRIVEN,23.0,EPI / Segurança,SEM FOTO,FRIVEN 20003.1601.09 LUVA COBRE 1.5/8 SOLDA FRIVEN
674,055602,"CAPACITOR CBB60, 20UF +-5% X 250V COM FIO WEG",M421,WEG,23.0,Capacitores,SEM FOTO,"WEG M421 CAPACITOR CBB60, 20UF +-5% X 250V COM FIO WEG"
675,056398,FUSIVEL DE VIDRO PEQUENO 2.5AMP GREEN 045-0025,045-0025,GREEN,23.0,Elétrica / Comandos,SEM FOTO,GREEN 045-0025 FUSIVEL DE VIDRO PEQUENO 2.5AMP GREEN 045-0025
676,056483,INTERRUPTOR 1 TECLA SIMPLES ENERBRAS 306-ES LINHA E,306-ES,ENERBRAS,23.0,Elétrica / Comandos,SEM FOTO,ENERBRAS 306-ES INTERRUPTOR 1 TECLA SIMPLES ENERBRAS 306-ES LINHA E
677,056742,"CAPACITOR CBB60, 35UF +-5% X 250V JOTECK",JO-1365,JOTECK,23.0,Capacitores,SEM FOTO,"JOTECK JO-1365 CAPACITOR CBB60, 35UF +-5% X 250V JOTECK"
678,057156,LAMPADA BULBO LED A60 10W BIVOLT SMART COLORIDA 803 LUMENS,48BLEDWIFI00,ELGIN,23.0,Iluminação,SEM FOTO,ELGIN 48BLEDWIFI00 LAMPADA BULBO LED A60 10W BIVOLT SMART COLORIDA 803 LUMENS
679,057391,ABR RSF 3 X 3.1/2 9MM (76 X 89),7893537000826,INCA,23.0,Fixação e Acessórios,SEM FOTO,INCA 7893537000826 ABR RSF 3 X 3.1/2 9MM (76 X 89)
680,060328,"CABO FORCA GELADEIRA 180  2 X 0,75MM X 1,50MTS PTO 10A",47010,NUCLEO DO FRIO,23.0,Elétrica / Comandos,SEM FOTO,"NUCLEO DO FRIO 47010 CABO FORCA GELADEIRA 180 2 X 0,75MM X 1,50MTS PTO 10A"
681,060357,SESIL OLEO PARA CAIXA DE CAMBIO 250ML,0002.7,SESIL,23.0,Químicos / Solda e Limpeza,SEM FOTO,SESIL 0002.7 SESIL OLEO PARA CAIXA DE CAMBIO 250ML
682,060579,GAS R32 CILINDRO - FLUIDO REFRIGERANTE PRO32 - 6KG OBAGAS,20240203,OBAGAS,23.0,Gases Refrigerantes,SEM FOTO,OBAGAS 20240203 GAS R32 CILINDRO - FLUIDO REFRIGERANTE PRO32 - 6KG OBAGAS
683,005035,"CAPACITOR DUPLO CBB65, 30UF + 2.5UF X 440VAC EOS",D144612,EOS,22.0,Capacitores,SEM FOTO,"EOS D144612 CAPACITOR DUPLO CBB65, 30UF + 2.5UF X 440VAC EOS"
684,051757,BARRA ROSCADA 1M ZIN 3/8,31680,JOMARCA,22.0,Fixação e Acessórios,SEM FOTO,JOMARCA 31680 BARRA ROSCADA 1M ZIN 3/8
685,056490,INTERRUPTOR 2 TECLAS+ TOMADA 20A ENERBRAS 398-ESN,398-ESN,ENERBRAS,22.0,Elétrica / Comandos,SEM FOTO,ENERBRAS 398-ESN INTERRUPTOR 2 TECLAS+ TOMADA 20A ENERBRAS 398-ESN
686,057363,ABRACADEIRA ZIN TIP U 1,7893537018166,INCA,22.0,Fixação e Acessórios,SEM FOTO,INCA 7893537018166 ABRACADEIRA ZIN TIP U 1
687,057387,ABR RSF 1 X 1.1/2 9MM (25 X 38),7893537000789,INCA,22.0,Fixação e Acessórios,SEM FOTO,INCA 7893537000789 ABR RSF 1 X 1.1/2 9MM (25 X 38)
688,057589,BATERIA 9V RECAREGAVEL ELGIN - BLIST.,82215,ELGIN,22.0,Eletrônicos / Informática,SEM FOTO,ELGIN 82215 BATERIA 9V RECAREGAVEL ELGIN - BLIST.
689,057713,BATERIA ALCALINA 9V 6LF22XAB/1B24 PANASSONIC,6LF22XAB,PANASSONIC,22.0,Eletrônicos / Informática,SEM FOTO,PANASSONIC 6LF22XAB BATERIA ALCALINA 9V 6LF22XAB/1B24 PANASSONIC
690,057818,OLEO SESIL GAS R22/GAS R404/R410 SUPER FAT 160PZ DANFOS/BITZ,SUPER FATOR 160PZ,SESIL,22.0,Gases Refrigerantes,SEM FOTO,SESIL SUPER FATOR 160PZ OLEO SESIL GAS R22/GAS R404/R410 SUPER FAT 160PZ DANFOS/BITZ
691,058872,ALICATE CORTE DIAGONAL 152MM A.C,99BR.004.000,UNIFORT,22.0,Ferramentas / Instrumentos,SEM FOTO,UNIFORT 99BR.004.000 ALICATE CORTE DIAGONAL 152MM A.C
692,059219,ORIFICIO VALVULA EXPANSAO DANFOSS N 03 - 2006/2023,068-2006,DANFOS,22.0,Refrigeração / Componentes,SEM FOTO,DANFOS 068-2006 ORIFICIO VALVULA EXPANSAO DANFOSS N 03 - 2006/2023
693,059739,"CHAVE AJUSTAVEL 10"" 250MM VISE-GRIP IRWIN",1864063,IRWIN,22.0,Ferramentas / Instrumentos,SEM FOTO,"IRWIN 1864063 CHAVE AJUSTAVEL 10"" 250MM VISE-GRIP IRWIN"
694,060220,CHAVE PHILLIPS GP #2_1/4 X10,1864220,IRWIN,22.0,Ferramentas / Instrumentos,SEM FOTO,IRWIN 1864220 CHAVE PHILLIPS GP #2_1/4 X10
695,060467,"FILTRO SECADOR KOLDER 1/2"" ROSCA KDR-164R",KDR-DF-164R,SANHUA,22.0,Refrigeração / Componentes,SEM FOTO,"SANHUA KDR-DF-164R FILTRO SECADOR KOLDER 1/2"" ROSCA KDR-164R"
696,060550,"MANGUEIRA DE ENTRADA PARA MAQUINA DE LAVAR 1,80M","MEML1,80",SPAZIO,22.0,Elétrica / Comandos,SEM FOTO,"SPAZIO MEML1,80 MANGUEIRA DE ENTRADA PARA MAQUINA DE LAVAR 1,80M"
697,003518,CHAVE DE FENDA SIMPLES TOCO 1/4X1.1/2 GEDORE,36260,GEDORE,21.0,Ferramentas / Instrumentos,SEM FOTO,GEDORE 36260 CHAVE DE FENDA SIMPLES TOCO 1/4X1.1/2 GEDORE
698,052296,ENTRADA PAREDE BRANCA HELACLIMA EPAC8080,EPAC8080,HELLERMANNTYTON,21.0,Elétrica / Comandos,SEM FOTO,HELLERMANNTYTON EPAC8080 ENTRADA PAREDE BRANCA HELACLIMA EPAC8080
699,056198,INTERRUPTOR 2 T SIMPLES CX PADRAO ENERBRAS 307-ES/CP,307-ES/CP,ENERBRAS,21.0,Elétrica / Comandos,SEM FOTO,ENERBRAS 307-ES/CP INTERRUPTOR 2 T SIMPLES CX PADRAO ENERBRAS 307-ES/CP
700,056410,SUPORTE P TV UNIVERSAL LCD/LED 10 A 71 POL SBRU750 BRASFORMA,SBRU750,BRASFORMA,21.0,Iluminação,SEM FOTO,BRASFORMA SBRU750 SUPORTE P TV UNIVERSAL LCD/LED 10 A 71 POL SBRU750 BRASFORMA
701,056496,TOMADA 2P+T 10A DUPLA ENERBRAS 327-EN,327-EN,ENERBRAS,21.0,Elétrica / Comandos,SEM FOTO,ENERBRAS 327-EN TOMADA 2P+T 10A DUPLA ENERBRAS 327-EN
702,056522,LUVA COBRE 1.5/8 POL SOLDA HULTER,58,HULTER,21.0,EPI / Segurança,SEM FOTO,HULTER 58 LUVA COBRE 1.5/8 POL SOLDA HULTER
703,059404,CHAVE PHILLIPS 1/8X4 C.V,99BR.301.000,UNIFORT,21.0,Ferramentas / Instrumentos,SEM FOTO,UNIFORT 99BR.301.000 CHAVE PHILLIPS 1/8X4 C.V
704,059850,CHAVE ALAVANCA BIPOLAR ON/ON 15A 250VAC CH-2152 DECORLUX,CH-2152,DECORLUX,21.0,Ferramentas / Instrumentos,SEM FOTO,DECORLUX CH-2152 CHAVE ALAVANCA BIPOLAR ON/ON 15A 250VAC CH-2152 DECORLUX
705,059851,RELE FOTOCELULA 127V-220V 1800W COR AZUL RF-2214 DECORLUX,RF-2214,DECORLUX,21.0,Elétrica / Comandos,SEM FOTO,DECORLUX RF-2214 RELE FOTOCELULA 127V-220V 1800W COR AZUL RF-2214 DECORLUX
706,060548,RECIPIENTE EVAPORACAO P/ COMPRESSOR FF ANTIGO D20237 UNIVERS,PS176,SPAZIO,21.0,Refrigeração / Componentes,SEM FOTO,SPAZIO PS176 RECIPIENTE EVAPORACAO P/ COMPRESSOR FF ANTIGO D20237 UNIVERS
707,053760,PISTAO EA52PJ088 ORIFIC 0.088 VALVULA DE EXPANSAO 60000BTUS,77128707,TOTALINE,20.0,Peças para Lavadora e Bebedouro,SEM FOTO,TOTALINE 77128707 PISTAO EA52PJ088 ORIFIC 0.088 VALVULA DE EXPANSAO 60000BTUS
708,054200,KIT MECANISMO TQ ARNO LAVETE INTENSE 10K,950100,SAMATEC,20.0,Refrigeração / Componentes,SEM FOTO,SAMATEC 950100 KIT MECANISMO TQ ARNO LAVETE INTENSE 10K
709,054339,OCULOS SUMMER FUME,WPS0252,DELTAPLUS,20.0,EPI / Segurança,SEM FOTO,DELTAPLUS WPS0252 OCULOS SUMMER FUME
710,054370,TERMINAL PINO AZUL PRE ISOLADO 16MM 68A,TP-5162,DECORLUX,20.0,Elétrica / Comandos,SEM FOTO,DECORLUX TP-5162 TERMINAL PINO AZUL PRE ISOLADO 16MM 68A
711,055604,"CAPACITOR CBB60, 30UF +-5% X 250V COM FIO WEG",M468,WEG,20.0,Capacitores,SEM FOTO,"WEG M468 CAPACITOR CBB60, 30UF +-5% X 250V COM FIO WEG"
712,056199,COTOVELO EXTERNO 20X10 LINHA E ENERBRAS 360-E2,360-E2,ENERBRAS,20.0,Hidráulica,SEM FOTO,ENERBRAS 360-E2 COTOVELO EXTERNO 20X10 LINHA E ENERBRAS 360-E2
713,056645,DISJUNTOR DIN TRIF 3P 70A 3KA ENERBRAS,DT3-E3C70,ENERBRAS,20.0,Elétrica / Comandos,SEM FOTO,ENERBRAS DT3-E3C70 DISJUNTOR DIN TRIF 3P 70A 3KA ENERBRAS
714,057417,BUCHA ZAMAC 3.1/2,7893537000109,INCA,20.0,Fixação e Acessórios,SEM FOTO,INCA 7893537000109 BUCHA ZAMAC 3.1/2
715,057418,BUCHA ZAMAC 4,7893537000116,INCA,20.0,Fixação e Acessórios,SEM FOTO,INCA 7893537000116 BUCHA ZAMAC 4
716,057428,ARRUELA ZAMAC 3.1/2,7893537000369,INCA,20.0,Fixação e Acessórios,SEM FOTO,INCA 7893537000369 ARRUELA ZAMAC 3.1/2
717,057429,ARRUELA ZAMAC 4,7893537000376,INCA,20.0,Fixação e Acessórios,SEM FOTO,INCA 7893537000376 ARRUELA ZAMAC 4
718,057430,CONECTOR BOX RETO ZAMAC 3/8,7893537000239,INCA,20.0,Elétrica / Comandos,SEM FOTO,INCA 7893537000239 CONECTOR BOX RETO ZAMAC 3/8
719,057431,CONECTOR BOX RETO ZAMAC 1/2,7893537000246,INCA,20.0,Elétrica / Comandos,SEM FOTO,INCA 7893537000246 CONECTOR BOX RETO ZAMAC 1/2
720,057434,CONECTOR BOX CURVO ZAMAC 3/8,7893537000444,INCA,20.0,Elétrica / Comandos,SEM FOTO,INCA 7893537000444 CONECTOR BOX CURVO ZAMAC 3/8
721,057435,CONECTOR BOX CURVO ZAMAC 1/2,7893537000451,INCA,20.0,Elétrica / Comandos,SEM FOTO,INCA 7893537000451 CONECTOR BOX CURVO ZAMAC 1/2
722,057436,CONECTOR BOX CURVO ZAMAC 3/4,7893537000468,INCA,20.0,Elétrica / Comandos,SEM FOTO,INCA 7893537000468 CONECTOR BOX CURVO ZAMAC 3/4
723,057437,CONECTOR BOX CURVO ZAMAC 1,7893537000475,INCA,20.0,Elétrica / Comandos,SEM FOTO,INCA 7893537000475 CONECTOR BOX CURVO ZAMAC 1
724,057441,CONECTOR BOX CURVO ALUMINIO 1.1/4,7893537009966,INCA,20.0,Elétrica / Comandos,SEM FOTO,INCA 7893537009966 CONECTOR BOX CURVO ALUMINIO 1.1/4
725,057442,CONECTOR BOX CURVO ALUMINIO 1.1/2,7893537009973,INCA,20.0,Elétrica / Comandos,SEM FOTO,INCA 7893537009973 CONECTOR BOX CURVO ALUMINIO 1.1/2
726,057444,CONECTOR RETO ALUMINIO 1/2,7893537012256,INCA,20.0,Elétrica / Comandos,SEM FOTO,INCA 7893537012256 CONECTOR RETO ALUMINIO 1/2
727,057447,CONECTOR CONICO ALUMINIO 1/2,7893537012287,INCA,20.0,Elétrica / Comandos,SEM FOTO,INCA 7893537012287 CONECTOR CONICO ALUMINIO 1/2
728,057449,CONECTOR CONICO ALUMINIO 1,7893537012300,INCA,20.0,Elétrica / Comandos,SEM FOTO,INCA 7893537012300 CONECTOR CONICO ALUMINIO 1
729,057470,ESPELHO P/ CONDULETE METALICO 1/2 E 3/4 - 1 CONECTOR RJ,7893537012522,INCA,20.0,Elétrica / Comandos,SEM FOTO,INCA 7893537012522 ESPELHO P/ CONDULETE METALICO 1/2 E 3/4 - 1 CONECTOR RJ
730,057471,ESPELHO P/ CONDULETE METALICO 1/2 E 3/4 - 1 INTERRUPTOR,7893537012539,INCA,20.0,Elétrica / Comandos,SEM FOTO,INCA 7893537012539 ESPELHO P/ CONDULETE METALICO 1/2 E 3/4 - 1 INTERRUPTOR
731,057473,ESPELHO P/ CONDULETE METALICO 1/2 E 3/4 - 2 INTERRUPTORES DI,7893537012560,INCA,20.0,Elétrica / Comandos,SEM FOTO,INCA 7893537012560 ESPELHO P/ CONDULETE METALICO 1/2 E 3/4 - 2 INTERRUPTORES DI
732,057477,ESPELHO P/ CONDULETE METALICO 1 - 1 INTERRUPTOR,7893537012591,INCA,20.0,Elétrica / Comandos,SEM FOTO,INCA 7893537012591 ESPELHO P/ CONDULETE METALICO 1 - 1 INTERRUPTOR
733,057478,ESPELHO P/ CONDULETE METALICO 1 - 2 CONECTORES RJ,7893537012614,INCA,20.0,Elétrica / Comandos,SEM FOTO,INCA 7893537012614 ESPELHO P/ CONDULETE METALICO 1 - 2 CONECTORES RJ
734,057479,ESPELHO P/ CONDULETE METALICO 1 - 2 INTERRUPTORES,7893537012621,INCA,20.0,Elétrica / Comandos,SEM FOTO,INCA 7893537012621 ESPELHO P/ CONDULETE METALICO 1 - 2 INTERRUPTORES
735,057559,FITA DE LED NEON FLEXIVEL12V 5M AMARELA,448,LECTRON,20.0,Iluminação,SEM FOTO,LECTRON 448 FITA DE LED NEON FLEXIVEL12V 5M AMARELA
736,057604,CONTROLADORA RGB WIFI MUSICAL SENSOR RITMICO 2  VIAS,453,LECTRON,20.0,Automação / Temporizadores,SEM FOTO,LECTRON 453 CONTROLADORA RGB WIFI MUSICAL SENSOR RITMICO 2 VIAS
737,057605,CONTROLADORA WIFI RGB,455,LECTRON,20.0,Automação / Temporizadores,SEM FOTO,LECTRON 455 CONTROLADORA WIFI RGB
738,057722,FITA DE LED IP67 FW-2811RGB-60RW RCB+KZQ 60SMD 12V 5MT,FW-2812RGB-60EW,PROMESSA ILUMINACAO,20.0,Iluminação,SEM FOTO,PROMESSA ILUMINACAO FW-2812RGB-60EW FITA DE LED IP67 FW-2811RGB-60RW RCB+KZQ 60SMD 12V 5MT
739,057830,LAMPADA LED BULBO T100 40W AUTOVOLT 6500K E27,LLB640YB,LUMANTI,20.0,Iluminação,SEM FOTO,LUMANTI LLB640YB LAMPADA LED BULBO T100 40W AUTOVOLT 6500K E27
740,057838,"LAMPADA DICROICA LED GU10 4,8W 6500K 36 MR16 AUTOVOLT",MR166048,LUMANTI,20.0,Iluminação,SEM FOTO,"LUMANTI MR166048 LAMPADA DICROICA LED GU10 4,8W 6500K 36 MR16 AUTOVOLT"
741,057853,LAMPADA VINTAGE T30 LED FILAMENTO 4W 2400K E-27 AUTOVOLT 400,LLFT30204B,LUMANTI,20.0,Iluminação,SEM FOTO,LUMANTI LLFT30204B LAMPADA VINTAGE T30 LED FILAMENTO 4W 2400K E-27 AUTOVOLT 400
742,057873,SPOT DE EMBUTIR REDONDO BRANCO LED 5W 6500K AUTOVOLT,SLER605O,LUMANTI,20.0,Iluminação,SEM FOTO,LUMANTI SLER605O SPOT DE EMBUTIR REDONDO BRANCO LED 5W 6500K AUTOVOLT
743,057899,LUMINARIA PRATICA DE SOBREPOR BRANCA P/ 1 LAMPADA LED 60 CM,LPS05L,LUMANTI,20.0,Iluminação,SEM FOTO,LUMANTI LPS05L LUMINARIA PRATICA DE SOBREPOR BRANCA P/ 1 LAMPADA LED 60 CM
744,058581,TUBO ELASTOMERICO 1/2 H 012 ARMAFLEX ISOLACAO TERMICA 13MM,FPIC1BR13012000,ARMACELL,20.0,Instalação de Ar-Condicionado,SEM FOTO,ARMACELL FPIC1BR13012000 TUBO ELASTOMERICO 1/2 H 012 ARMAFLEX ISOLACAO TERMICA 13MM
745,058582,TUBO ELASTOMERICO 1/4 H 006 ARMAFLEX ISOLAC TERMICA 13MM,FPIC1BR13006000,ARMACELL,20.0,Instalação de Ar-Condicionado,SEM FOTO,ARMACELL FPIC1BR13006000 TUBO ELASTOMERICO 1/4 H 006 ARMAFLEX ISOLAC TERMICA 13MM
746,058586,TUBO ELASTOMERICO 5/8 H 015 ARMAFLEX ISOLACAO TERMICA 13MM,FPIC1BR13015000,ARMACELL,20.0,Instalação de Ar-Condicionado,SEM FOTO,ARMACELL FPIC1BR13015000 TUBO ELASTOMERICO 5/8 H 015 ARMAFLEX ISOLACAO TERMICA 13MM
747,058669,RABICHO PARA MANGUIRA DE LED COBI 127V VLX 0341,VLX 0341,V L X,20.0,Iluminação,SEM FOTO,V L X VLX 0341 RABICHO PARA MANGUIRA DE LED COBI 127V VLX 0341
748,058802,CAPACITOR WEG  04 UF 250 VAC  ( COM FIO ) 24 X 47,M463,WEG,20.0,Capacitores,SEM FOTO,WEG M463 CAPACITOR WEG 04 UF 250 VAC ( COM FIO ) 24 X 47
749,058875,ALICATE PRESSAO 10 250MM A.C,99BR.008.007,UNIFORT,20.0,Ferramentas / Instrumentos,SEM FOTO,UNIFORT 99BR.008.007 ALICATE PRESSAO 10 250MM A.C
750,058884,"CHAVE L ALLEN C/ GUIA 1,5MM C.V",99BR.071.000,UNIFORT,20.0,Ferramentas / Instrumentos,SEM FOTO,"UNIFORT 99BR.071.000 CHAVE L ALLEN C/ GUIA 1,5MM C.V"
751,058885,"CHAVE L ALLEN C/ GUIA 2,0MM C.V",99BR.071.001,UNIFORT,20.0,Ferramentas / Instrumentos,SEM FOTO,"UNIFORT 99BR.071.001 CHAVE L ALLEN C/ GUIA 2,0MM C.V"
752,059208,TUBO ELASTOMERICO 3/8 H 010 ARMAFLEX ISOLACAO TERMICA 13MM,C131504,ARMAFLEX,20.0,Instalação de Ar-Condicionado,SEM FOTO,ARMAFLEX C131504 TUBO ELASTOMERICO 3/8 H 010 ARMAFLEX ISOLACAO TERMICA 13MM
753,059233,SENSOR PRESENCA COM SOQUETE,890,PW,20.0,Ferramentas / Instrumentos,SEM FOTO,PW 890 SENSOR PRESENCA COM SOQUETE
754,059754,CONJ MANIFOLD CT536G R22/R134A/R404/R407 C MANG 90CM FRIVEN,20003.0502.36,FRIVEN,20.0,Gases Refrigerantes,SEM FOTO,FRIVEN 20003.0502.36 CONJ MANIFOLD CT536G R22/R134A/R404/R407 C MANG 90CM FRIVEN
755,060214,CHAVE PHILLIPS GP #1_3/1 6X4,1864200,IRWIN,20.0,Ferramentas / Instrumentos,SEM FOTO,IRWIN 1864200 CHAVE PHILLIPS GP #1_3/1 6X4
756,060353,"ABRACADEIRA DE NYLON 100X2,5MM PRETO -",1833.0,SHALL,20.0,Fixação e Acessórios,SEM FOTO,"SHALL 1833.0 ABRACADEIRA DE NYLON 100X2,5MM PRETO -"
757,060528,JOGO CHAVE TORX I CURTO 10PC T7 A T40,IW10751,IRWIN,20.0,Ferramentas / Instrumentos,SEM FOTO,IRWIN IW10751 JOGO CHAVE TORX I CURTO 10PC T7 A T40
758,060529,BROCA SDS PLUS 160 X 06.00 MM,IW13087,IRWIN,20.0,Ferramentas / Instrumentos,SEM FOTO,IRWIN IW13087 BROCA SDS PLUS 160 X 06.00 MM
759,060538,JUNCAO UNIAO LOKRING DE ALUMINIO PARA TUBO 3/8 X 1/4,JNUN3/8X1/4,SPAZIO,20.0,Instalação de Ar-Condicionado,SEM FOTO,SPAZIO JNUN3/8X1/4 JUNCAO UNIAO LOKRING DE ALUMINIO PARA TUBO 3/8 X 1/4
760,060539,JUNCAO UNIAO LOKRING DE ALUMINIO PARA TUBO 3/8 X 3/8,JNUN3/8,SPAZIO,20.0,Instalação de Ar-Condicionado,SEM FOTO,SPAZIO JNUN3/8 JUNCAO UNIAO LOKRING DE ALUMINIO PARA TUBO 3/8 X 3/8
761,060540,"JUNCAO UNIAO LOKRING DE ALUMINIO PARA TUBO 7,0 MM X 1/4",55024,SPAZIO,20.0,Instalação de Ar-Condicionado,SEM FOTO,"SPAZIO 55024 JUNCAO UNIAO LOKRING DE ALUMINIO PARA TUBO 7,0 MM X 1/4"
762,060552,PROTETOR DE CHAMA 12MM,PC004,SPAZIO,20.0,Refrigeração / Componentes,SEM FOTO,SPAZIO PC004 PROTETOR DE CHAMA 12MM
763,060585,LIMP DESINCRUSTANTE 5L AR DA TERRA,PL00344-5,AR DA TERRA,20.0,Outros,SEM FOTO,AR DA TERRA PL00344-5 LIMP DESINCRUSTANTE 5L AR DA TERRA
764,053031,ESTILETE NA CARTELA SECURITY,A145-SD-66,SECURITY,19.0,Ferramentas / Instrumentos,SEM FOTO,SECURITY A145-SD-66 ESTILETE NA CARTELA SECURITY
765,053688,CORPO VALVULA EXPANSAO TX2 R22 ROSCA RF21F101 FACON,TH22,FACON,19.0,Gases Refrigerantes,SEM FOTO,FACON TH22 CORPO VALVULA EXPANSAO TX2 R22 ROSCA RF21F101 FACON
766,053869,GARRA DO ACOPLAMENTO LAVADORA ELECTROLUX,M134,DE PLASTIC,19.0,Ferramentas / Instrumentos,SEM FOTO,DE PLASTIC M134 GARRA DO ACOPLAMENTO LAVADORA ELECTROLUX
767,053917,DISJUNTOR DIN TRI 3P 100A DZ158-125 6KA CHINT,158068,CHINT,19.0,Elétrica / Comandos,SEM FOTO,CHINT 158068 DISJUNTOR DIN TRI 3P 100A DZ158-125 6KA CHINT
768,054511,CONTATOR 65A NC1-6511 220V 50/60HZ - CHINT REF: 222710,222710,CHINT,19.0,Elétrica / Comandos,SEM FOTO,CHINT 222710 CONTATOR 65A NC1-6511 220V 50/60HZ - CHINT REF: 222710
769,054587,RETENTOR DO TANQ LAV ELECT LT50/LT60/LTE06/LTE08 41012235,65477817,ELECTROLUX,19.0,Peças para Lavadora e Bebedouro,SEM FOTO,ELECTROLUX 65477817 RETENTOR DO TANQ LAV ELECT LT50/LT60/LTE06/LTE08 41012235
770,055054,INTERRUPTOR ALAVANCA BIP 15A TIC-TAC 14203,14203,MARGIRIUS,19.0,Elétrica / Comandos,SEM FOTO,MARGIRIUS 14203 INTERRUPTOR ALAVANCA BIP 15A TIC-TAC 14203
771,056507,INTERRUPTOR 1 TECLA+TOMADA 10A ENERBRAS 309-ESN/CP,309-ESN/CP,ENERBRAS,19.0,Elétrica / Comandos,SEM FOTO,ENERBRAS 309-ESN/CP INTERRUPTOR 1 TECLA+TOMADA 10A ENERBRAS 309-ESN/CP
772,056884,BROCA PARA COMCRETO 100 X 7 MM 9/32 SP,IW906,IRWIN,19.0,Ferramentas / Instrumentos,SEM FOTO,IRWIN IW906 BROCA PARA COMCRETO 100 X 7 MM 9/32 SP
773,057112,ARANDELA PAREDE CUBO 2 FACHOS 3000K TRIAL,566,TRIAL,19.0,Iluminação,SEM FOTO,TRIAL 566 ARANDELA PAREDE CUBO 2 FACHOS 3000K TRIAL
774,057285,BATERIA ALCALINA 9V 6LF22XAB/1B PANASSONIC,6LF22XAB/1B,PANASSONIC,19.0,Eletrônicos / Informática,SEM FOTO,PANASSONIC 6LF22XAB/1B BATERIA ALCALINA 9V 6LF22XAB/1B PANASSONIC
775,057446,CONECTOR RETO ALUMINIO 1,7893537012270,INCA,19.0,Elétrica / Comandos,SEM FOTO,INCA 7893537012270 CONECTOR RETO ALUMINIO 1
776,057474,ESPELHO P/ CONDULETE METALICO 1/2 E 3/4 - 3 INTERRUPTORES,7893537012577,INCA,19.0,Elétrica / Comandos,SEM FOTO,INCA 7893537012577 ESPELHO P/ CONDULETE METALICO 1/2 E 3/4 - 3 INTERRUPTORES
777,057476,ESPELHO P/ CONDULETE METALICO 1 - 1 CONECTOR RJ,7893537012652,INCA,19.0,Elétrica / Comandos,SEM FOTO,INCA 7893537012652 ESPELHO P/ CONDULETE METALICO 1 - 1 CONECTOR RJ
778,057603,CONTROLADORA MUSICA BLUETOOTH RGB 12V,454,LECTRON,19.0,Automação / Temporizadores,SEM FOTO,LECTRON 454 CONTROLADORA MUSICA BLUETOOTH RGB 12V
779,057606,CONTROLADORA 2.4G,460,LECTRON,19.0,Automação / Temporizadores,SEM FOTO,LECTRON 460 CONTROLADORA 2.4G
780,057609,CONTROLADORA DIMER,458,LECTRON,19.0,Automação / Temporizadores,SEM FOTO,LECTRON 458 CONTROLADORA DIMER
781,058369,PLUGUE 2P T 10A PRETO EMB GRANEL CONNECT,071-EP,ENERBRAS,19.0,Elétrica / Comandos,SEM FOTO,ENERBRAS 071-EP PLUGUE 2P T 10A PRETO EMB GRANEL CONNECT
782,058438,RELE PLACA ELETRONICA AR CONDICIONADO 20AMP 250VAC EOS - 20A,S145750,EOS,19.0,Refrigeração / Componentes,SEM FOTO,EOS S145750 RELE PLACA ELETRONICA AR CONDICIONADO 20AMP 250VAC EOS - 20A
783,058800,RETENTOR TANQUE LR ELECTROLUX ( COMPATIVEL ) MODELOS  LT50 L,M725,SAMATEC,19.0,Peças para Lavadora e Bebedouro,SEM FOTO,SAMATEC M725 RETENTOR TANQUE LR ELECTROLUX ( COMPATIVEL ) MODELOS LT50 L
784,058886,"CHAVE L ALLEN C/ GUIA 2,5MM C.V",99BR.072.000,UNIFORT,19.0,Ferramentas / Instrumentos,SEM FOTO,"UNIFORT 99BR.072.000 CHAVE L ALLEN C/ GUIA 2,5MM C.V"
785,059807,TORNEIRA ESFERA 1/2 X 3/4 ART METAIS,976,ART METAIS,19.0,Peças para Lavadora e Bebedouro,SEM FOTO,ART METAIS 976 TORNEIRA ESFERA 1/2 X 3/4 ART METAIS
786,060349,BOMBA DRENO EVAP. 220-240V 50/60HZ K7 CARRIER 18K A 48K - MD,47503,NUCLEO DO FRIO,19.0,Instalação de Ar-Condicionado,SEM FOTO,NUCLEO DO FRIO 47503 BOMBA DRENO EVAP. 220-240V 50/60HZ K7 CARRIER 18K A 48K - MD
787,060368,CURVA CO 90 LONGA 1/4 VIX,1016708,VIX,19.0,Instalação de Ar-Condicionado,SEM FOTO,VIX 1016708 CURVA CO 90 LONGA 1/4 VIX
788,060554,PROTETOR DE CHAMA 20MM,PC002,SPAZIO,19.0,Refrigeração / Componentes,SEM FOTO,SPAZIO PC002 PROTETOR DE CHAMA 20MM
789,053876,FILTRO AC SPRINGER PISO TETO MODERNA 18 A 80 BTUS,A004,DE PLASTIC,18.0,Refrigeração / Componentes,SEM FOTO,DE PLASTIC A004 FILTRO AC SPRINGER PISO TETO MODERNA 18 A 80 BTUS
790,054202,CORREIA TANQUINHO ARNO INTENSE 05 PJE 772 / 5R JMA 772,951432,SAMATEC,18.0,Peças para Lavadora e Bebedouro,SEM FOTO,SAMATEC 951432 CORREIA TANQUINHO ARNO INTENSE 05 PJE 772 / 5R JMA 772
791,054306,ROLAMENTO 6204 2RS EOS,M21227,EOS,18.0,Peças para Lavadora e Bebedouro,SEM FOTO,EOS M21227 ROLAMENTO 6204 2RS EOS
792,054364,COMP EMBRACO 220V 60HZ R600 1/4HP EGAS80CLP,W10388222,EMBRACO,18.0,Gases Refrigerantes,SEM FOTO,EMBRACO W10388222 COMP EMBRACO 220V 60HZ R600 1/4HP EGAS80CLP
793,054687,RETENTOR INFERIOR DA TAMPA/EIXO ELECT LM06/LM08 41002587,65477808,ELECTROLUX,18.0,Peças para Lavadora e Bebedouro,SEM FOTO,ELECTROLUX 65477808 RETENTOR INFERIOR DA TAMPA/EIXO ELECT LM06/LM08 41002587
794,055078,INTERRUPTOR UNIPOLAR PRETO 3 TERM 15A 120V 16103 M9FT8FE2G,16103 M9FT8FE2G,MARGIRIUS,18.0,Elétrica / Comandos,SEM FOTO,MARGIRIUS 16103 M9FT8FE2G INTERRUPTOR UNIPOLAR PRETO 3 TERM 15A 120V 16103 M9FT8FE2G
795,055262,PRENSA CABO PG29 1 CINZA LUKMA,29035,LUKMA,18.0,Elétrica / Comandos,SEM FOTO,LUKMA 29035 PRENSA CABO PG29 1 CINZA LUKMA
796,055601,"CAPACITOR CBB60, 15UF +-5% X 250V COM FIO WEG",M420,WEG,18.0,Capacitores,SEM FOTO,"WEG M420 CAPACITOR CBB60, 15UF +-5% X 250V COM FIO WEG"
797,055865,MOTOR VENT METALFRIO 1/100 110V 60HZ 0.7A YJF61/26 SOPRADOR,YJF61/26,FACON,18.0,Ferramentas / Instrumentos,SEM FOTO,FACON YJF61/26 MOTOR VENT METALFRIO 1/100 110V 60HZ 0.7A YJF61/26 SOPRADOR
798,056286,ESPATULA DE ACO 10CM 175/10 ATLAS,175/10,ATLAS,18.0,Outros,SEM FOTO,ATLAS 175/10 ESPATULA DE ACO 10CM 175/10 ATLAS
799,056588,LAMPADA TUBOLAR LED T8 18W 6500K,597,TRIAL,18.0,Iluminação,SEM FOTO,TRIAL 597 LAMPADA TUBOLAR LED T8 18W 6500K
800,056960,AGUA SANITARIA 1L QUALYBRILL,13012,QUALYBRILL,18.0,Outros,SEM FOTO,QUALYBRILL 13012 AGUA SANITARIA 1L QUALYBRILL
801,057060,MOUSE SEM FIO 2.4GHZ 1200DPI BRANCO USB,MO286,MULTILASER,18.0,Eletrônicos / Informática,SEM FOTO,MULTILASER MO286 MOUSE SEM FIO 2.4GHZ 1200DPI BRANCO USB
802,057113,ARANDELA PAREDE CUBO 2 FACHOS 3000K TRIAL,567,TRIAL,18.0,Iluminação,SEM FOTO,TRIAL 567 ARANDELA PAREDE CUBO 2 FACHOS 3000K TRIAL
803,057129,SPOT LED AUXILIAR 03W 3000K QUADRADO TRIAL,664,TRIAL,18.0,Iluminação,SEM FOTO,TRIAL 664 SPOT LED AUXILIAR 03W 3000K QUADRADO TRIAL
804,057338,ABRACADEIRA P/ ANTENA - UNIVERSAL,7893537000673,INCA,18.0,Fixação e Acessórios,SEM FOTO,INCA 7893537000673 ABRACADEIRA P/ ANTENA - UNIVERSAL
805,057482,ESPELHO PARA CONDULETE METALICO 1 - 1 TOMADA NOVO PADRAO,7893537014298,INCA,18.0,Elétrica / Comandos,SEM FOTO,INCA 7893537014298 ESPELHO PARA CONDULETE METALICO 1 - 1 TOMADA NOVO PADRAO
806,057607,CONTROLADORA BLUETOOTH 1 CONTRA 3,456,LECTRON,18.0,Automação / Temporizadores,SEM FOTO,LECTRON 456 CONTROLADORA BLUETOOTH 1 CONTRA 3
807,057610,CONTROLADORA DIMER WI-FI,459,LECTRON,18.0,Automação / Temporizadores,SEM FOTO,LECTRON 459 CONTROLADORA DIMER WI-FI
808,057611,CONTROLADORA RGB TOUCH,461,LECTRON,18.0,Automação / Temporizadores,SEM FOTO,LECTRON 461 CONTROLADORA RGB TOUCH
809,057714,PERFIL ALUNINIO EMB BR 17X7 2MT,BR 17X7 EMB,PROMESSA ILUMINACAO,18.0,Outros,SEM FOTO,PROMESSA ILUMINACAO BR 17X7 EMB PERFIL ALUNINIO EMB BR 17X7 2MT
810,057723,FITA DE LED IP67 FW-3535-96RW-HB RGB+KZQ 96SMD12V 18W/M 12LM,FW-3535-96RW-HB,PROMESSA ILUMINACAO,18.0,Iluminação,SEM FOTO,PROMESSA ILUMINACAO FW-3535-96RW-HB FITA DE LED IP67 FW-3535-96RW-HB RGB+KZQ 96SMD12V 18W/M 12LM
811,058783,"CAPACITOR DUPLO CBB65, 45UF+2,5 MDF X 440VAC C METAL HULTER",HT5CD45/2-5TA440VP,HULTER,18.0,Capacitores,SEM FOTO,"HULTER HT5CD45/2-5TA440VP CAPACITOR DUPLO CBB65, 45UF+2,5 MDF X 440VAC C METAL HULTER"
812,058799,RETENTOR TANQUE LR ELECTROLUX ( COMPATIVEL ) MODELOS LTR10 L,M729,SAMATEC,18.0,Peças para Lavadora e Bebedouro,SEM FOTO,SAMATEC M729 RETENTOR TANQUE LR ELECTROLUX ( COMPATIVEL ) MODELOS LTR10 L
813,058814,"CAPACITOR CBB60, 30UF +-5% X 250V COM TERMINAL WEG",M476,WEG,18.0,Capacitores,SEM FOTO,"WEG M476 CAPACITOR CBB60, 30UF +-5% X 250V COM TERMINAL WEG"
814,058861,GAS GP CLEAR 100 - LATA 5KG SUBSTITUDO DO 141B,7668,GP CLEAR,18.0,Gases Refrigerantes,SEM FOTO,GP CLEAR 7668 GAS GP CLEAR 100 - LATA 5KG SUBSTITUDO DO 141B
815,058890,TRENA METRICA EMBORRACHADA 3M X 16MM,99BR.705.000,UNIFORT,18.0,Ferramentas / Instrumentos,SEM FOTO,UNIFORT 99BR.705.000 TRENA METRICA EMBORRACHADA 3M X 16MM
816,059336,RELE PTC PARTIDA VIX 3 PINOS 220,000000000001017105,VIX,18.0,Refrigeração / Componentes,SEM FOTO,VIX 000000000001017105 RELE PTC PARTIDA VIX 3 PINOS 220
817,059544,PORCA CURTA 3/4 SAE HULTER,100208937,HULTER,18.0,Fixação e Acessórios,SEM FOTO,HULTER 100208937 PORCA CURTA 3/4 SAE HULTER
818,059705,PLACA UNIVERSAL AC ON/OFF COM LED E CONTROLE REMOTO 220V FRI,20003.1790.65,FRIVEN,18.0,Iluminação,SEM FOTO,FRIVEN 20003.1790.65 PLACA UNIVERSAL AC ON/OFF COM LED E CONTROLE REMOTO 220V FRI
819,060184,TINTA SPRAY AZUL CEU 36 COLORGIN,403193,COLOGIN,18.0,Químicos / Solda e Limpeza,SEM FOTO,COLOGIN 403193 TINTA SPRAY AZUL CEU 36 COLORGIN
820,060407,RELE DE PROTECAO MODELO R6 1/4,186,ESSEK,18.0,Refrigeração / Componentes,SEM FOTO,ESSEK 186 RELE DE PROTECAO MODELO R6 1/4
821,060409,RELE DE PROTECAO MODELO R6 1/5,185,ESSEK,18.0,Refrigeração / Componentes,SEM FOTO,ESSEK 185 RELE DE PROTECAO MODELO R6 1/5
822,060429,GRAXA BRANCA SPRAY 180G/350ML,202512-05,OBAGAS,18.0,Químicos / Solda e Limpeza,SEM FOTO,OBAGAS 202512-05 GRAXA BRANCA SPRAY 180G/350ML
823,003508,CHAVE DE FENDA SIMPLES 3/16X10 GEDORE,36084,GEDORE,17.0,Ferramentas / Instrumentos,SEM FOTO,GEDORE 36084 CHAVE DE FENDA SIMPLES 3/16X10 GEDORE
824,053066,TORNEIRA PRA BEBEDOURO TIPO JATO COPO LATAO RAVID,02000001,RAVID,17.0,Peças para Lavadora e Bebedouro,SEM FOTO,RAVID 02000001 TORNEIRA PRA BEBEDOURO TIPO JATO COPO LATAO RAVID
825,053430,MOTOR VENT EVERWELL 120/60HZ 3000RPM FM2-334,FM2-334,EVERWELL,17.0,Refrigeração / Componentes,SEM FOTO,EVERWELL FM2-334 MOTOR VENT EVERWELL 120/60HZ 3000RPM FM2-334
826,054196,CHAVE T 8MM PARAF GAB LTC07 LONGA 62CM ELECTROLUX,B950119,SAMATEC,17.0,Ferramentas / Instrumentos,SEM FOTO,SAMATEC B950119 CHAVE T 8MM PARAF GAB LTC07 LONGA 62CM ELECTROLUX
827,054814,TUBO CENTRIFUGACAO (COMPLETO) CONJ LAVAD BRAST 11KG BWL11ARA,W11299794,WHIRLPOOL,17.0,Peças para Lavadora e Bebedouro,SEM FOTO,WHIRLPOOL W11299794 TUBO CENTRIFUGACAO (COMPLETO) CONJ LAVAD BRAST 11KG BWL11ARA
828,054940,CONJUNTO ISOLADOR TERMICO IBBL,10540011,IBBL,17.0,Peças para Lavadora e Bebedouro,SEM FOTO,IBBL 10540011 CONJUNTO ISOLADOR TERMICO IBBL
829,055982,BLOCO DE CONTATO AUXILIAR 1NA+1NF CHINT F4 - REF: 257022,257022,CHINT,17.0,Refrigeração / Componentes,SEM FOTO,CHINT 257022 BLOCO DE CONTATO AUXILIAR 1NA+1NF CHINT F4 - REF: 257022
830,056110,CHAVE L HEXAGONAL 3/8 GEDORE RED,12059,GEDORE,17.0,Ferramentas / Instrumentos,SEM FOTO,GEDORE 12059 CHAVE L HEXAGONAL 3/8 GEDORE RED
831,056183,BARRAMENTO PENTE TRIF 12P DIN63A 21CM ENERBRAS BP63-E3/21,BP63-E3/21,ENERBRAS,17.0,Ferramentas / Instrumentos,SEM FOTO,ENERBRAS BP63-E3/21 BARRAMENTO PENTE TRIF 12P DIN63A 21CM ENERBRAS BP63-E3/21
832,056213,CONJ INTER 2TC SIMPLES + TOM 20A ENERBRAS 1898-ESN,1898-ESN,ENERBRAS,17.0,Peças para Lavadora e Bebedouro,SEM FOTO,ENERBRAS 1898-ESN CONJ INTER 2TC SIMPLES + TOM 20A ENERBRAS 1898-ESN
833,056352,FIXADOR DE FIO CICULAR 4.0MM PCT COM 50 UNIDADES DECORLUX,FC0043,DECORLUX,17.0,Elétrica / Comandos,SEM FOTO,DECORLUX FC0043 FIXADOR DE FIO CICULAR 4.0MM PCT COM 50 UNIDADES DECORLUX
834,056504,INTERRUPTOR 2 TECLAS ENERBRAS 307-ESP/CP,307-ESP/CP,ENERBRAS,17.0,Elétrica / Comandos,SEM FOTO,ENERBRAS 307-ESP/CP INTERRUPTOR 2 TECLAS ENERBRAS 307-ESP/CP
835,056616,INTERRUPTOR 2 TECLAS PARALELO CX PADRAO ENERBRAS 307-EP/CP,307-EP/CP,ENERBRAS,17.0,Elétrica / Comandos,SEM FOTO,ENERBRAS 307-EP/CP INTERRUPTOR 2 TECLAS PARALELO CX PADRAO ENERBRAS 307-EP/CP
836,056746,PROTETOR TERMICO CRT4 A 2/3-3/4 HP A/C 7000/7500 BTUS 220V,CART4(A)-2/3 220V,ESSEK,17.0,Refrigeração / Componentes,SEM FOTO,ESSEK CART4(A)-2/3 220V PROTETOR TERMICO CRT4 A 2/3-3/4 HP A/C 7000/7500 BTUS 220V
837,057065,MOUSE OPTICO FULL BLACK USB BULK,MO312,MULTILASER,17.0,Eletrônicos / Informática,SEM FOTO,MULTILASER MO312 MOUSE OPTICO FULL BLACK USB BULK
838,058887,"CHAVE ALLEN 3,0MM",99BR.072.002,UNIFORT,17.0,Ferramentas / Instrumentos,SEM FOTO,"UNIFORT 99BR.072.002 CHAVE ALLEN 3,0MM"
839,059409,CHAVE PHILLIPS 1/4X4 C.V,99BR.329.000,UNIFORT,17.0,Ferramentas / Instrumentos,SEM FOTO,UNIFORT 99BR.329.000 CHAVE PHILLIPS 1/4X4 C.V
840,059688,BATERIA PANASSONIC ALCALINA 12V P CONTROLE PORTAO,3020114,PANASSONIC,17.0,Eletrônicos / Informática,SEM FOTO,PANASSONIC 3020114 BATERIA PANASSONIC ALCALINA 12V P CONTROLE PORTAO
841,059773,RELE CONTATOR 8 PINOS 30A / 240VAC 50/60HZ DPDT 20 ESSEK,HLR-72CUTAA,ESSEK,17.0,Elétrica / Comandos,SEM FOTO,ESSEK HLR-72CUTAA RELE CONTATOR 8 PINOS 30A / 240VAC 50/60HZ DPDT 20 ESSEK
842,060215,CHAVE PHILLIPS GP #1_3/1 6X6,1864212,IRWIN,17.0,Ferramentas / Instrumentos,SEM FOTO,IRWIN 1864212 CHAVE PHILLIPS GP #1_3/1 6X6
843,060226,BATERIA FOX.LITIO 3V CR2032 5,3021583,FOXLUX,17.0,Eletrônicos / Informática,SEM FOTO,FOXLUX 3021583 BATERIA FOX.LITIO 3V CR2032 5
844,060391,"PORCA FLANGEADA DE LATAO FORJADO 3/4""",80170.029,SURYHA,17.0,Fixação e Acessórios,SEM FOTO,"SURYHA 80170.029 PORCA FLANGEADA DE LATAO FORJADO 3/4"""
845,060427,DESENGRIPANTE SPRAY 180G - 350ML,202509-07,OBAGAS,17.0,Outros,SEM FOTO,OBAGAS 202509-07 DESENGRIPANTE SPRAY 180G - 350ML
846,060553,PROTETOR DE CHAMA 16MM,PC003,SPAZIO,17.0,Refrigeração / Componentes,SEM FOTO,SPAZIO PC003 PROTETOR DE CHAMA 16MM
847,052467,RELE E PROT TERMICO CONJUG EMBRACO 1/5 110V MOD PW-A 15 ESSE,R014,ESSEK,16.0,Peças para Lavadora e Bebedouro,SEM FOTO,ESSEK R014 RELE E PROT TERMICO CONJUG EMBRACO 1/5 110V MOD PW-A 15 ESSE
848,055053,MICRO INTERRUPITOR / CHAVE FIM DE CURSO 20A 120VAC MG-2604,MG-2604,MARGIRIUS,16.0,Ferramentas / Instrumentos,SEM FOTO,MARGIRIUS MG-2604 MICRO INTERRUPITOR / CHAVE FIM DE CURSO 20A 120VAC MG-2604
849,055258,PRENSA CABO PG7 1/4 CINZA LUKMA,29027,LUKMA,16.0,Elétrica / Comandos,SEM FOTO,LUKMA 29027 PRENSA CABO PG7 1/4 CINZA LUKMA
850,056200,COTOVELO INTERNO 20X10 LINHA E ENERBRAS 360-E3,360-E3,ENERBRAS,16.0,Hidráulica,SEM FOTO,ENERBRAS 360-E3 COTOVELO INTERNO 20X10 LINHA E ENERBRAS 360-E3
851,056218,CONJ PLACA 2X4 CEGA C SUPORTE ENERBRAS 1811-E1,1811-E1,ENERBRAS,16.0,Peças para Lavadora e Bebedouro,SEM FOTO,ENERBRAS 1811-E1 CONJ PLACA 2X4 CEGA C SUPORTE ENERBRAS 1811-E1
852,056464,INTERRUPTOR 1 TECLA BIPOLAR ENERBRAS 10A 1738-ES,1738-ES,ENERBRAS,16.0,Elétrica / Comandos,SEM FOTO,ENERBRAS 1738-ES INTERRUPTOR 1 TECLA BIPOLAR ENERBRAS 10A 1738-ES
853,056495,CONJ TOMADA 20A DUPLA ENERBRAS 397-EN,397-EN,ENERBRAS,16.0,Elétrica / Comandos,SEM FOTO,ENERBRAS 397-EN CONJ TOMADA 20A DUPLA ENERBRAS 397-EN
854,056618,CANALETA 50X20X2000 PRETA COM FITA DUPLA FACE ENERBRAS,363/2-EFP,ENERBRAS,16.0,Elétrica / Comandos,SEM FOTO,ENERBRAS 363/2-EFP CANALETA 50X20X2000 PRETA COM FITA DUPLA FACE ENERBRAS
855,057307,TRENA COMBATT 3M X 16MM,7898181495660,BOMCORTE,16.0,Ferramentas / Instrumentos,SEM FOTO,BOMCORTE 7898181495660 TRENA COMBATT 3M X 16MM
856,057608,CONTROLADORA BLUETOOTH 1 CONTRA 4,457,LECTRON,16.0,Automação / Temporizadores,SEM FOTO,LECTRON 457 CONTROLADORA BLUETOOTH 1 CONTRA 4
857,057632,CONTROLADORA LED MUSICA SP107E,482,LECTRON,16.0,Iluminação,SEM FOTO,LECTRON 482 CONTROLADORA LED MUSICA SP107E
858,057859,SPOT DE EMBUTIR QUADRADO BRANCO COM RECUO BRANCO PARA MR16,SEBRB2,LUMANTI,16.0,Iluminação,SEM FOTO,LUMANTI SEBRB2 SPOT DE EMBUTIR QUADRADO BRANCO COM RECUO BRANCO PARA MR16
859,057913,TRILHO ELETRIFICADO 2 METROS BRANCO COM CAVA,T200B,LUMANTI,16.0,Iluminação,SEM FOTO,LUMANTI T200B TRILHO ELETRIFICADO 2 METROS BRANCO COM CAVA
860,058160,LAMPADA PIN G9 LED COB 5W 2400K GLASS 220V 600 LUMENS,LLG9205,LUMANTI,16.0,Iluminação,SEM FOTO,LUMANTI LLG9205 LAMPADA PIN G9 LED COB 5W 2400K GLASS 220V 600 LUMENS
861,058209,SPOT DE SOBREPOR REDONDO BRANCO PARA PAR20,SSBR20,LUMANTI,16.0,Iluminação,SEM FOTO,LUMANTI SSBR20 SPOT DE SOBREPOR REDONDO BRANCO PARA PAR20
862,058377,TOMADA MOVEL 2P T 20A 90 PRETO EMB GRANEL CONNECT,086-EP,ENERBRAS,16.0,Elétrica / Comandos,SEM FOTO,ENERBRAS 086-EP TOMADA MOVEL 2P T 20A 90 PRETO EMB GRANEL CONNECT
863,058546,FILTRO 90MM CO C/SILICA S/CAPILAR 3/4 E 1/4XS3/16 EOS,D-1876,EOS,16.0,Refrigeração / Componentes,SEM FOTO,EOS D-1876 FILTRO 90MM CO C/SILICA S/CAPILAR 3/4 E 1/4XS3/16 EOS
864,058655,REFIL FPA12 ELECTROLUX PA10N/PA20G/PA25G/PA30G/PA40G,1160A,PLANETA AGUA,16.0,Filtros e Purificadores de Água,SEM FOTO,PLANETA AGUA 1160A REFIL FPA12 ELECTROLUX PA10N/PA20G/PA25G/PA30G/PA40G
865,059134,ELEMENTO FILTRANTE DS-48 C/GAX HULTER,HT2-023U4381P,HULTER,16.0,Filtros e Purificadores de Água,SEM FOTO,HULTER HT2-023U4381P ELEMENTO FILTRANTE DS-48 C/GAX HULTER
866,059643,FILTRO DE AR AC SPRINGER PISO TETO MODERNITA ORIGINAL,13801076,MIDEA / SPRINGER,16.0,Refrigeração / Componentes,SEM FOTO,MIDEA / SPRINGER 13801076 FILTRO DE AR AC SPRINGER PISO TETO MODERNITA ORIGINAL
867,059847,CHAVE ALAVANCA UNIPOLAR ON/OFF/ON 15A 250VAC CH-1153 DECORLU,CH-1153,DECORLUX,16.0,Ferramentas / Instrumentos,SEM FOTO,DECORLUX CH-1153 CHAVE ALAVANCA UNIPOLAR ON/OFF/ON 15A 250VAC CH-1153 DECORLU
868,060458,SUPORTE SPLIT 450MM 5 A 12000BTUS REFORCADO - F M C METAL,0001,F M C METAL,16.0,Instalação de Ar-Condicionado,SEM FOTO,F M C METAL 0001 SUPORTE SPLIT 450MM 5 A 12000BTUS REFORCADO - F M C METAL
869,060599,MOTOR VENT 1/100 ELECT. DF34 110V S/HELICE COMP. 64376966,47094,NUCLEO DO FRIO,16.0,Refrigeração / Componentes,SEM FOTO,NUCLEO DO FRIO 47094 MOTOR VENT 1/100 ELECT. DF34 110V S/HELICE COMP. 64376966
870,003506,CHAVE DE FENDA SIMPLES 3/16X6 GEDORE,36080,GEDORE,15.0,Ferramentas / Instrumentos,SEM FOTO,GEDORE 36080 CHAVE DE FENDA SIMPLES 3/16X6 GEDORE
871,052082,PLACA INTERFACE LAVADORA ELECTROLUX LT60 SAMATEC,B920930,SAMATEC,15.0,Peças para Lavadora e Bebedouro,SEM FOTO,SAMATEC B920930 PLACA INTERFACE LAVADORA ELECTROLUX LT60 SAMATEC
872,052582,FILTRO CO 1EX4S 90MM,D127825,EOS,15.0,Refrigeração / Componentes,SEM FOTO,EOS D127825 FILTRO CO 1EX4S 90MM
873,052712,RETENTOR LAVA SECA BRASTEMP 7.5KG SAMATEC,B922112,SAMATEC,15.0,Peças para Lavadora e Bebedouro,SEM FOTO,SAMATEC B922112 RETENTOR LAVA SECA BRASTEMP 7.5KG SAMATEC
874,053275,ENGATE RAPIDO AJUSTAVEL DE BAIXA AZUL R134A QCLA FRIVEN,20003.1001.66,FRIVEN,15.0,Gases Refrigerantes,SEM FOTO,FRIVEN 20003.1001.66 ENGATE RAPIDO AJUSTAVEL DE BAIXA AZUL R134A QCLA FRIVEN
875,053755,PISTAO EA52PJ068 ORIFIC 0.068 VALVULA DE EXPANSAO 60000BTUS,77128704,TOTALINE,15.0,Peças para Lavadora e Bebedouro,SEM FOTO,TOTALINE 77128704 PISTAO EA52PJ068 ORIFIC 0.068 VALVULA DE EXPANSAO 60000BTUS
876,054006,BOTINA AMA 3 G NOBUCK CAFE 44 S BICO BI TP092 CARTON,003962,CARTON,15.0,EPI / Segurança,SEM FOTO,CARTON 003962 BOTINA AMA 3 G NOBUCK CAFE 44 S BICO BI TP092 CARTON
877,054593,PE NIVELADO GELAD DIREIT DFN52/DF51/DF52/DF80/DI80X 41034961,A05440301,ELECTROLUX,15.0,Ferramentas / Instrumentos,SEM FOTO,ELECTROLUX A05440301 PE NIVELADO GELAD DIREIT DFN52/DF51/DF52/DF80/DI80X 41034961
878,055062,BLOCO ILUMINACAO L4 127V - 220V MARGIRUS,17474,MARGIRIUS,15.0,Refrigeração / Componentes,SEM FOTO,MARGIRIUS 17474 BLOCO ILUMINACAO L4 127V - 220V MARGIRUS
879,056130,JOGO COMPLETO N2 - TJ-2 TRIMAC,TJ-2,TRIMAC,15.0,Ferramentas / Instrumentos,SEM FOTO,TRIMAC TJ-2 JOGO COMPLETO N2 - TJ-2 TRIMAC
880,056508,INTERRUPTOR INTERMEDIARIO C CX PADRAO ENERBRAS 337-E/CP,337-E/CP,ENERBRAS,15.0,Elétrica / Comandos,SEM FOTO,ENERBRAS 337-E/CP INTERRUPTOR INTERMEDIARIO C CX PADRAO ENERBRAS 337-E/CP
881,056575,LUMINARIA LED P EMBUTIR 12W 6500K LUZ BRANCA QUADRADA 17CM,525,TRIAL,15.0,Iluminação,SEM FOTO,TRIAL 525 LUMINARIA LED P EMBUTIR 12W 6500K LUZ BRANCA QUADRADA 17CM
882,056847,KIT COM CARREGADOR USB PARA TOMADA E VEICULOA USB 1 METRO EL,46RCK1USB00M,ELGIN,15.0,Eletrônicos / Informática,SEM FOTO,ELGIN 46RCK1USB00M KIT COM CARREGADOR USB PARA TOMADA E VEICULOA USB 1 METRO EL
883,056855,WD40 BK WET LUB ÚMIDO 110ML - WD-40,544981,WD-40,15.0,Químicos / Solda e Limpeza,SEM FOTO,WD-40 544981 WD40 BK WET LUB ÚMIDO 110ML - WD-40
884,056882,BROCA PARA COMCRETO 90 X 5 MM 3/16 SP,IW902,IRWIN,15.0,Ferramentas / Instrumentos,SEM FOTO,IRWIN IW902 BROCA PARA COMCRETO 90 X 5 MM 3/16 SP
885,056893,BROCA HSS DE ACO RAPIDO 93 X 6 MM SP,IW1258,IRWIN,15.0,Ferramentas / Instrumentos,SEM FOTO,IRWIN IW1258 BROCA HSS DE ACO RAPIDO 93 X 6 MM SP
886,057305,TALHADEIRA SDS HEX. MAX 400X25 MM,7898181496513,BOMCORTE,15.0,Ferramentas / Instrumentos,SEM FOTO,BOMCORTE 7898181496513 TALHADEIRA SDS HEX. MAX 400X25 MM
887,057343,ABRACADEIRA ZIN TIP D 1.1/4,7893537017732,INCA,15.0,Fixação e Acessórios,SEM FOTO,INCA 7893537017732 ABRACADEIRA ZIN TIP D 1.1/4
888,057481,ESPELHO PARA CONDULETE METALICO 1/2 3/4 - 1 TOMADA NOVO PADR,7893537014281,INCA,15.0,Elétrica / Comandos,SEM FOTO,INCA 7893537014281 ESPELHO PARA CONDULETE METALICO 1/2 3/4 - 1 TOMADA NOVO PADR
889,057565,DRIVER 8-25W PARA LUMINARIA DE LED,131,KAPBOM,15.0,Iluminação,SEM FOTO,KAPBOM 131 DRIVER 8-25W PARA LUMINARIA DE LED
890,057571,FITA DE LED 3528 240 LEDS 6000K 12V BRANCO 5MT IP20,418,LECTRON,15.0,Iluminação,SEM FOTO,LECTRON 418 FITA DE LED 3528 240 LEDS 6000K 12V BRANCO 5MT IP20
891,058557,TUBEX AC BLINDADO PRETO- POLIPEX PLUS UV PTO 1.3/8(35,FPIPPPR10138000,ARMACELL,15.0,Instalação de Ar-Condicionado,SEM FOTO,ARMACELL FPIPPPR10138000 TUBEX AC BLINDADO PRETO- POLIPEX PLUS UV PTO 1.3/8(35
892,058922,CONTATOR 9A NC1-0910 220V 50/60HZ - CHINT REF: 925353,925353,CHINT,15.0,Elétrica / Comandos,SEM FOTO,CHINT 925353 CONTATOR 9A NC1-0910 220V 50/60HZ - CHINT REF: 925353
893,059406,CHAVE PHILLIPS 1/8X3 C.V,99BR.316.000,UNIFORT,15.0,Ferramentas / Instrumentos,SEM FOTO,UNIFORT 99BR.316.000 CHAVE PHILLIPS 1/8X3 C.V
894,059641,CHIVATO KIT 16ML C/M BRAS WELD,112,BRASWELD,15.0,Refrigeração / Componentes,SEM FOTO,BRASWELD 112 CHIVATO KIT 16ML C/M BRAS WELD
895,059846,CHAVE ALAVANCA UNIPOLAR ON/ON 15A 250VAC CH-1152 DECORLUX,CH-1152,DECORLUX,15.0,Ferramentas / Instrumentos,SEM FOTO,DECORLUX CH-1152 CHAVE ALAVANCA UNIPOLAR ON/ON 15A 250VAC CH-1152 DECORLUX
896,059972,"CAPACITOR DUPLO CBB65, 60UF+2,5 MFD 440V TERM HULTER METAL",HT5CD60/2-5TA440VP,HULTER,15.0,Capacitores,SEM FOTO,"HULTER HT5CD60/2-5TA440VP CAPACITOR DUPLO CBB65, 60UF+2,5 MFD 440V TERM HULTER METAL"
897,059980,"CAPACITOR CBB65, 40UF X 250VAC 50-60HZ C PLASTIC HULTER",HT5CP40-0TP250VP,HULTER,15.0,Capacitores,SEM FOTO,"HULTER HT5CP40-0TP250VP CAPACITOR CBB65, 40UF X 250VAC 50-60HZ C PLASTIC HULTER"
898,060213,CHAVE PHILLIPS GP #0_1/8 X5,1864196,IRWIN,15.0,Ferramentas / Instrumentos,SEM FOTO,IRWIN 1864196 CHAVE PHILLIPS GP #0_1/8 X5
899,060216,CHAVE PHILLIPS GP #1_3/1 6X8,1864213,IRWIN,15.0,Ferramentas / Instrumentos,SEM FOTO,IRWIN 1864213 CHAVE PHILLIPS GP #1_3/1 6X8
900,060218,CHAVE PHILLIPS GP #2_1/4 X6,1864218,IRWIN,15.0,Ferramentas / Instrumentos,SEM FOTO,IRWIN 1864218 CHAVE PHILLIPS GP #2_1/4 X6
901,060354,"ABRACADEIRA DE NYLON 140X3,6MM PRETO -",1835.0,SHALL,15.0,Fixação e Acessórios,SEM FOTO,"SHALL 1835.0 ABRACADEIRA DE NYLON 140X3,6MM PRETO -"
902,060470,GAS R32 650G HFC 3252 VIX,1032470,VIX,15.0,Gases Refrigerantes,SEM FOTO,VIX 1032470 GAS R32 650G HFC 3252 VIX
903,060527,ALICATE BOMBA D'AGUA 12,1864039,IRWIN,15.0,Ferramentas / Instrumentos,SEM FOTO,IRWIN 1864039 ALICATE BOMBA D'AGUA 12
904,055456,MANTA ISOLANTE ELASTOMERICA 13MM 1METRO (12M/ROLO) WINCELL,BWST013-U,WINCELL,14.6,Instalação de Ar-Condicionado,SEM FOTO,WINCELL BWST013-U MANTA ISOLANTE ELASTOMERICA 13MM 1METRO (12M/ROLO) WINCELL
905,052466,RELE E PROT TERMICO CONJUG EMBRACO 1/4 110V MOD PW-A 14 ESSE,R012,ESSEK,14.0,Peças para Lavadora e Bebedouro,SEM FOTO,ESSEK R012 RELE E PROT TERMICO CONJUG EMBRACO 1/4 110V MOD PW-A 14 ESSE
906,052711,RETENTOR LAVA SECA ELECTROLUX 11KG SAMATEC,B919615,SAMATEC,14.0,Peças para Lavadora e Bebedouro,SEM FOTO,SAMATEC B919615 RETENTOR LAVA SECA ELECTROLUX 11KG SAMATEC
907,052713,RETENTOR LAVA SECA BRASTEMP 10KG SAMATEC,B186154,SAMATEC,14.0,Peças para Lavadora e Bebedouro,SEM FOTO,SAMATEC B186154 RETENTOR LAVA SECA BRASTEMP 10KG SAMATEC
908,053804,ELEMENTO FILTRANTE C/ GAXETA 48DA POS QUEIMA DANFOSS,023U5381,DANFOS,14.0,Filtros e Purificadores de Água,SEM FOTO,DANFOS 023U5381 ELEMENTO FILTRANTE C/ GAXETA 48DA POS QUEIMA DANFOSS
909,054337,TERMOATUADOR COMPRESSAO MAQUINA DE LAV ELECTROLUX/GE/MABE,64484567,DUGOLD,14.0,Outros,SEM FOTO,DUGOLD 64484567 TERMOATUADOR COMPRESSAO MAQUINA DE LAV ELECTROLUX/GE/MABE
910,055804,ALICATE UNIVERSAL 6 - SECURITY,ZLP006A-N,SECURITY,14.0,Ferramentas / Instrumentos,SEM FOTO,SECURITY ZLP006A-N ALICATE UNIVERSAL 6 - SECURITY
911,056180,CANALETA ENERBRAS BRANCA VAZADA 30X50 3050-EB/S,3050-EB/S,ENERBRAS,14.0,Elétrica / Comandos,SEM FOTO,ENERBRAS 3050-EB/S CANALETA ENERBRAS BRANCA VAZADA 30X50 3050-EB/S
912,056739,"CAPACITOR CBB60, 15UF +-5% X 250V JOTECK",JO-1361,JOTECK,14.0,Capacitores,SEM FOTO,"JOTECK JO-1361 CAPACITOR CBB60, 15UF +-5% X 250V JOTECK"
913,056822,LAMPADA ELETRONICA ESPIRAL 25W 127V 6400K E27 ELGIN,48LES25WB003,ELGIN,14.0,Iluminação,SEM FOTO,ELGIN 48LES25WB003 LAMPADA ELETRONICA ESPIRAL 25W 127V 6400K E27 ELGIN
914,056848,CARREGADOR USB 2 SIDAS TOMA BIVOL S USB SAIDA 5V MAX 2A 10W,46RCT2USB000,ELGIN,14.0,Eletrônicos / Informática,SEM FOTO,ELGIN 46RCT2USB000 CARREGADOR USB 2 SIDAS TOMA BIVOL S USB SAIDA 5V MAX 2A 10W
915,056879,BROCA HSS DE ACO RAPIDO 109 X 7 MM SP,IW1270,IRWIN,14.0,Ferramentas / Instrumentos,SEM FOTO,IRWIN IW1270 BROCA HSS DE ACO RAPIDO 109 X 7 MM SP
916,057115,PLAFON BOCAL E27 COR PRETO TRIAL,570,TRIAL,14.0,Iluminação,SEM FOTO,TRIAL 570 PLAFON BOCAL E27 COR PRETO TRIAL
917,057472,ESPELHO P/ CONDULETE METALICO 1/2 E 3/4 - 2 INTERRUPTORES,7893537012553,INCA,14.0,Elétrica / Comandos,SEM FOTO,INCA 7893537012553 ESPELHO P/ CONDULETE METALICO 1/2 E 3/4 - 2 INTERRUPTORES
918,057475,ESPELHO P/ CONDULETE METALICO 1/2 E 3/4 - CEGO,7893537012584,INCA,14.0,Elétrica / Comandos,SEM FOTO,INCA 7893537012584 ESPELHO P/ CONDULETE METALICO 1/2 E 3/4 - CEGO
919,057502,CABO DE ALIMENTACAO KAP-392 AUDIO VIIDEO P IMP 1.2M,KAP-392,KAPBOM,14.0,Elétrica / Comandos,SEM FOTO,KAPBOM KAP-392 CABO DE ALIMENTACAO KAP-392 AUDIO VIIDEO P IMP 1.2M
920,057574,FONTE CHAVEADA 5A 24V WATTS 120,464,LECTRON,14.0,Ferramentas / Instrumentos,SEM FOTO,LECTRON 464 FONTE CHAVEADA 5A 24V WATTS 120
921,057716,PERFIL ALUNINIO CANTO 2MT,CANTO,PROMESSA ILUMINACAO,14.0,Outros,SEM FOTO,PROMESSA ILUMINACAO CANTO PERFIL ALUNINIO CANTO 2MT
922,057912,"TRILHO ELETRIFICADO 1,5 METROS BRANCO COM CAVA",T150B,LUMANTI,14.0,Iluminação,SEM FOTO,"LUMANTI T150B TRILHO ELETRIFICADO 1,5 METROS BRANCO COM CAVA"
923,058322,JOGO PS COM PUXADOR LATERAL,TEJL,TRIMAC,14.0,Ferramentas / Instrumentos,SEM FOTO,TRIMAC TEJL JOGO PS COM PUXADOR LATERAL
924,058380,TOMADA MOVEL 2P 20A 90 BR EMB GRANEL CONNECT,088-EB,ENERBRAS,14.0,Elétrica / Comandos,SEM FOTO,ENERBRAS 088-EB TOMADA MOVEL 2P 20A 90 BR EMB GRANEL CONNECT
925,058399,INTERRUPTOR DE TECLA 30223 - BIPOLAR - ON/OFF M2FT2FE3G-CB,30223 M1FT2FE3G,MARGIRIUS,14.0,Elétrica / Comandos,SEM FOTO,MARGIRIUS 30223 M1FT2FE3G INTERRUPTOR DE TECLA 30223 - BIPOLAR - ON/OFF M2FT2FE3G-CB
926,058651,REFIL ACQUATEC ESMALTEC ESPECIAL,1076A,PLANETA AGUA,14.0,Filtros e Purificadores de Água,SEM FOTO,PLANETA AGUA 1076A REFIL ACQUATEC ESMALTEC ESPECIAL
927,059741,"ALICATE MIA CANA 1000V 6"" 152MM VISE-GRIP IRWIN",1864072,IRWIN,14.0,Ferramentas / Instrumentos,SEM FOTO,"IRWIN 1864072 ALICATE MIA CANA 1000V 6"" 152MM VISE-GRIP IRWIN"
928,059867,"TERMINAL LUVA FEMEA AZUL ISOLADO 1,5-2,5MM 15A TF-3152",TF-3152,DECORLUX,14.0,EPI / Segurança,SEM FOTO,"DECORLUX TF-3152 TERMINAL LUVA FEMEA AZUL ISOLADO 1,5-2,5MM 15A TF-3152"
929,059923,PORCA CURTA FORJADA 1/2 VIX QFN. 12,1017099,VIX,14.0,Fixação e Acessórios,SEM FOTO,VIX 1017099 PORCA CURTA FORJADA 1/2 VIX QFN. 12
930,059973,"CAPACITOR DUPLO CBB65, 25UF+5 MDF X 440VAC C METAL HULTER",HT5CD25/5TA440VP,HULTER,14.0,Capacitores,SEM FOTO,"HULTER HT5CD25/5TA440VP CAPACITOR DUPLO CBB65, 25UF+5 MDF X 440VAC C METAL HULTER"
931,060211,CHAVE PHILLIPS GP #0_1/8 X3,1864194,IRWIN,14.0,Ferramentas / Instrumentos,SEM FOTO,IRWIN 1864194 CHAVE PHILLIPS GP #0_1/8 X3
932,060212,CHAVE PHILLIPS GP #0_1/8 X4,1864195,IRWIN,14.0,Ferramentas / Instrumentos,SEM FOTO,IRWIN 1864195 CHAVE PHILLIPS GP #0_1/8 X4
933,060411,CAPACITOR DE ARRANQUE MODELO SPP6 ULTRA - 450V/60HZ - MARCA,54-SPP6,ESSEK,14.0,Capacitores,SEM FOTO,ESSEK 54-SPP6 CAPACITOR DE ARRANQUE MODELO SPP6 ULTRA - 450V/60HZ - MARCA
934,060547,BANDEJA RECIPIENTE COLETORA EVAPORACAO BRASTEMP W10234323,BRCPBRW,SPAZIO,14.0,Refrigeração / Componentes,SEM FOTO,SPAZIO BRCPBRW BANDEJA RECIPIENTE COLETORA EVAPORACAO BRASTEMP W10234323
935,004723,"ALICATE DE CORTE DIAGONAL L 6""/150MM USO GERAL IRWIN",1864036,IRWIN,13.0,Ferramentas / Instrumentos,SEM FOTO,"IRWIN 1864036 ALICATE DE CORTE DIAGONAL L 6""/150MM USO GERAL IRWIN"
936,052208,PRESSOSTATO LINEAR BWG11A / W10828358 WHIRLPOOL,W10828358,WHIRLPOOL,13.0,Automação / Temporizadores,SEM FOTO,WHIRLPOOL W10828358 PRESSOSTATO LINEAR BWG11A / W10828358 WHIRLPOOL
937,053160,KIT FLANGEADOR 1/8 ATE 3/4 COM MALETA MOD CT-278 FACON,CT-278,FACON,13.0,Ferramentas / Instrumentos,SEM FOTO,FACON CT-278 KIT FLANGEADOR 1/8 ATE 3/4 COM MALETA MOD CT-278 FACON
938,053427,MOTOR VENT EVERWELL 120/60HZ 3000RPM FM2-335,FM2-335,EVERWELL,13.0,Refrigeração / Componentes,SEM FOTO,EVERWELL FM2-335 MOTOR VENT EVERWELL 120/60HZ 3000RPM FM2-335
939,053939,CONEXAO RETA ROSCA 1/4 BSPT P TUBO 1/4 BRANCA,CN007,PLANETA AGUA,13.0,Instalação de Ar-Condicionado,SEM FOTO,PLANETA AGUA CN007 CONEXAO RETA ROSCA 1/4 BSPT P TUBO 1/4 BRANCA
940,054513,CONTATOR 18A NXC-1810 220V 50/60HZ - CHINT REF: 925607,925607,CHINT,13.0,Elétrica / Comandos,SEM FOTO,CHINT 925607 CONTATOR 18A NXC-1810 220V 50/60HZ - CHINT REF: 925607
941,055094,TOMADA QUINTAPLA 2P+T CINZA 10A PARA EXTENSAO TMU5-310,13789,MARGIRIUS,13.0,Elétrica / Comandos,SEM FOTO,MARGIRIUS 13789 TOMADA QUINTAPLA 2P+T CINZA 10A PARA EXTENSAO TMU5-310
942,055491,MINI CONTATOR 9A NC6-0910 220V - CHINT REF: 836576,836576,CHINT,13.0,Elétrica / Comandos,SEM FOTO,CHINT 836576 MINI CONTATOR 9A NC6-0910 220V - CHINT REF: 836576
943,055837,PROTETOR GAME 127V PW,241,PW,13.0,Refrigeração / Componentes,SEM FOTO,PW 241 PROTETOR GAME 127V PW
944,055855,TUBO CENTRIFUGACAO LAVADORA BRASTEMP/CONSUL RFW3005 SAMATEC,B921459,SAMATEC,13.0,Peças para Lavadora e Bebedouro,SEM FOTO,SAMATEC B921459 TUBO CENTRIFUGACAO LAVADORA BRASTEMP/CONSUL RFW3005 SAMATEC
945,055955,DPS 1P 30-60KA 275V CNC-YCS6 B,YCS6-B,CNC,13.0,Elétrica / Comandos,SEM FOTO,CNC YCS6-B DPS 1P 30-60KA 275V CNC-YCS6 B
946,056068,FUSIVEL DE VIDRO PEQUENO 3AMP GREEN 045-0003,045-0003,GREEN,13.0,Elétrica / Comandos,SEM FOTO,GREEN 045-0003 FUSIVEL DE VIDRO PEQUENO 3AMP GREEN 045-0003
947,056275,CHAVE L HEXAGONAL 1/4 GEDORE RED,012057,GEDORE,13.0,Ferramentas / Instrumentos,SEM FOTO,GEDORE 012057 CHAVE L HEXAGONAL 1/4 GEDORE RED
948,056491,INTERRUPTOR INTERMEDIARIO LINHA E ENERBRAS 337-E,337-E,ENERBRAS,13.0,Elétrica / Comandos,SEM FOTO,ENERBRAS 337-E INTERRUPTOR INTERMEDIARIO LINHA E ENERBRAS 337-E
949,056593,TERMINAL DE COMPRESSAO OLHAL 25MM,TC-25,TRIAL,13.0,Elétrica / Comandos,SEM FOTO,TRIAL TC-25 TERMINAL DE COMPRESSAO OLHAL 25MM
950,056634,DISJUNTOR DIN BIF 2P 50A 3KA ENERBRAS,DT3-E2C50,ENERBRAS,13.0,Elétrica / Comandos,SEM FOTO,ENERBRAS DT3-E2C50 DISJUNTOR DIN BIF 2P 50A 3KA ENERBRAS
951,056640,DISJUNTOR DIN TRIF 3P 25A 3KA ENERBRAS,DT3-E3C25,ENERBRAS,13.0,Elétrica / Comandos,SEM FOTO,ENERBRAS DT3-E3C25 DISJUNTOR DIN TRIF 3P 25A 3KA ENERBRAS
952,056753,PROTETOR TERMICO CRT6 A 3 HP A/C 24000/30.000 BTUS 220V,CRT4 (A)-30-220V,ESSEK,13.0,Refrigeração / Componentes,SEM FOTO,ESSEK CRT4 (A)-30-220V PROTETOR TERMICO CRT6 A 3 HP A/C 24000/30.000 BTUS 220V
953,056819,LAMPADA LED BULBO 12W BIVOLT 6500K ELGIN,48BLED2F12YU,ELGIN,13.0,Iluminação,SEM FOTO,ELGIN 48BLED2F12YU LAMPADA LED BULBO 12W BIVOLT 6500K ELGIN
954,057120,QUADRO DE DISTRIBUICAO SOBREPOR 12 POLOS TRIAL,626,TRIAL,13.0,Elétrica / Comandos,SEM FOTO,TRIAL 626 QUADRO DE DISTRIBUICAO SOBREPOR 12 POLOS TRIAL
955,057128,SPOT LED AUXILIAR 03W 6500K REDONDO TRIAL,661,TRIAL,13.0,Iluminação,SEM FOTO,TRIAL 661 SPOT LED AUXILIAR 03W 6500K REDONDO TRIAL
956,057300,PONTEIRA SDS HEX. + 250X20 MM,7898181496544,BOMCORTE,13.0,Ferramentas / Instrumentos,SEM FOTO,BOMCORTE 7898181496544 PONTEIRA SDS HEX. + 250X20 MM
957,057306,TRENA COMBATT 10M X 25MM,7898181495707,BOMCORTE,13.0,Ferramentas / Instrumentos,SEM FOTO,BOMCORTE 7898181495707 TRENA COMBATT 10M X 25MM
958,057833,LAMPADA LED BULBO T152 100W AUTOVOLT 6500K 10000 LUMENS E27,LLB6100C,LUMANTI,13.0,Iluminação,SEM FOTO,LUMANTI LLB6100C LAMPADA LED BULBO T152 100W AUTOVOLT 6500K 10000 LUMENS E27
959,057895,LUMINARIA SLIM FIT LED 9W AUTOVOLT 6500K 300X75X25 800LM,LLSF609C,LUMANTI,13.0,Iluminação,SEM FOTO,LUMANTI LLSF609C LUMINARIA SLIM FIT LED 9W AUTOVOLT 6500K 300X75X25 800LM
960,058338,FONTE CHAVEADA SLIN ESTABILIZADA LSF-CB-12V20A 20A DC12V,LSF-CB-12V20A,LSF,13.0,Ferramentas / Instrumentos,SEM FOTO,LSF LSF-CB-12V20A FONTE CHAVEADA SLIN ESTABILIZADA LSF-CB-12V20A 20A DC12V
961,058570,TUBO ELASTOMERICO 3/4 M 018 ARMAFLEX TUBO ISOLACAO 19MM,FPIC1BR19018000,ARMACELL,13.0,Instalação de Ar-Condicionado,SEM FOTO,ARMACELL FPIC1BR19018000 TUBO ELASTOMERICO 3/4 M 018 ARMAFLEX TUBO ISOLACAO 19MM
962,058571,TUBO ELASTOMERICO 3/8 M 010 ARMAFLEX TUBO ISOLACAO 19MM,FPIC1BR19010000,ARMACELL,13.0,Instalação de Ar-Condicionado,SEM FOTO,ARMACELL FPIC1BR19010000 TUBO ELASTOMERICO 3/8 M 010 ARMAFLEX TUBO ISOLACAO 19MM
963,058661,PERFIL ALUNINIO SOBREPOR BR 20X15 3MT,515,PROMESSA ILUMINACAO,13.0,Outros,SEM FOTO,PROMESSA ILUMINACAO 515 PERFIL ALUNINIO SOBREPOR BR 20X15 3MT
964,058720,ESGUICHO ENGATE ROSQUEADO - 78514/000 TRAMONTINA,78514/000,TRAMONTINA,13.0,Hidráulica,SEM FOTO,TRAMONTINA 78514/000 ESGUICHO ENGATE ROSQUEADO - 78514/000 TRAMONTINA
965,059286,ESPUMA EXPANCIVA DE POLIURETANO 500ML 340G MUNDIAL PRIME,00666,MUNDIAL PRIME,13.0,Químicos / Solda e Limpeza,SEM FOTO,MUNDIAL PRIME 00666 ESPUMA EXPANCIVA DE POLIURETANO 500ML 340G MUNDIAL PRIME
966,059607,MANTA FITA MULTIUSO 5CM SIKA 10MT,19223,SIKA,13.0,Químicos / Solda e Limpeza,SEM FOTO,SIKA 19223 MANTA FITA MULTIUSO 5CM SIKA 10MT
967,059639,ALUMAX-D BRAS WLD 25G,170,BRASWELD,13.0,Químicos / Solda e Limpeza,SEM FOTO,BRASWELD 170 ALUMAX-D BRAS WLD 25G
968,059898,ORIFICIO VALVULA EXPANSAO N.6 ELGIN,45ORIFICI006,ELGIN,13.0,Refrigeração / Componentes,SEM FOTO,ELGIN 45ORIFICI006 ORIFICIO VALVULA EXPANSAO N.6 ELGIN
969,059997,BOMBA DRENAGEM AGUA SPLIT 127/220V DRENA 20LT C RED,S163115,EOS,13.0,Refrigeração / Componentes,SEM FOTO,EOS S163115 BOMBA DRENAGEM AGUA SPLIT 127/220V DRENA 20LT C RED
970,060054,FITA ISOLANTE DECORLUX 18MMX10M AZUL,FI0102,DECORLUX,13.0,Instalação de Ar-Condicionado,SEM FOTO,DECORLUX FI0102 FITA ISOLANTE DECORLUX 18MMX10M AZUL
971,060306,TINTA SPRAY PRETO FOSCO ALTA TEMPERATURA 400ML ANJO,19984,ANJO,13.0,Químicos / Solda e Limpeza,SEM FOTO,ANJO 19984 TINTA SPRAY PRETO FOSCO ALTA TEMPERATURA 400ML ANJO
972,060341,MACARICO PORTATILVIX AUTOACEND TURBO TORCH HULTER BTS-8089B,BTS-8089B,VIX,13.0,Químicos / Solda e Limpeza,SEM FOTO,VIX BTS-8089B MACARICO PORTATILVIX AUTOACEND TURBO TORCH HULTER BTS-8089B
973,060397,"UNIAO FLANGEADA DE LATAO 1/4""",80170.010,SURYHA,13.0,Instalação de Ar-Condicionado,SEM FOTO,"SURYHA 80170.010 UNIAO FLANGEADA DE LATAO 1/4"""
974,004911,OLEO MONTREAL FATOR 68 P/ GAS R22 1LT (CAPELA),0005.1,MONTREAL,12.0,Gases Refrigerantes,SEM FOTO,MONTREAL 0005.1 OLEO MONTREAL FATOR 68 P/ GAS R22 1LT (CAPELA)
975,051933,MACARICO PORTATIL AUTOMATICO HAND TORCH SC-1S FACON,SC-1S,FACON,12.0,Químicos / Solda e Limpeza,SEM FOTO,FACON SC-1S MACARICO PORTATIL AUTOMATICO HAND TORCH SC-1S FACON
976,052381,REDE ELECTROLUX C SENSOR DEGELO DF80/DF80X/DF38/DW42X 10K,B70294643,SAMATEC,12.0,Refrigeração / Componentes,SEM FOTO,SAMATEC B70294643 REDE ELECTROLUX C SENSOR DEGELO DF80/DF80X/DF38/DW42X 10K
977,053738,KIT SENSOR REFRI ELECTROLUX 10K DF35A/DF36X/DF38/DW42X SAMAT,B70000949,SAMATEC,12.0,Refrigeração / Componentes,SEM FOTO,SAMATEC B70000949 KIT SENSOR REFRI ELECTROLUX 10K DF35A/DF36X/DF38/DW42X SAMAT
978,053774,MICROCHAVE REED SWITCH LAVADOR CONSUL FLORAL CWI07 326066045,326066045,WHIRLPOOL,12.0,Peças para Lavadora e Bebedouro,SEM FOTO,WHIRLPOOL 326066045 MICROCHAVE REED SWITCH LAVADOR CONSUL FLORAL CWI07 326066045
979,054018,DISJUNTOR DIN MONO 1P 25A 3KA CHINT,185445,CHINT,12.0,Elétrica / Comandos,SEM FOTO,CHINT 185445 DISJUNTOR DIN MONO 1P 25A 3KA CHINT
980,054180,PARAFUSO M6 X 20 SIS ELECTROLUX 41012227,61090958,ELECTROLUX,12.0,Fixação e Acessórios,SEM FOTO,ELECTROLUX 61090958 PARAFUSO M6 X 20 SIS ELECTROLUX 41012227
981,055057,MICRO INTERRUPITOR 15A 250V 40108 A2E2Q,40108,MARGIRIUS,12.0,Outros,SEM FOTO,MARGIRIUS 40108 MICRO INTERRUPITOR 15A 250V 40108 A2E2Q
982,055426,HASTE  / SUPORTE PARA SERRA COPO 1.1/4 A 6-32 152MM CORTAG,61262,CORTAG,12.0,Ferramentas / Instrumentos,SEM FOTO,CORTAG 61262 HASTE / SUPORTE PARA SERRA COPO 1.1/4 A 6-32 152MM CORTAG
983,055984,CONTATO AUXILIAR LATERAL G NCF1-11C 1NA+1NF CHINT,220481,CHINT,12.0,Outros,SEM FOTO,CHINT 220481 CONTATO AUXILIAR LATERAL G NCF1-11C 1NA+1NF CHINT
984,056108,CHAVE L HEXAGONAL 5/16 GEDORE RED,12058,GEDORE,12.0,Ferramentas / Instrumentos,SEM FOTO,GEDORE 12058 CHAVE L HEXAGONAL 5/16 GEDORE RED
985,056208,CONJ INT 1TC BIPOLAR SIMPLES ENERBRAS 1838-ES,1838-ES,ENERBRAS,12.0,Peças para Lavadora e Bebedouro,SEM FOTO,ENERBRAS 1838-ES CONJ INT 1TC BIPOLAR SIMPLES ENERBRAS 1838-ES
986,056460,CONJ TOMADA P ANTENA DE TV 750HMS 1875-E,1875-E,ENERBRAS,12.0,Eletrônicos / Informática,SEM FOTO,ENERBRAS 1875-E CONJ TOMADA P ANTENA DE TV 750HMS 1875-E
987,056465,INTERRUPTOR 1 TECLA BIPOLAR ENERBRAS 25A 1725-E,1725-E,ENERBRAS,12.0,Elétrica / Comandos,SEM FOTO,ENERBRAS 1725-E INTERRUPTOR 1 TECLA BIPOLAR ENERBRAS 25A 1725-E
988,056476,PLACA ESPELHO 2X4 2 MODULOS ENERBRAS 1711-E5,1711-E5,ENERBRAS,12.0,Elétrica / Comandos,SEM FOTO,ENERBRAS 1711-E5 PLACA ESPELHO 2X4 2 MODULOS ENERBRAS 1711-E5
989,056482,SUPORTE PARA PLACAS 2X4 CAPACIDADE ATE 3 MODULOS 1755-E,1755-E,ENERBRAS,12.0,Elétrica / Comandos,SEM FOTO,ENERBRAS 1755-E SUPORTE PARA PLACAS 2X4 CAPACIDADE ATE 3 MODULOS 1755-E
990,056488,INTERRUPTOR 2 TECLAS + TOMADA 10A ENERBRAS 328-ESN,328-ESN,ENERBRAS,12.0,Elétrica / Comandos,SEM FOTO,ENERBRAS 328-ESN INTERRUPTOR 2 TECLAS + TOMADA 10A ENERBRAS 328-ESN
991,056617,CONJ TOMADA KRJ45 CAT6 BCO ENERBRAS 1845-E/C6,1845-E/C6,ENERBRAS,12.0,Elétrica / Comandos,SEM FOTO,ENERBRAS 1845-E/C6 CONJ TOMADA KRJ45 CAT6 BCO ENERBRAS 1845-E/C6
992,056668,ANTENA INTERNA UHF/DIGITAL HDTV SHD-1000 BRASFORMA,SHD-1000,BRASFORMA,12.0,Eletrônicos / Informática,SEM FOTO,BRASFORMA SHD-1000 ANTENA INTERNA UHF/DIGITAL HDTV SHD-1000 BRASFORMA
993,058721,ESGUICHO JATO REGULAVEL ENCAIXE - TRAMONTINA,78515/000,TRAMONTINA,12.0,Hidráulica,SEM FOTO,TRAMONTINA 78515/000 ESGUICHO JATO REGULAVEL ENCAIXE - TRAMONTINA
994,058722,ESGUICHO REGULAVEL - KALA,109720,KALA,12.0,Hidráulica,SEM FOTO,KALA 109720 ESGUICHO REGULAVEL - KALA
995,058755,"SOLDA LATAO AMARELA BR-L 35 DIAM. 2,40 X 900 MM BRASIL SOLDA",BR-L 35,BRASIL SOLDAS METAL NOBRE,12.0,Químicos / Solda e Limpeza,SEM FOTO,"BRASIL SOLDAS METAL NOBRE BR-L 35 SOLDA LATAO AMARELA BR-L 35 DIAM. 2,40 X 900 MM BRASIL SOLDA"
996,058774,CONJ MANIFOLD SEM MALETA R22/134A/404/12 MANG 90CM,ET636,MASTERCOOL,12.0,Gases Refrigerantes,SEM FOTO,MASTERCOOL ET636 CONJ MANIFOLD SEM MALETA R22/134A/404/12 MANG 90CM
997,058793,RETENTOR MECANISMO LR ELECTROLUX ( COMPATIVEL ) MODELOS LT10,M759,DE PLASTIC,12.0,Peças para Lavadora e Bebedouro,SEM FOTO,DE PLASTIC M759 RETENTOR MECANISMO LR ELECTROLUX ( COMPATIVEL ) MODELOS LT10
998,059640,RED EPOXY T-PRO BRASWELD,428,BRASWELD,12.0,Outros,SEM FOTO,BRASWELD 428 RED EPOXY T-PRO BRASWELD
999,059734,"ALICATE DESENCAPADOR DE FIOS 8"" 203MM VISE-GRIP",2078300,IRWIN,12.0,Ferramentas / Instrumentos,SEM FOTO,"IRWIN 2078300 ALICATE DESENCAPADOR DE FIOS 8"" 203MM VISE-GRIP"
1000,059903,FILTRO SEC 1/4 ROSCA 032 ELGIN,45FSE032R140,ELGIN,12.0,Refrigeração / Componentes,SEM FOTO,ELGIN 45FSE032R140 FILTRO SEC 1/4 ROSCA 032 ELGIN
1001,060210,ALICATE BOMBA D'AGUA 10,1864038,IRWIN,12.0,Ferramentas / Instrumentos,SEM FOTO,IRWIN 1864038 ALICATE BOMBA D'AGUA 10
1002,060217,CHAVE PHILLIPS GP #2_1/4 X4,1864216,IRWIN,12.0,Ferramentas / Instrumentos,SEM FOTO,IRWIN 1864216 CHAVE PHILLIPS GP #2_1/4 X4
1003,060297,MOTOR COND ELET MIDEA AC 9/12K 220V 60HZ YDK36-6A 25906085,47600,NUCLEO DO FRIO,12.0,Refrigeração / Componentes,SEM FOTO,NUCLEO DO FRIO 47600 MOTOR COND ELET MIDEA AC 9/12K 220V 60HZ YDK36-6A 25906085
1004,060447,EK-630 CONTROLADOR DIGITAL DE TEMPERAT COMPAT TC-900 BIVOLT,EK-630,ELITECH,12.0,Automação / Temporizadores,SEM FOTO,ELITECH EK-630 EK-630 CONTROLADOR DIGITAL DE TEMPERAT COMPAT TC-900 BIVOLT
1005,060526,SUPORTE EVAPORA 600MM CHAPA 2MM - PE DE GALINHA,165446,F M C METAL,12.0,Instalação de Ar-Condicionado,SEM FOTO,F M C METAL 165446 SUPORTE EVAPORA 600MM CHAPA 2MM - PE DE GALINHA
1006,060541,SUPORTE DO CESTO + CUNHA + PARAFUSOS LAVADORA BRASTEMP W1075,SPDBTP,SPAZIO,12.0,Peças para Lavadora e Bebedouro,SEM FOTO,SPAZIO SPDBTP SUPORTE DO CESTO + CUNHA + PARAFUSOS LAVADORA BRASTEMP W1075
1007,059877,"SOLDA SILPHOSCOPER BR-S 5% TF DIAM. 2,40 X 460 MM IMPORTADA",BR-HGW SILV 5,BRASIL SOLDAS METAL NOBRE,11.158,Químicos / Solda e Limpeza,SEM FOTO,"BRASIL SOLDAS METAL NOBRE BR-HGW SILV 5 SOLDA SILPHOSCOPER BR-S 5% TF DIAM. 2,40 X 460 MM IMPORTADA"
1008,003503,CHAVE DE FENDA SIMPLES 1/4X4 GEDORE,36090,GEDORE,11.0,Ferramentas / Instrumentos,SEM FOTO,GEDORE 36090 CHAVE DE FENDA SIMPLES 1/4X4 GEDORE
1009,052468,RELE E PROT TERMICO CONJUG EMBRACO 1/6 110V MOD PW-A 16 ESSE,R016,ESSEK,11.0,Peças para Lavadora e Bebedouro,SEM FOTO,ESSEK R016 RELE E PROT TERMICO CONJUG EMBRACO 1/6 110V MOD PW-A 16 ESSE
1010,053300,MICRO MOTOR 1/25 BIVOLT 50/60HZ 10/55W 1500RPM EOS 10-20 P,C165154,EOS,11.0,Refrigeração / Componentes,SEM FOTO,EOS C165154 MICRO MOTOR 1/25 BIVOLT 50/60HZ 10/55W 1500RPM EOS 10-20 P
1011,053819,MANOMETRO SIMPLES AZUL BAIXA PARA GAS R410 FACON,CT-466GF,FACON,11.0,Gases Refrigerantes,SEM FOTO,FACON CT-466GF MANOMETRO SIMPLES AZUL BAIXA PARA GAS R410 FACON
1012,053872,INDICADOR L06,M034,DE PLASTIC,11.0,Elétrica / Comandos,SEM FOTO,DE PLASTIC M034 INDICADOR L06
1013,054017,DISJUNTOR DIN MONO 1P 20A 3KA CHINT,319211,CHINT,11.0,Elétrica / Comandos,SEM FOTO,CHINT 319211 DISJUNTOR DIN MONO 1P 20A 3KA CHINT
1014,054050,FILTRO DE AGUA GELAD ELECT DW49X/DFW50/DW50X/DFW51 4101556,69999943,ELECTROLUX,11.0,Filtros e Purificadores de Água,SEM FOTO,ELECTROLUX 69999943 FILTRO DE AGUA GELAD ELECT DW49X/DFW50/DW50X/DFW51 4101556
1015,054100,PROTETOR EMBRACO 4TM 1/10 110V FACON,4TM 1/10HP,FACON,11.0,Refrigeração / Componentes,SEM FOTO,FACON 4TM 1/10HP PROTETOR EMBRACO 4TM 1/10 110V FACON
1016,055570,ORIFICIO VALVULA EXPANSAO N.6 SANHUA,RFKH-23-06,SANHUA,11.0,Refrigeração / Componentes,SEM FOTO,SANHUA RFKH-23-06 ORIFICIO VALVULA EXPANSAO N.6 SANHUA
1017,055950,"CHAVE DE PARTIDA DIRETA 2,5-4A 220V CNC-LE109 - 0,5 A 0,75CV",LE109C,CNC,11.0,Ferramentas / Instrumentos,SEM FOTO,"CNC LE109C CHAVE DE PARTIDA DIRETA 2,5-4A 220V CNC-LE109 - 0,5 A 0,75CV"
1018,056000,DISJUNTOR DIN MONO 1P 63A 3KA CHINT,186774,CHINT,11.0,Elétrica / Comandos,SEM FOTO,CHINT 186774 DISJUNTOR DIN MONO 1P 63A 3KA CHINT
1019,056001,DISJUNTOR DIN TRI 3P 10A 3KA CHINT,185469,CHINT,11.0,Elétrica / Comandos,SEM FOTO,CHINT 185469 DISJUNTOR DIN TRI 3P 10A 3KA CHINT
1020,056276,ESPONJA PARA PEDREIRO (EXPUMA MULTI-USI) 12CMX20CMX6CM,102,ATLAS,11.0,Outros,SEM FOTO,ATLAS 102 ESPONJA PARA PEDREIRO (EXPUMA MULTI-USI) 12CMX20CMX6CM
1021,056363,RELE TERMICO E SOBRECARGA 36A AJUSTE 28-36A DECORLUX,RT-3636,DECORLUX,11.0,Elétrica / Comandos,SEM FOTO,DECORLUX RT-3636 RELE TERMICO E SOBRECARGA 36A AJUSTE 28-36A DECORLUX
1022,056409,ANTENA INTERNA OMINI DIRECIONAL UHF/DIGITAL/HDTV BRASFORMA,SHD-500,BRASFORMA,11.0,Eletrônicos / Informática,SEM FOTO,BRASFORMA SHD-500 ANTENA INTERNA OMINI DIRECIONAL UHF/DIGITAL/HDTV BRASFORMA
1023,056486,INTERRUPTOR 3 TECLAS SIMPLES BRANCA ENERBRAS 308-ES,308-ES,ENERBRAS,11.0,Elétrica / Comandos,SEM FOTO,ENERBRAS 308-ES INTERRUPTOR 3 TECLAS SIMPLES BRANCA ENERBRAS 308-ES
1024,056670,CABO HDMI 1.4 4K 3D 1080P - 3 METROS HDMI-1403 BRASFORMA,HDMI-1403,BRASFORMA,11.0,Eletrônicos / Informática,SEM FOTO,BRASFORMA HDMI-1403 CABO HDMI 1.4 4K 3D 1080P - 3 METROS HDMI-1403 BRASFORMA
1025,056849,"LAMPADA BULBO LED A55 4,9W BIVOLT 6500K ELGIN",48BLED2F49YU,ELGIN,11.0,Iluminação,SEM FOTO,"ELGIN 48BLED2F49YU LAMPADA BULBO LED A55 4,9W BIVOLT 6500K ELGIN"
1026,056854,WD40 BK DRY LUB SECO 110ML - WD-40,544990,WD-40,11.0,Químicos / Solda e Limpeza,SEM FOTO,WD-40 544990 WD40 BK DRY LUB SECO 110ML - WD-40
1027,057309,"TRENA COMBATT 7,5M X 25MM",7898181495691,BOMCORTE,11.0,Ferramentas / Instrumentos,SEM FOTO,"BOMCORTE 7898181495691 TRENA COMBATT 7,5M X 25MM"
1028,058308,DRIVE 12W BIV LED MASS,100970,OK BRASIL,11.0,Iluminação,SEM FOTO,OK BRASIL 100970 DRIVE 12W BIV LED MASS
1029,058573,TUBO ELASTOMERICO 7/8 M 022 ARMAFLEX TUBO ISOLACAO 19MM,FPIC1BR19022000,ARMACELL,11.0,Instalação de Ar-Condicionado,SEM FOTO,ARMACELL FPIC1BR19022000 TUBO ELASTOMERICO 7/8 M 022 ARMAFLEX TUBO ISOLACAO 19MM
1030,058757,"FLUXO PARA SOLDA BR-13 0,100G ( TRINCAL ) BRASIL SOLDAS",BR-13,BRASIL SOLDAS METAL NOBRE,11.0,Químicos / Solda e Limpeza,SEM FOTO,"BRASIL SOLDAS METAL NOBRE BR-13 FLUXO PARA SOLDA BR-13 0,100G ( TRINCAL ) BRASIL SOLDAS"
1031,058795,RETENTOR TANQUE LR COLORMAQ GE ( COMPATIVEL ) 2 MOLAS,M689,SAMATEC,11.0,Ferramentas / Instrumentos,SEM FOTO,SAMATEC M689 RETENTOR TANQUE LR COLORMAQ GE ( COMPATIVEL ) 2 MOLAS
1032,059097,TERMOSTATO BIMETALICO COMPATIVEL / GELOPAR E IMBERA,33213810000,EMICOL,11.0,Refrigeração / Componentes,SEM FOTO,EMICOL 33213810000 TERMOSTATO BIMETALICO COMPATIVEL / GELOPAR E IMBERA
1033,059242,DISJUNTOR DIN NXB BIPOLAR 2P C16A 3KA,319288,CHINT,11.0,Elétrica / Comandos,SEM FOTO,CHINT 319288 DISJUNTOR DIN NXB BIPOLAR 2P C16A 3KA
1034,059291,GAS MAP HULTER 400GR ONU1077 CLASSE 2.1 PROPILENO,100280595,HULTER,11.0,Gases Refrigerantes,SEM FOTO,HULTER 100280595 GAS MAP HULTER 400GR ONU1077 CLASSE 2.1 PROPILENO
1035,059347,ADESIVO INST 793 20GB TEKBOND 20571003204,00984,TEK BOND,11.0,Outros,SEM FOTO,TEK BOND 00984 ADESIVO INST 793 20GB TEKBOND 20571003204
1036,059978,"CAPACITOR CBB65, 10UF+-5% X 440VAC 50-60HZ C METAL HULTER",HT5CP10-0TA440VP,HULTER,11.0,Capacitores,SEM FOTO,"HULTER HT5CP10-0TA440VP CAPACITOR CBB65, 10UF+-5% X 440VAC 50-60HZ C METAL HULTER"
1037,060076,MOLA P/ CURVAR TUBO 1/2 FRIVEN,20003.0905.15,FRIVEN,11.0,Ferramentas / Instrumentos,SEM FOTO,FRIVEN 20003.0905.15 MOLA P/ CURVAR TUBO 1/2 FRIVEN
1038,060187,TERMOSTATO RC-03020-2P REFRIGER BRAST/CONSU DUPLA ACAO,RC-03020-2P,ESSEK,11.0,Refrigeração / Componentes,SEM FOTO,ESSEK RC-03020-2P TERMOSTATO RC-03020-2P REFRIGER BRAST/CONSU DUPLA ACAO
1039,060275,FITA ISOLANTE ANTICHAMAS 19MMX10M PRETA LUKMA,19552,ARMACELL,11.0,Químicos / Solda e Limpeza,SEM FOTO,ARMACELL 19552 FITA ISOLANTE ANTICHAMAS 19MMX10M PRETA LUKMA
1040,060393,"VALVULA DE SERVICO PARA CONDENSADORA DE 3/8"" R22",80170.021,SURYHA,11.0,Gases Refrigerantes,SEM FOTO,"SURYHA 80170.021 VALVULA DE SERVICO PARA CONDENSADORA DE 3/8"" R22"
1041,060463,BROCA SDS PLUS 160 X 10.00 MM,IW13098,IRWIN,11.0,Ferramentas / Instrumentos,SEM FOTO,IRWIN IW13098 BROCA SDS PLUS 160 X 10.00 MM
1042,060490,GAS R32 3KG FRIVEN / HULTER,12018,FRIVEN,11.0,Gases Refrigerantes,SEM FOTO,FRIVEN 12018 GAS R32 3KG FRIVEN / HULTER
1043,060584,LIMP DESINCRUSTANTE 1L AR DA TERRA,PL00344-1,AR DA TERRA,11.0,Outros,SEM FOTO,AR DA TERRA PL00344-1 LIMP DESINCRUSTANTE 1L AR DA TERRA
1044,060308,GAS R134A REFRIGERANTE QUILO RLX - HDS,DS707001,RLX,10.606,Gases Refrigerantes,SEM FOTO,RLX DS707001 GAS R134A REFRIGERANTE QUILO RLX - HDS
1045,051947,FILTRO SEC 5/8X350 ROSCA DCL165FS 12/22/134 DML 165 DANFOSS,023Z5135,DANFOS,10.0,Refrigeração / Componentes,SEM FOTO,DANFOS 023Z5135 FILTRO SEC 5/8X350 ROSCA DCL165FS 12/22/134 DML 165 DANFOSS
1046,052384,RETENTOR DO TANQUE ELECTROLUX LTE06/LT50/LT60/LTE08 SAMATEC,921392,SAMATEC,10.0,Peças para Lavadora e Bebedouro,SEM FOTO,SAMATEC 921392 RETENTOR DO TANQUE ELECTROLUX LTE06/LT50/LT60/LTE08 SAMATEC
1047,052709,RETENTOR DO TANQUE CONSUL CWIA/CWI05A/CWI06 SAMATEC,B917458,SAMATEC,10.0,Peças para Lavadora e Bebedouro,SEM FOTO,SAMATEC B917458 RETENTOR DO TANQUE CONSUL CWIA/CWI05A/CWI06 SAMATEC
1048,052717,RETENTOR SUPERIOR DO CAMBIO ELECTROLUX LM08/TOP8 SAMATEC,B917477,SAMATEC,10.0,Peças para Lavadora e Bebedouro,SEM FOTO,SAMATEC B917477 RETENTOR SUPERIOR DO CAMBIO ELECTROLUX LM08/TOP8 SAMATEC
1049,053477,ROLAMENTO 6206 ZZ EOS,M21229,EOS,10.0,Peças para Lavadora e Bebedouro,SEM FOTO,EOS M21229 ROLAMENTO 6206 ZZ EOS
1050,053685,TERMOSTATO BIMETAL BRAST/CONSUL S FUSIVEL ML55 326006453 FAC,F-326006453,FACON,10.0,Elétrica / Comandos,SEM FOTO,FACON F-326006453 TERMOSTATO BIMETAL BRAST/CONSUL S FUSIVEL ML55 326006453 FAC
1051,053868,MIOLO CENTRAL DO CJ EMBREAGEM ELECTROLUX LTR 12/LTR15,M633,DE PLASTIC,10.0,Outros,SEM FOTO,DE PLASTIC M633 MIOLO CENTRAL DO CJ EMBREAGEM ELECTROLUX LTR 12/LTR15
1052,053884,MICROCHAVE REED SWITCH LAVADORA CONSUL CWC10AB/CWE10AB,W10343282,WHIRLPOOL,10.0,Peças para Lavadora e Bebedouro,SEM FOTO,WHIRLPOOL W10343282 MICROCHAVE REED SWITCH LAVADORA CONSUL CWC10AB/CWE10AB
1053,053929,DISJUNTOR DIN BIPOLAR 2P C25A 3KA CH REF: 185458,319290,CHINT,10.0,Elétrica / Comandos,SEM FOTO,CHINT 319290 DISJUNTOR DIN BIPOLAR 2P C25A 3KA CH REF: 185458
1054,054294,CUNHA SEM PARAFUSO LM06/LT11F/LTC10/LTD11/LTE09 ALADO,7121114,ALADO,10.0,Fixação e Acessórios,SEM FOTO,ALADO 7121114 CUNHA SEM PARAFUSO LM06/LT11F/LTC10/LTD11/LTE09 ALADO
1055,054655,PINO DOBRADICA LAV ELECTROL LT15F/LTA15/LBU15/LT12F 41014133,77492294,ELECTROLUX,10.0,Fixação e Acessórios,SEM FOTO,ELECTROLUX 77492294 PINO DOBRADICA LAV ELECTROL LT15F/LTA15/LBU15/LT12F 41014133
1056,055080,INTERRUPTOR UNIPOLAR VERDE 3 TERM 6A 120V 16103 M9DT8DE2S,16103 M9DT8DE2S,MARGIRIUS,10.0,Elétrica / Comandos,SEM FOTO,MARGIRIUS 16103 M9DT8DE2S INTERRUPTOR UNIPOLAR VERDE 3 TERM 6A 120V 16103 M9DT8DE2S
1057,055400,RELE DE TEMPO T42 ALIM 100 A 240V T42 EXTRUSORA / M GRAFICA,T42HLRR--K--P----,COEL,10.0,Automação / Temporizadores,SEM FOTO,COEL T42HLRR--K--P---- RELE DE TEMPO T42 ALIM 100 A 240V T42 EXTRUSORA / M GRAFICA
1058,055490,ESGUICHO PISTOLA PLAST AJUSTAVEL KALA,230421,KALA,10.0,Hidráulica,SEM FOTO,KALA 230421 ESGUICHO PISTOLA PLAST AJUSTAVEL KALA
1059,055970,BOTAO DE COMANDO VERMELHO NP2-EA42 CHINT,574817,CHINT,10.0,Elétrica / Comandos,SEM FOTO,CHINT 574817 BOTAO DE COMANDO VERMELHO NP2-EA42 CHINT
1060,055979,SINALIZADOR LED 220V AMARELO 22DS Y - REF: AD22-22DSY,AD22-22DSY,CNC,10.0,Iluminação,SEM FOTO,CNC AD22-22DSY SINALIZADOR LED 220V AMARELO 22DS Y - REF: AD22-22DSY
1061,056127,PUXADOR LATERAL - TEL -  TRIMAC,TEL,TRIMAC,10.0,Refrigeração / Componentes,SEM FOTO,TRIMAC TEL PUXADOR LATERAL - TEL - TRIMAC
1062,056291,CHAVE CANHAO 7/32 GEDORE RED R38561424,3369969,GEDORE,10.0,Ferramentas / Instrumentos,SEM FOTO,GEDORE 3369969 CHAVE CANHAO 7/32 GEDORE RED R38561424
1063,056475,PLACA ESPELHO 2X4 1 MODULO ENERBRAS 1711-E4,1711-E4,ENERBRAS,10.0,Elétrica / Comandos,SEM FOTO,ENERBRAS 1711-E4 PLACA ESPELHO 2X4 1 MODULO ENERBRAS 1711-E4
1064,056524,LUVA COBRE LONGA 3/4 POL SOLDA HULTER,53,HULTER,10.0,EPI / Segurança,SEM FOTO,HULTER 53 LUVA COBRE LONGA 3/4 POL SOLDA HULTER
1065,056826,LAMPADA ELETRONICA 3U 25W 127V 6400K E27 ELGIN,48LES25WB005,ELGIN,10.0,Iluminação,SEM FOTO,ELGIN 48LES25WB005 LAMPADA ELETRONICA 3U 25W 127V 6400K E27 ELGIN
1066,057148,LUMINARIA SOBREPOR INTELIGENTE 24W 3000-6500K REDONDA WIFI,48D24WSRWIFI,ELGIN,10.0,Iluminação,SEM FOTO,ELGIN 48D24WSRWIFI LUMINARIA SOBREPOR INTELIGENTE 24W 3000-6500K REDONDA WIFI
1067,057149,LUMINARIA SOBREPOR INTELIGENTE 18W 3000-6500K QUADRDA WIFI,48D18WSQWIFI,ELGIN,10.0,Iluminação,SEM FOTO,ELGIN 48D18WSQWIFI LUMINARIA SOBREPOR INTELIGENTE 18W 3000-6500K QUADRDA WIFI
1068,057155,LUMINARIA ECOSPOT INTELIGENTE 5W QUADRADA WIFI RGBW,48LSM16QWIFI,ELGIN,10.0,Iluminação,SEM FOTO,ELGIN 48LSM16QWIFI LUMINARIA ECOSPOT INTELIGENTE 5W QUADRADA WIFI RGBW
1069,057157,LUMINARIA EMBUTIR INTELIGENTE 18W 3000-6500K REDONDA WIFI,48D18WERWIFI,ELGIN,10.0,Iluminação,SEM FOTO,ELGIN 48D18WERWIFI LUMINARIA EMBUTIR INTELIGENTE 18W 3000-6500K REDONDA WIFI
1070,057247,CONJUNTO MINI BANDS 3 PECAS ATRIO,ES124,MULTILASER,10.0,Peças para Lavadora e Bebedouro,SEM FOTO,MULTILASER ES124 CONJUNTO MINI BANDS 3 PECAS ATRIO
1071,057254,KIT DE 3 FAIXAS ELASTICAS LATEX 150X15CM ATRIO,ES339,MULTILASER,10.0,Refrigeração / Componentes,SEM FOTO,MULTILASER ES339 KIT DE 3 FAIXAS ELASTICAS LATEX 150X15CM ATRIO
1072,057255,KIT DE 3 FAIXAS ELASTICAS TPE 150X15CM ATRIO,ES400,MULTILASER,10.0,Refrigeração / Componentes,SEM FOTO,MULTILASER ES400 KIT DE 3 FAIXAS ELASTICAS TPE 150X15CM ATRIO
1073,057355,ABRACADEIRA ZIN TIP D C/ CUN 3.1/2,7893537018005,INCA,10.0,Fixação e Acessórios,SEM FOTO,INCA 7893537018005 ABRACADEIRA ZIN TIP D C/ CUN 3.1/2
1074,057419,ARRUELA ZAMAC 3/8,7893537000277,INCA,10.0,Fixação e Acessórios,SEM FOTO,INCA 7893537000277 ARRUELA ZAMAC 3/8
1075,057438,CONECTOR BOX RETO ALUMINIO 1.1/4,7893537005920,INCA,10.0,Elétrica / Comandos,SEM FOTO,INCA 7893537005920 CONECTOR BOX RETO ALUMINIO 1.1/4
1076,057440,CONECTOR BOX RETO ALUMINIO 2,7893537005944,INCA,10.0,Elétrica / Comandos,SEM FOTO,INCA 7893537005944 CONECTOR BOX RETO ALUMINIO 2
1077,057445,CONECTOR RETO ALUMINIO 3/4,7893537012263,INCA,10.0,Elétrica / Comandos,SEM FOTO,INCA 7893537012263 CONECTOR RETO ALUMINIO 3/4
1078,057448,CONECTOR CONICO ALUMINIO 3/4,7893537012294,INCA,10.0,Elétrica / Comandos,SEM FOTO,INCA 7893537012294 CONECTOR CONICO ALUMINIO 3/4
1079,057561,FITA DE LED NEON FLEXIVEL12V 5M VERDE,449,LECTRON,10.0,Iluminação,SEM FOTO,LECTRON 449 FITA DE LED NEON FLEXIVEL12V 5M VERDE
1080,057625,FITA DE LED 240 LEDS 4000K 12V NEUTRO 5MT IP20 MOD 51-03,51-03,MAXBOM,10.0,Iluminação,SEM FOTO,MAXBOM 51-03 FITA DE LED 240 LEDS 4000K 12V NEUTRO 5MT IP20 MOD 51-03
1081,057829,LAMPADA LED BULBO T80 30W AUTOVOLT 6500K E27,LLB630YB,LUMANTI,10.0,Iluminação,SEM FOTO,LUMANTI LLB630YB LAMPADA LED BULBO T80 30W AUTOVOLT 6500K E27
1082,057848,LAMPADA VINTAGE A60 LED FILAMENTO 4W 2400K E-27 AUTOVOLT 400,LLFA60204B,LUMANTI,10.0,Iluminação,SEM FOTO,LUMANTI LLFA60204B LAMPADA VINTAGE A60 LED FILAMENTO 4W 2400K E-27 AUTOVOLT 400
1083,057849,LAMPADA VINTAGE PERA ST64 LED FILAMENTO 4W 2400K E-27 AUTOVO,LLFP204B,LUMANTI,10.0,Iluminação,SEM FOTO,LUMANTI LLFP204B LAMPADA VINTAGE PERA ST64 LED FILAMENTO 4W 2400K E-27 AUTOVO
1084,057900,LUMINARIA PRATICA DE SOBREPOR BRANCA P/ 1 LAMPADA LED 1.2 M,LPS1L,LUMANTI,10.0,Iluminação,SEM FOTO,LUMANTI LPS1L LUMINARIA PRATICA DE SOBREPOR BRANCA P/ 1 LAMPADA LED 1.2 M
1085,057901,LUMINARIA PRATICA DE SOBREPOR BRANCA P/ 2 LAMPADAS LED 1.2 M,LPS2L,LUMANTI,10.0,Iluminação,SEM FOTO,LUMANTI LPS2L LUMINARIA PRATICA DE SOBREPOR BRANCA P/ 2 LAMPADAS LED 1.2 M
1086,058257,VEDACAO ARR FLUSH SR 41033003,A02871101,ELECTROLUX,10.0,Outros,SEM FOTO,ELECTROLUX A02871101 VEDACAO ARR FLUSH SR 41033003
1087,058488,FILTRO DML 083S 210X3/8S DANFOSS,023Z5058,DANFOS,10.0,Refrigeração / Componentes,SEM FOTO,DANFOS 023Z5058 FILTRO DML 083S 210X3/8S DANFOSS
1088,058727,BOTAO DE PULSO AZUL EA61 - CNC,EA61,CNC,10.0,Elétrica / Comandos,SEM FOTO,CNC EA61 BOTAO DE PULSO AZUL EA61 - CNC
1089,058728,BOTAO DE PULSO ILUMIN AMARELO EW3561 -,EW3561,CNC,10.0,Elétrica / Comandos,SEM FOTO,CNC EW3561 BOTAO DE PULSO ILUMIN AMARELO EW3561 -
1090,058729,BOTAO DE PULSO ILUMIN AZUL EW3661 - CN,EW3661,CNC,10.0,Elétrica / Comandos,SEM FOTO,CNC EW3661 BOTAO DE PULSO ILUMIN AZUL EW3661 - CN
1091,058730,BOTAO DE PULSO ILUMIN VERDE EW3361 - C,EW3361,CNC,10.0,Elétrica / Comandos,SEM FOTO,CNC EW3361 BOTAO DE PULSO ILUMIN VERDE EW3361 - C
1092,058731,BOTAO DE PULSO ILUMIN VERMELHO EW3462,EW3462,CNC,10.0,Elétrica / Comandos,SEM FOTO,CNC EW3462 BOTAO DE PULSO ILUMIN VERMELHO EW3462
1093,058732,BOTAO COGUMELO PRETO (BOTOEIRA) EC21 -,EC21,CNC,10.0,Elétrica / Comandos,SEM FOTO,CNC EC21 BOTAO COGUMELO PRETO (BOTOEIRA) EC21 -
1094,058818,"CAPACITOR CBB60, 60UF +-5% X 250V COM TERMINAL WEG",M481,WEG,10.0,Capacitores,SEM FOTO,"WEG M481 CAPACITOR CBB60, 60UF +-5% X 250V COM TERMINAL WEG"
1095,058854,CONJUNTO MANIFOLD R600/R290 C/MANG 90CM MASTERCOOL,ET600,MASTERCOOL,10.0,Gases Refrigerantes,SEM FOTO,MASTERCOOL ET600 CONJUNTO MANIFOLD R600/R290 C/MANG 90CM MASTERCOOL
1096,058864,RELE AUX  4 TERM  70A 12V S/SUPORTE MOTOR DIESEL  2 LARGOS,5510.012.001,UNIFORT,10.0,Instalação de Ar-Condicionado,SEM FOTO,UNIFORT 5510.012.001 RELE AUX 4 TERM 70A 12V S/SUPORTE MOTOR DIESEL 2 LARGOS
1097,058874,ALICATE BOMBA D'AGUA 10 C.V,99BR.008.005,UNIFORT,10.0,Ferramentas / Instrumentos,SEM FOTO,UNIFORT 99BR.008.005 ALICATE BOMBA D'AGUA 10 C.V
1098,059027,VISOR DE LIQUIDO ODF 3/8 SOLDA SYJ10H11 SANHUA,SYJ10H11,SANHUA,10.0,Químicos / Solda e Limpeza,SEM FOTO,SANHUA SYJ10H11 VISOR DE LIQUIDO ODF 3/8 SOLDA SYJ10H11 SANHUA
1099,059243,DISJUNTOR DIN BI 2P 20A 3KA CHINT,319289,CHINT,10.0,Elétrica / Comandos,SEM FOTO,CHINT 319289 DISJUNTOR DIN BI 2P 20A 3KA CHINT
1100,059933,CARCACA 7/8 S EOS-SEF-487T,C17321,EOS,10.0,Peças para Lavadora e Bebedouro,SEM FOTO,EOS C17321 CARCACA 7/8 S EOS-SEF-487T
1101,060062,CURVA 90 SOLD 25MM,19205,MULTILIT,10.0,Hidráulica,SEM FOTO,MULTILIT 19205 CURVA 90 SOLD 25MM
1102,060112,ANEL DA LINHA DE SUCCAO,326008340,WHIRLPOOL,10.0,Outros,SEM FOTO,WHIRLPOOL 326008340 ANEL DA LINHA DE SUCCAO
1103,060186,TINTA SPRAY PRETO BRILHANTE.360M COLORGIN,403198,COLOGIN,10.0,Químicos / Solda e Limpeza,SEM FOTO,COLOGIN 403198 TINTA SPRAY PRETO BRILHANTE.360M COLORGIN
1104,060360,VALVULA SOLENOIDE 1/2 SAE FLARE MDF-A03-6L004 SNH,MDF-A03-6L004,SANHUA,10.0,Refrigeração / Componentes,SEM FOTO,SANHUA MDF-A03-6L004 VALVULA SOLENOIDE 1/2 SAE FLARE MDF-A03-6L004 SNH
1105,060387,"MOLA CURVADORA 3/8""",80150.023,SURYHA,10.0,Ferramentas / Instrumentos,SEM FOTO,"SURYHA 80150.023 MOLA CURVADORA 3/8"""
1106,060406,"PROTETOR MODELO CRT6 3,0HP 220V/60HZ 2.200W 30.000BTU PARA A",182/C63020,ESSEK,10.0,Refrigeração / Componentes,SEM FOTO,"ESSEK 182/C63020 PROTETOR MODELO CRT6 3,0HP 220V/60HZ 2.200W 30.000BTU PARA A"
1107,060459,JOGO CHAVE HEX I CURTO 9PC 1.5 a 10.0mm,IW10748,IRWIN,10.0,Ferramentas / Instrumentos,SEM FOTO,IRWIN IW10748 JOGO CHAVE HEX I CURTO 9PC 1.5 a 10.0mm
1108,060530,BROCA SDS PLUS 300 X 08.00 MM,IW13097,IRWIN,10.0,Ferramentas / Instrumentos,SEM FOTO,IRWIN IW13097 BROCA SDS PLUS 300 X 08.00 MM
1109,060546,BANDEJA RECIPIENTE COLETORA AGUA EVAPORACAO BRASTEMP e CONSU,BRC44039,SPAZIO,10.0,Refrigeração / Componentes,SEM FOTO,SPAZIO BRC44039 BANDEJA RECIPIENTE COLETORA AGUA EVAPORACAO BRASTEMP e CONSU
1110,060557,FILTRO ANTI BACTERIA PARA GELADEIRA BEM ESTAR W10515645,FAB001,SPAZIO,10.0,Refrigeração / Componentes,SEM FOTO,SPAZIO FAB001 FILTRO ANTI BACTERIA PARA GELADEIRA BEM ESTAR W10515645
1111,060574,CONTROLE ELGIN/VG/PIONEER FBG-8012,FBG-8012,FBG,10.0,Refrigeração / Componentes,SEM FOTO,FBG FBG-8012 CONTROLE ELGIN/VG/PIONEER FBG-8012
1112,001171,CHAVE DE FENDA GEDORE TOCO 3/16X1.1/2,36250,GEDORE,9.0,Ferramentas / Instrumentos,SEM FOTO,GEDORE 36250 CHAVE DE FENDA GEDORE TOCO 3/16X1.1/2
1113,004636,TERMINAL BANDEIRA NÃO ISOLADO,D102789 B919655,SAMATEC,9.0,Elétrica / Comandos,SEM FOTO,SAMATEC D102789 B919655 TERMINAL BANDEIRA NÃO ISOLADO
1114,052694,"CAPACITOR CBB60, 40UF +-5% X 250V ONDA POSITIVA",CPTOP040025,ONDA POSITIVA,9.0,Capacitores,SEM FOTO,"ONDA POSITIVA CPTOP040025 CAPACITOR CBB60, 40UF +-5% X 250V ONDA POSITIVA"
1115,052735,BATERIA LITHIUM 3V CR2025 KNUP,CR2025,KNUP,9.0,Eletrônicos / Informática,SEM FOTO,KNUP CR2025 BATERIA LITHIUM 3V CR2025 KNUP
1116,053911,RETENTOR DO TANQ ELECTR LTE12/LDT11/LTR10 ELECTROLU 41013336,65477810,ELECTROLUX,9.0,Peças para Lavadora e Bebedouro,SEM FOTO,ELECTROLUX 65477810 RETENTOR DO TANQ ELECTR LTE12/LDT11/LTR10 ELECTROLU 41013336
1117,053936,CONEXAO RETA FEMEA 1/2 TUBO 1/4 BRANCA,CN001,PLANETA AGUA,9.0,Instalação de Ar-Condicionado,SEM FOTO,PLANETA AGUA CN001 CONEXAO RETA FEMEA 1/2 TUBO 1/4 BRANCA
1118,054185,PILHA ALCALINA PEQUENA AA LR6-2BT480 CARTELA PANASSONIC,LR6-2BT480,PANASSONIC,9.0,Eletrônicos / Informática,SEM FOTO,PANASSONIC LR6-2BT480 PILHA ALCALINA PEQUENA AA LR6-2BT480 CARTELA PANASSONIC
1119,054285,LUVA DE PANO ESPECIAL BANHADA LATEX VERDE NATURAL G WORKER,436585,WORKER,9.0,EPI / Segurança,SEM FOTO,WORKER 436585 LUVA DE PANO ESPECIAL BANHADA LATEX VERDE NATURAL G WORKER
1120,054348,TOUCA SOLDADOR AZUL ROYAL BRIM,WPS0800,DELTAPLUS,9.0,Químicos / Solda e Limpeza,SEM FOTO,DELTAPLUS WPS0800 TOUCA SOLDADOR AZUL ROYAL BRIM
1121,054599,MOTOR VENTILADOR 110V ELECTROLUX DC46/DC48/DC50X 41014815,A99487501,ELECTROLUX,9.0,Refrigeração / Componentes,SEM FOTO,ELECTROLUX A99487501 MOTOR VENTILADOR 110V ELECTROLUX DC46/DC48/DC50X 41014815
1122,054630,COMPLEMENTO C/PINO DC47A/DC48/DC49A/DC49X/DCW49 41016247,72000458,ELECTROLUX,9.0,Outros,SEM FOTO,ELECTROLUX 72000458 COMPLEMENTO C/PINO DC47A/DC48/DC49A/DC49X/DCW49 41016247
1123,055428,SERRA COPO BI-METALICA 25MM - 1 CORTAG,61195,CORTAG,9.0,Ferramentas / Instrumentos,SEM FOTO,CORTAG 61195 SERRA COPO BI-METALICA 25MM - 1 CORTAG
1124,055446,CHAVE T CANHAO 5/16,B923489,SAMATEC,9.0,Ferramentas / Instrumentos,SEM FOTO,SAMATEC B923489 CHAVE T CANHAO 5/16
1125,055597,"CAPACITOR CBB60, 05UF +-5% X 250V COM FIO WEG",M464,WEG,9.0,Capacitores,SEM FOTO,"WEG M464 CAPACITOR CBB60, 05UF +-5% X 250V COM FIO WEG"
1126,055691,TOMADA QUINTAPLA 2P+T CZ ESCUR 20A P EXTENSAO TMU5-320 17774,TMU5-320 17774,MARGIRIUS,9.0,Elétrica / Comandos,SEM FOTO,MARGIRIUS TMU5-320 17774 TOMADA QUINTAPLA 2P+T CZ ESCUR 20A P EXTENSAO TMU5-320 17774
1127,055825,CONTROLE SIMILAR P AR COND YORK FBG-7069,FBG-7069,FBG,9.0,Refrigeração / Componentes,SEM FOTO,FBG FBG-7069 CONTROLE SIMILAR P AR COND YORK FBG-7069
1128,055956,BARRAMENTO PENTE 1P 80A P1N1P80A CNC,P1N1P80A,CNC,9.0,Ferramentas / Instrumentos,SEM FOTO,CNC P1N1P80A BARRAMENTO PENTE 1P 80A P1N1P80A CNC
1129,056206,CONJ INTER 1TC SIMPLES + TOM 20A ENERBRAS 1899-ESN,1899-ESN,ENERBRAS,9.0,Peças para Lavadora e Bebedouro,SEM FOTO,ENERBRAS 1899-ESN CONJ INTER 1TC SIMPLES + TOM 20A ENERBRAS 1899-ESN
1130,056459,DIMMER VARIADOR DE LUMINOSIDADE ROTATIVO ENERBRAS 1844-E127,1844-E127,ENERBRAS,9.0,Elétrica / Comandos,SEM FOTO,ENERBRAS 1844-E127 DIMMER VARIADOR DE LUMINOSIDADE ROTATIVO ENERBRAS 1844-E127
1131,056478,PLACA ESPELHO 2X4 3 MODULOS ENERBRAS 1711-E6,1711-E6,ENERBRAS,9.0,Elétrica / Comandos,SEM FOTO,ENERBRAS 1711-E6 PLACA ESPELHO 2X4 3 MODULOS ENERBRAS 1711-E6
1132,056666,SUPORTE P TV UNIVERSAL LED/LCD 10 A 85 POL SBRUAB700 BRASFOR,SBRUAB700,BRASFORMA,9.0,Iluminação,SEM FOTO,BRASFORMA SBRUAB700 SUPORTE P TV UNIVERSAL LED/LCD 10 A 85 POL SBRUAB700 BRASFOR
1133,056910,ELEMENTO FILTRANTE 48-F SUCCAO TELA FELTRO 023U1921 DANFOS,023U1921,DANFOS,9.0,Filtros e Purificadores de Água,SEM FOTO,DANFOS 023U1921 ELEMENTO FILTRANTE 48-F SUCCAO TELA FELTRO 023U1921 DANFOS
1134,056935,TESTADOR DE TENSAO EZ TEST II,EZ TEST II,MINIPA,9.0,Outros,SEM FOTO,MINIPA EZ TEST II TESTADOR DE TENSAO EZ TEST II
1135,057147,LUMINARIA SOBREPOR INTELIGENTE 18W 3000-6500K REDONDA WIFI,48D18WSRWIFI,ELGIN,9.0,Iluminação,SEM FOTO,ELGIN 48D18WSRWIFI LUMINARIA SOBREPOR INTELIGENTE 18W 3000-6500K REDONDA WIFI
1136,057354,ABRACADEIRA ZIN TIP D C/ CUN 3,7893537017992,INCA,9.0,Fixação e Acessórios,SEM FOTO,INCA 7893537017992 ABRACADEIRA ZIN TIP D C/ CUN 3
1137,057433,CONECTOR BOX RETO ZAMAC 1,7893537000260,INCA,9.0,Elétrica / Comandos,SEM FOTO,INCA 7893537000260 CONECTOR BOX RETO ZAMAC 1
1138,057480,ESPELHO P/ CONDULETE METALICO 1 - CEGO,7893537012645,INCA,9.0,Elétrica / Comandos,SEM FOTO,INCA 7893537012645 ESPELHO P/ CONDULETE METALICO 1 - CEGO
1139,057497,FONTE CHAVEADA  ESTABILIZADA KA-1503 12V 15A AC-DC 180WATTS,KA-1503,KAPBOM,9.0,Ferramentas / Instrumentos,SEM FOTO,KAPBOM KA-1503 FONTE CHAVEADA ESTABILIZADA KA-1503 12V 15A AC-DC 180WATTS
1140,057543,ANTI MOFO PW BIVOLT GRANDE,450,PW,9.0,Outros,SEM FOTO,PW 450 ANTI MOFO PW BIVOLT GRANDE
1141,057834,LAMPADA LED BULBO T166 150W AUTOVOLT 6500K 15000 LUMENS E40,LLB6150C,LUMANTI,9.0,Iluminação,SEM FOTO,LUMANTI LLB6150C LAMPADA LED BULBO T166 150W AUTOVOLT 6500K 15000 LUMENS E40
1142,057841,LAMPADA AR111 LED GU10 12W 6500K 36 AUTOVOLT,AR111612,LUMANTI,9.0,Iluminação,SEM FOTO,LUMANTI AR111612 LAMPADA AR111 LED GU10 12W 6500K 36 AUTOVOLT
1143,057855,LAMPADA PIN G9 LED SMD 5W 2400K 127V 600 LUMENS,LLG9S205Z,LUMANTI,9.0,Iluminação,SEM FOTO,LUMANTI LLG9S205Z LAMPADA PIN G9 LED SMD 5W 2400K 127V 600 LUMENS
1144,057967,PARAFUSADEIRA/FURADEIRA DE IMPACTO ELETRICA 127V,HP0300-127V,MAKITA,9.0,Ferramentas / Instrumentos,SEM FOTO,MAKITA HP0300-127V PARAFUSADEIRA/FURADEIRA DE IMPACTO ELETRICA 127V
1145,057979,MARTELETE COMBINADO 24MM (15/16POL),HR2470X21-127V,MAKITA,9.0,Ferramentas / Instrumentos,SEM FOTO,MAKITA HR2470X21-127V MARTELETE COMBINADO 24MM (15/16POL)
1146,058161,LAMPADA TUBULAR LED T8 60CM 10W AUTOVOLT 270 4000K 900 LM,LLT410C,LUMANTI,9.0,Iluminação,SEM FOTO,LUMANTI LLT410C LAMPADA TUBULAR LED T8 60CM 10W AUTOVOLT 270 4000K 900 LM
1147,058596,"POLIURETANO TIPO B-ISOCIANATO 1,1KG",100281012,HULTER,9.0,Químicos / Solda e Limpeza,SEM FOTO,"HULTER 100281012 POLIURETANO TIPO B-ISOCIANATO 1,1KG"
1148,058660,WD40 GEL ANTICORROSI VO AEROSOL 360ML - WD-40,861782,WD-40,9.0,Químicos / Solda e Limpeza,SEM FOTO,WD-40 861782 WD40 GEL ANTICORROSI VO AEROSOL 360ML - WD-40
1149,058696,ROLAMENTO COMP. SANDEN 35X55X20,RC.250.108,ROYCE,9.0,Peças para Lavadora e Bebedouro,SEM FOTO,ROYCE RC.250.108 ROLAMENTO COMP. SANDEN 35X55X20
1150,058725,BLOCO DE CONTATO AUXILIAR LATERAL F4-11 CHINT,257027,CHINT,9.0,Refrigeração / Componentes,SEM FOTO,CHINT 257027 BLOCO DE CONTATO AUXILIAR LATERAL F4-11 CHINT
1151,058735,CHAVE COMUTADORA 2 POS COM CHAVE EG41,EG41,CNC,9.0,Ferramentas / Instrumentos,SEM FOTO,CNC EG41 CHAVE COMUTADORA 2 POS COM CHAVE EG41
1152,059023,ELEMENTO FILTRANTE SH48-A00 (DM 48) SANHUA,HTG-A00-010001,SANHUA,9.0,Filtros e Purificadores de Água,SEM FOTO,SANHUA HTG-A00-010001 ELEMENTO FILTRANTE SH48-A00 (DM 48) SANHUA
1153,059319,BOMBA DRENAGEM AGUA SPLIT 220V MINI ORANGE 12L/H ATE 54K BTU,FP2473,ASPEN PUMPS,9.0,Refrigeração / Componentes,SEM FOTO,ASPEN PUMPS FP2473 BOMBA DRENAGEM AGUA SPLIT 220V MINI ORANGE 12L/H ATE 54K BTU
1154,059401,ALICATE P/ANEL EXTERNO CURVO 170MM C.V,99BR.003.001,UNIFORT,9.0,Ferramentas / Instrumentos,SEM FOTO,UNIFORT 99BR.003.001 ALICATE P/ANEL EXTERNO CURVO 170MM C.V
1155,059518,"TERMINAL GARFO AZUL ISOL 1,3-2,6  M4 FACON",8484,FACON,9.0,Elétrica / Comandos,SEM FOTO,"FACON 8484 TERMINAL GARFO AZUL ISOL 1,3-2,6 M4 FACON"
1156,059531,FILTRO DML 164S 350X1/2S DANFOSS,100283671,DANFOS,9.0,Refrigeração / Componentes,SEM FOTO,DANFOS 100283671 FILTRO DML 164S 350X1/2S DANFOSS
1157,059900,ORIFICIO VALVULA EXPANSAO N.2 ELGIN,45ORIFICI002,ELGIN,9.0,Refrigeração / Componentes,SEM FOTO,ELGIN 45ORIFICI002 ORIFICIO VALVULA EXPANSAO N.2 ELGIN
1158,059981,"CAPACITOR DUPLO CBB65, 25UF+6 MDF X 440VAC C METAL HULTER",HT5CD25/6TA440VP,HULTER,9.0,Capacitores,SEM FOTO,"HULTER HT5CD25/6TA440VP CAPACITOR DUPLO CBB65, 25UF+6 MDF X 440VAC C METAL HULTER"
1159,060059,PLACA UNIVERSAL AC ON/OFF PISO TETO / FRIVEN,20003.1790.70,FRIVEN,9.0,Refrigeração / Componentes,SEM FOTO,FRIVEN 20003.1790.70 PLACA UNIVERSAL AC ON/OFF PISO TETO / FRIVEN
1160,060096,CARENAGEM DO MOTOR VENTILADOR COM HELICE 70563,70563,SAMATEC,9.0,Refrigeração / Componentes,SEM FOTO,SAMATEC 70563 CARENAGEM DO MOTOR VENTILADOR COM HELICE 70563
1161,060121,EK-3010 CONTROLADOR DIGITAL DE TEMPERATURA PARA REFRIG. OU A,1097,ELITECH,9.0,Automação / Temporizadores,SEM FOTO,ELITECH 1097 EK-3010 CONTROLADOR DIGITAL DE TEMPERATURA PARA REFRIG. OU A
1162,060125,ECS-974 NEO CONTROLADOR DIGITAL TEMPERATURA - 110V,1112,ELITECH,9.0,Automação / Temporizadores,SEM FOTO,ELITECH 1112 ECS-974 NEO CONTROLADOR DIGITAL TEMPERATURA - 110V
1163,060173,RETENTOR INFERIOR DO FUNDO DA CAIXA ENGRENAGEM 000360110,M831,SAMATEC,9.0,Elétrica / Comandos,SEM FOTO,SAMATEC M831 RETENTOR INFERIOR DO FUNDO DA CAIXA ENGRENAGEM 000360110
1164,060225,"CHAVE HEXAGONAL L CURTA 100MM x 8,0MM",IW10575,IRWIN,9.0,Ferramentas / Instrumentos,SEM FOTO,"IRWIN IW10575 CHAVE HEXAGONAL L CURTA 100MM x 8,0MM"
1165,060428,LIMPA CONTATO SPRAY 180G-350ML,202509-06,OBAGAS,9.0,Químicos / Solda e Limpeza,SEM FOTO,OBAGAS 202509-06 LIMPA CONTATO SPRAY 180G-350ML
1166,060564,VALVULA GBC ESFERICA 1/4 C/SCHRADER FRIVEN,20003.1002.60,FRIVEN,9.0,Refrigeração / Componentes,SEM FOTO,FRIVEN 20003.1002.60 VALVULA GBC ESFERICA 1/4 C/SCHRADER FRIVEN
1167,001933,MICRO MOTOR 1/25 BIVOLT 60HZ 1550RPM ELGIN,45MC20B10PCA,ELGIN,8.0,Refrigeração / Componentes,SEM FOTO,ELGIN 45MC20B10PCA MICRO MOTOR 1/25 BIVOLT 60HZ 1550RPM ELGIN
1168,003502,CHAVE DE FENDA SIMPLES 1/4X6 GEDORE,36110,GEDORE,8.0,Ferramentas / Instrumentos,SEM FOTO,GEDORE 36110 CHAVE DE FENDA SIMPLES 1/4X6 GEDORE
1169,052414,"CAPACITOR CBB60, 30UF +-5% X 250V SURYHA",80151.014,SURYHA,8.0,Capacitores,SEM FOTO,"SURYHA 80151.014 CAPACITOR CBB60, 30UF +-5% X 250V SURYHA"
1170,053373,PAINEL DECORATIVO COMPAT LAVAD BWT09A TIRA MANCHA 9KG CP,CP901,CP PLACAS,8.0,Peças para Lavadora e Bebedouro,SEM FOTO,CP PLACAS CP901 PAINEL DECORATIVO COMPAT LAVAD BWT09A TIRA MANCHA 9KG CP
1171,053871,INDICADOR L08 MODERNO COM FURO,M054,DE PLASTIC,8.0,Elétrica / Comandos,SEM FOTO,DE PLASTIC M054 INDICADOR L08 MODERNO COM FURO
1172,053919,REFIL FILTRO DE AGUA ELECTROLUX COMPATIVEL PE10/PA20G/PA25G,D144072,POLICARBON,8.0,Filtros e Purificadores de Água,SEM FOTO,POLICARBON D144072 REFIL FILTRO DE AGUA ELECTROLUX COMPATIVEL PE10/PA20G/PA25G
1173,054376,"TERMINAL CONECTOR DE EMENDA AZUL 1,5-2,5MM 27A",CE-2272,DECORLUX,8.0,Elétrica / Comandos,SEM FOTO,"DECORLUX CE-2272 TERMINAL CONECTOR DE EMENDA AZUL 1,5-2,5MM 27A"
1174,054620,SUPORTE DO CESTO ELECTROLUX LT50/LT60 41015184,62546014,ELECTROLUX,8.0,Peças para Lavadora e Bebedouro,SEM FOTO,ELECTROLUX 62546014 SUPORTE DO CESTO ELECTROLUX LT50/LT60 41015184
1175,054872,RETENTOR TANQ LAV/SEC ELECT LSE09/LSE11/LSE12/LSI09 41072101,1A600100,ELECTROLUX,8.0,Peças para Lavadora e Bebedouro,SEM FOTO,ELECTROLUX 1A600100 RETENTOR TANQ LAV/SEC ELECT LSE09/LSE11/LSE12/LSI09 41072101
1176,054915,VEDADOR REPARO MANGUEIRA MANIFOLD R22 FACON,C152083,FACON,8.0,Gases Refrigerantes,SEM FOTO,FACON C152083 VEDADOR REPARO MANGUEIRA MANIFOLD R22 FACON
1177,055056,PORTA FUSIVEL PRETO 20A 250VAC 11050/F,11050/F,MARGIRIUS,8.0,Elétrica / Comandos,SEM FOTO,MARGIRIUS 11050/F PORTA FUSIVEL PRETO 20A 250VAC 11050/F
1178,055200,CONTATOR ELETROMAGNETICO TRIF 50A 220V LC1-D5011M7 FACON,LC1-D5011M7,FACON,8.0,Elétrica / Comandos,SEM FOTO,FACON LC1-D5011M7 CONTATOR ELETROMAGNETICO TRIF 50A 220V LC1-D5011M7 FACON
1179,055218,CONTROLADOR DIG TEMP/UMIDADE CHOCADEIRA Y39UHQRR 100/240V,Y39UHQRR----P---,COEL,8.0,Automação / Temporizadores,SEM FOTO,COEL Y39UHQRR----P--- CONTROLADOR DIG TEMP/UMIDADE CHOCADEIRA Y39UHQRR 100/240V
1180,055256,CANALETA VAZADA 50X80 LUKMA,29006,LUKMA,8.0,Elétrica / Comandos,SEM FOTO,LUKMA 29006 CANALETA VAZADA 50X80 LUKMA
1181,055440,SERRA COPO DIAMANTADA C HASTE E PINO GUIA P ALVENARIA 45MM,61419,CORTAG,8.0,Ferramentas / Instrumentos,SEM FOTO,CORTAG 61419 SERRA COPO DIAMANTADA C HASTE E PINO GUIA P ALVENARIA 45MM
1182,055548,CANALETA HELACLIMA BRANCA VAZADA 50X50 HD4P,HD4P,HELLERMANNTYTON,8.0,Elétrica / Comandos,SEM FOTO,HELLERMANNTYTON HD4P CANALETA HELACLIMA BRANCA VAZADA 50X50 HD4P
1183,055646,TOMADA TRIPLA 2P+T CINZA 20A PARA EXTENSAO TMU3-320 / 17768,17768,MARGIRIUS,8.0,Elétrica / Comandos,SEM FOTO,MARGIRIUS 17768 TOMADA TRIPLA 2P+T CINZA 20A PARA EXTENSAO TMU3-320 / 17768
1184,055833,PROTETOR RAIO ELETRO 2 TOMADAS 10A 127V PW,203,PW,8.0,Elétrica / Comandos,SEM FOTO,PW 203 PROTETOR RAIO ELETRO 2 TOMADAS 10A 127V PW
1185,055843,DIMMER MODULO UNIVERSAL 300W PW,817,PW,8.0,Elétrica / Comandos,SEM FOTO,PW 817 DIMMER MODULO UNIVERSAL 300W PW
1186,055953,DPS 1P 10-20KA 275V CNC-YCS6 D,YCS6-D,CNC,8.0,Elétrica / Comandos,SEM FOTO,CNC YCS6-D DPS 1P 10-20KA 275V CNC-YCS6 D
1187,055954,DPS 1P 20-40KA 275V CNC-YCS6 C,YCS6-C,CNC,8.0,Elétrica / Comandos,SEM FOTO,CNC YCS6-C DPS 1P 20-40KA 275V CNC-YCS6 C
1188,056081,BORRACHA PARA PORTA DE CAMARA FRIA (TIPO B),BTIPOB,WINNER,8.0,Refrigeração / Componentes,SEM FOTO,WINNER BTIPOB BORRACHA PARA PORTA DE CAMARA FRIA (TIPO B)
1189,056178,CANALETA ENERBRAS BRANCA VAZADA 20X20 2020-EB/S,2020-EB/S,ENERBRAS,8.0,Elétrica / Comandos,SEM FOTO,ENERBRAS 2020-EB/S CANALETA ENERBRAS BRANCA VAZADA 20X20 2020-EB/S
1190,056197,INTERRUPTOR 1 T SIMPLES CX PADRAO ENERBRAS 306-ES/CP,306-ES/CP,ENERBRAS,8.0,Elétrica / Comandos,SEM FOTO,ENERBRAS 306-ES/CP INTERRUPTOR 1 T SIMPLES CX PADRAO ENERBRAS 306-ES/CP
1191,056479,PLACA ESPELHO 4X4 1+1 MODULO ENERBRAS 1712-E4,1712-E4,ENERBRAS,8.0,Elétrica / Comandos,SEM FOTO,ENERBRAS 1712-E4 PLACA ESPELHO 4X4 1+1 MODULO ENERBRAS 1712-E4
1192,056481,PLACA ESPELHO 4X4 2+2 MODULO DISTANCIADOS ENERBRAS 1712-E15,1712-E15,ENERBRAS,8.0,Elétrica / Comandos,SEM FOTO,ENERBRAS 1712-E15 PLACA ESPELHO 4X4 2+2 MODULO DISTANCIADOS ENERBRAS 1712-E15
1193,056494,TOMADA 2P+ T 20A VERMELHA ENERBRAS 329-ENVM,329-ENVM,ENERBRAS,8.0,Elétrica / Comandos,SEM FOTO,ENERBRAS 329-ENVM TOMADA 2P+ T 20A VERMELHA ENERBRAS 329-ENVM
1194,056636,DISJUNTOR DIN BIF 2P 70A 3KA ENERBRAS,DT3-E2C70,ENERBRAS,8.0,Elétrica / Comandos,SEM FOTO,ENERBRAS DT3-E2C70 DISJUNTOR DIN BIF 2P 70A 3KA ENERBRAS
1195,056675,SERRA TICO TICO T118B PARA METAL,2608.668.146-000,BOSCH,8.0,Ferramentas / Instrumentos,SEM FOTO,BOSCH 2608.668.146-000 SERRA TICO TICO T118B PARA METAL
1196,056850,LAMPADA BULBO LED A55 6W BIVOLT 6500K ELGIN,48BLED2F06YU,ELGIN,8.0,Iluminação,SEM FOTO,ELGIN 48BLED2F06YU LAMPADA BULBO LED A55 6W BIVOLT 6500K ELGIN
1197,057145,PLUG DE TOMADA INTELIGENTE 10A ELGIN,48PLUGWIFI10,ELGIN,8.0,Elétrica / Comandos,SEM FOTO,ELGIN 48PLUGWIFI10 PLUG DE TOMADA INTELIGENTE 10A ELGIN
1198,057296,BROCA MD HAMMER PLUS 8X110MM,7898181494854,BOMCORTE,8.0,Ferramentas / Instrumentos,SEM FOTO,BOMCORTE 7898181494854 BROCA MD HAMMER PLUS 8X110MM
1199,057791,CHAVE FENDA TESTES ELETRICOS 4615-3,091871,GEDORE,8.0,Ferramentas / Instrumentos,SEM FOTO,GEDORE 091871 CHAVE FENDA TESTES ELETRICOS 4615-3
1200,057892,LUMINARIA EMBUTIR REDONDA BRANCA FLAT LED 12W AUTOVOLT 6500K,LLER612F,LUMANTI,8.0,Iluminação,SEM FOTO,LUMANTI LLER612F LUMINARIA EMBUTIR REDONDA BRANCA FLAT LED 12W AUTOVOLT 6500K
1201,058174,FITA ADESIVA ELASTOMERICA PVC PRETA 45MMX10M,915,TECTAPE,8.0,Instalação de Ar-Condicionado,SEM FOTO,TECTAPE 915 FITA ADESIVA ELASTOMERICA PVC PRETA 45MMX10M
1202,058194,BUCHA S8 VAZADA P TIJOLO OCO UNIDADE SMS INDUST,02 BUCHA 8MM,SMS INDUST,8.0,Fixação e Acessórios,SEM FOTO,SMS INDUST 02 BUCHA 8MM BUCHA S8 VAZADA P TIJOLO OCO UNIDADE SMS INDUST
1203,058375,PLUGUE 2P T 20A 90 PRETO EMB GRANEL CONNECT,082-EP,ENERBRAS,8.0,Elétrica / Comandos,SEM FOTO,ENERBRAS 082-EP PLUGUE 2P T 20A 90 PRETO EMB GRANEL CONNECT
1204,058718,CARTUCHO GAS 190G - KALA,861650,KALA,8.0,Gases Refrigerantes,SEM FOTO,KALA 861650 CARTUCHO GAS 190G - KALA
1205,058726,BOTAO DE PULSO AMARELO NP2-EA51 - CHIN,EA51,CNC,8.0,Elétrica / Comandos,SEM FOTO,CNC EA51 BOTAO DE PULSO AMARELO NP2-EA51 - CHIN
1206,058762,M V AXIAL 80 X 80 X38 SUCCAO COM ROLAMENTO BIVOLT 60HZ,20003.1795.10,FRIVEN,8.0,Peças para Lavadora e Bebedouro,SEM FOTO,FRIVEN 20003.1795.10 M V AXIAL 80 X 80 X38 SUCCAO COM ROLAMENTO BIVOLT 60HZ
1207,058870,ALICATE P/ANEL EXTERNO RETO 180MM C.V,99BR.003.000,UNIFORT,8.0,Ferramentas / Instrumentos,SEM FOTO,UNIFORT 99BR.003.000 ALICATE P/ANEL EXTERNO RETO 180MM C.V
1208,058878,CHAVE L TORX C/ GUIA T9 C.V,99BR.060.000,UNIFORT,8.0,Ferramentas / Instrumentos,SEM FOTO,UNIFORT 99BR.060.000 CHAVE L TORX C/ GUIA T9 C.V
1209,058882,CHAVE L TORX C/ GUIA T27 C.V,99BR.060.005,UNIFORT,8.0,Ferramentas / Instrumentos,SEM FOTO,UNIFORT 99BR.060.005 CHAVE L TORX C/ GUIA T27 C.V
1210,059012,TIMER REFRIG ELECT DF34/DF35/DF36/DF37/DF38/39/40 41001710,64484483,ELECTROLUX,8.0,Automação / Temporizadores,SEM FOTO,ELECTROLUX 64484483 TIMER REFRIG ELECT DF34/DF35/DF36/DF37/DF38/39/40 41001710
1211,059093,PRESSOSTATO 4 NIVEIS PARA LAVADOR ELECTROLUX LT12F  64502001,47445710000,EMICOL,8.0,Automação / Temporizadores,SEM FOTO,EMICOL 47445710000 PRESSOSTATO 4 NIVEIS PARA LAVADOR ELECTROLUX LT12F 64502001
1212,059104,PLACA ELETRONICA COMPATIVEL INTERFACE LAVADORA LTE08 - BIV,72632010000,EMICOL,8.0,Peças para Lavadora e Bebedouro,SEM FOTO,EMICOL 72632010000 PLACA ELETRONICA COMPATIVEL INTERFACE LAVADORA LTE08 - BIV
1213,059188,BOMBA DRENAGEM AGUA SPLIT 127/220V DRENA 20LT/H ATE 45000 BT,S163115,EOS,8.0,Refrigeração / Componentes,SEM FOTO,EOS S163115 BOMBA DRENAGEM AGUA SPLIT 127/220V DRENA 20LT/H ATE 45000 BT
1214,059511,CONEXAO COBRE CURVA 90 LONGA 2 1/8 FRIVEN,20003.1602.10,FRIVEN,8.0,Hidráulica,SEM FOTO,FRIVEN 20003.1602.10 CONEXAO COBRE CURVA 90 LONGA 2 1/8 FRIVEN
1215,060079,LUVA CO REDUTORA 1.1/8X7/8,20003.1604.14,FRIVEN,8.0,EPI / Segurança,SEM FOTO,FRIVEN 20003.1604.14 LUVA CO REDUTORA 1.1/8X7/8
1216,060163,VALVULA SOLENOIDE COM BOBINA 220V 50 60HZ 1/4 - ROSCA,45VSE014R000,ELGIN,8.0,Refrigeração / Componentes,SEM FOTO,ELGIN 45VSE014R000 VALVULA SOLENOIDE COM BOBINA 220V 50 60HZ 1/4 - ROSCA
1217,060164,VALVULA SOLENOIDE COM BOBINA 220V 50 60HZ 3/8 - ROSCA,45VSE038R000,ELGIN,8.0,Refrigeração / Componentes,SEM FOTO,ELGIN 45VSE038R000 VALVULA SOLENOIDE COM BOBINA 220V 50 60HZ 3/8 - ROSCA
1218,060445,FITA ALUMINIZADA ADESIVA PP45 AC METALIZADA 48MM X 50M,MT063354,CELTA,8.0,Instalação de Ar-Condicionado,SEM FOTO,CELTA MT063354 FITA ALUMINIZADA ADESIVA PP45 AC METALIZADA 48MM X 50M
1219,060544,SUPORTE DO CESTO LAVADORA BRASTEMP CONSUL W10754676 W1033102,SPDBTPSP,SPAZIO,8.0,Peças para Lavadora e Bebedouro,SEM FOTO,SPAZIO SPDBTPSP SUPORTE DO CESTO LAVADORA BRASTEMP CONSUL W10754676 W1033102
1220,060555,AGITADOR 8 BLADES CWL08/10/BWL/BWC10/BWK11,AGT8BLD,SPAZIO,8.0,Peças para Lavadora e Bebedouro,SEM FOTO,SPAZIO AGT8BLD AGITADOR 8 BLADES CWL08/10/BWL/BWC10/BWK11
1221,060620,CONTROLE PORTÃO GAREN TX NEWS,TX NEWS,GAREN,8.0,Refrigeração / Componentes,SEM FOTO,GAREN TX NEWS CONTROLE PORTÃO GAREN TX NEWS
1222,060649,VALVULA GBC ESFERICA 3/8 C/SCHRADER FRIVEN,20003.1002.61,FRIVEN,8.0,Refrigeração / Componentes,SEM FOTO,FRIVEN 20003.1002.61 VALVULA GBC ESFERICA 3/8 C/SCHRADER FRIVEN
1223,000492,CALCO DE BORRACHA PODIUM PARA AR CONDICIONADO SPAZIO,CX001PN,SPAZIO,7.0,Refrigeração / Componentes,SEM FOTO,SPAZIO CX001PN CALCO DE BORRACHA PODIUM PARA AR CONDICIONADO SPAZIO
1224,000795,BOBINA P/ CONTATORA 24V 40-95A DECORLUX -,BB-2024,DECORLUX,7.0,Elétrica / Comandos,SEM FOTO,DECORLUX BB-2024 BOBINA P/ CONTATORA 24V 40-95A DECORLUX -
1225,003504,CHAVE DE FENDA SIMPLES 1/4X10 GEDORE,36130,GEDORE,7.0,Ferramentas / Instrumentos,SEM FOTO,GEDORE 36130 CHAVE DE FENDA SIMPLES 1/4X10 GEDORE
1226,052081,PLACA INTERFACE LAVADORA ELECTROLUX LTE09 SAMATEC,B920929,SAMATEC,7.0,Peças para Lavadora e Bebedouro,SEM FOTO,SAMATEC B920929 PLACA INTERFACE LAVADORA ELECTROLUX LTE09 SAMATEC
1227,052960,CHAVE DE FENDA SIMPLES 3/16X12 GEDORE,36086,GEDORE,7.0,Ferramentas / Instrumentos,SEM FOTO,GEDORE 36086 CHAVE DE FENDA SIMPLES 3/16X12 GEDORE
1228,053537,CHAVE PHILIPS 1/8X3  GEDORE,36288,GEDORE,7.0,Ferramentas / Instrumentos,SEM FOTO,GEDORE 36288 CHAVE PHILIPS 1/8X3 GEDORE
1229,053552,CHAVE BIELA 17 ROBUST,064008,GEDORE,7.0,Ferramentas / Instrumentos,SEM FOTO,GEDORE 064008 CHAVE BIELA 17 ROBUST
1230,053553,CHAVE BIELA 18 ROBUST,064009,GEDORE,7.0,Ferramentas / Instrumentos,SEM FOTO,GEDORE 064009 CHAVE BIELA 18 ROBUST
1231,053689,CORPO VALVULA EXPANSAO TS2 R404 ROSCA RF21F105 FACON,068Z3400,FACON,7.0,Gases Refrigerantes,SEM FOTO,FACON 068Z3400 CORPO VALVULA EXPANSAO TS2 R404 ROSCA RF21F105 FACON
1232,053910,POLIA CATRACA LAVADOR TOP LOAD 5KG LT60 LTC07 ELECT 41012230,67492432,ELECTROLUX,7.0,Peças para Lavadora e Bebedouro,SEM FOTO,ELECTROLUX 67492432 POLIA CATRACA LAVADOR TOP LOAD 5KG LT60 LTC07 ELECT 41012230
1233,053913,DISJUNTOR DIN TRIPOLAR 3P C40A 3KA - C REF: 185474,185474,CHINT,7.0,Elétrica / Comandos,SEM FOTO,CHINT 185474 DISJUNTOR DIN TRIPOLAR 3P C40A 3KA - C REF: 185474
1234,053914,DISJUNTOR DIN TRIPOLAR 3P C50A 3KA - C REF: 185475,185475,CHINT,7.0,Elétrica / Comandos,SEM FOTO,CHINT 185475 DISJUNTOR DIN TRIPOLAR 3P C50A 3KA - C REF: 185475
1235,054163,PINGADEIRA PLAST BT BRANCO IBBL,10210425,IBBL,7.0,Outros,SEM FOTO,IBBL 10210425 PINGADEIRA PLAST BT BRANCO IBBL
1236,054197,SACA AGITADOR CONSUL 8 BLADS,925023,SAMATEC,7.0,Ferramentas / Instrumentos,SEM FOTO,SAMATEC 925023 SACA AGITADOR CONSUL 8 BLADS
1237,054367,BOBINA P/ CONTATORA 24V  9-18A DECORLUX,BB-0024,DECORLUX,7.0,Elétrica / Comandos,SEM FOTO,DECORLUX BB-0024 BOBINA P/ CONTATORA 24V 9-18A DECORLUX
1238,054492,COLA POLETILENO PARA ELASTOMERICO EW600 900ML/765G EPEX,BDA00601-U,EPEX,7.0,Químicos / Solda e Limpeza,SEM FOTO,EPEX BDA00601-U COLA POLETILENO PARA ELASTOMERICO EW600 900ML/765G EPEX
1239,054609,RESISTENCIA REFRIGERADOR ELECTROLUX DF37 110V 41001996,64684740,ELECTROLUX,7.0,Refrigeração / Componentes,SEM FOTO,ELECTROLUX 64684740 RESISTENCIA REFRIGERADOR ELECTROLUX DF37 110V 41001996
1240,054807,LAMINA PARA CORTADOR DE TUBO DE COBRE SURYHA,80150.029,SURYHA,7.0,Ferramentas / Instrumentos,SEM FOTO,SURYHA 80150.029 LAMINA PARA CORTADOR DE TUBO DE COBRE SURYHA
1241,054928,RESISTENCIA DE DEGELO 3000W DUPLA 2.80 METROS 220V PONTA RET,T00591,MJ IND E COMERCIO,7.0,Refrigeração / Componentes,SEM FOTO,MJ IND E COMERCIO T00591 RESISTENCIA DE DEGELO 3000W DUPLA 2.80 METROS 220V PONTA RET
1242,054980,MOTOR COND ELETR AC 9/12K 1/15CV 220V 60HZ Y5S613B211OCL,25906085,MIDEA,7.0,Refrigeração / Componentes,SEM FOTO,MIDEA 25906085 MOTOR COND ELETR AC 9/12K 1/15CV 220V 60HZ Y5S613B211OCL
1243,055249,SINALEIRO LK10 COM RABICHO VERMELHO LUKMA,16022,LUKMA,7.0,Elétrica / Comandos,SEM FOTO,LUKMA 16022 SINALEIRO LK10 COM RABICHO VERMELHO LUKMA
1244,055348,"CAPACITOR CBB60, 35UF +-5% X 250V SURYHA",80151.015,SURYHA,7.0,Capacitores,SEM FOTO,"SURYHA 80151.015 CAPACITOR CBB60, 35UF +-5% X 250V SURYHA"
1245,055451,TIMER FREEZE VERTICAL ELECTROLUX 12H TMDJ1240-1 127V JOTECK,JO-TD12127-EL,JOTECK,7.0,Automação / Temporizadores,SEM FOTO,JOTECK JO-TD12127-EL TIMER FREEZE VERTICAL ELECTROLUX 12H TMDJ1240-1 127V JOTECK
1246,055664,MANGUEIRA CINZA RETA P LAVADORA SAIDA DE AGUA 29MM 2500MM,640322-250,INDUSMACK,7.0,Peças para Lavadora e Bebedouro,SEM FOTO,INDUSMACK 640322-250 MANGUEIRA CINZA RETA P LAVADORA SAIDA DE AGUA 29MM 2500MM
1247,055811,CUBO COM EIXO ARNO LAVETE COM 2 ROLAMENTOS SAMATEC,952262,SAMATEC,7.0,Peças para Lavadora e Bebedouro,SEM FOTO,SAMATEC 952262 CUBO COM EIXO ARNO LAVETE COM 2 ROLAMENTOS SAMATEC
1248,055842,DIMMER 4X2 ROT BRANCO 500W 220V PW,806,PW,7.0,Elétrica / Comandos,SEM FOTO,PW 806 DIMMER 4X2 ROT BRANCO 500W 220V PW
1249,055873,KIT PARAFUSADEIRA SEM FIO 4.8V BIVOLT C LED 15 ACESSOR BLACK,KC4815K-BR,BLACK & DECKER,7.0,Iluminação,SEM FOTO,BLACK & DECKER KC4815K-BR KIT PARAFUSADEIRA SEM FIO 4.8V BIVOLT C LED 15 ACESSOR BLACK
1250,055957,BARRAMENTO PENTE 2P 80A P1N1P80A CNC,P1N2P80A,CNC,7.0,Ferramentas / Instrumentos,SEM FOTO,CNC P1N2P80A BARRAMENTO PENTE 2P 80A P1N1P80A CNC
1251,055980,SINALIZADOR LED 220V AZUL 22DS B - CNC REF: AD22-22DSB,AD22-22DSB,CNC,7.0,Iluminação,SEM FOTO,CNC AD22-22DSB SINALIZADOR LED 220V AZUL 22DS B - CNC REF: AD22-22DSB
1252,056003,DISJUNTOR DIN TRIPOLAR 3P 125A 6KA REF: 158105,158105,CHINT,7.0,Elétrica / Comandos,SEM FOTO,CHINT 158105 DISJUNTOR DIN TRIPOLAR 3P 125A 6KA REF: 158105
1253,056004,"MARTELETE SDS SDS PLUS 1,34J 20MM 620W 127V BLACK E DACKER",KD620K-BR,BLACK & DECKER,7.0,Ferramentas / Instrumentos,SEM FOTO,"BLACK & DECKER KD620K-BR MARTELETE SDS SDS PLUS 1,34J 20MM 620W 127V BLACK E DACKER"
1254,056045,ANTENA TV DIGITAL INTERNA HDTV TV-500 AQUARIO,TV-500,AQUARIO,7.0,Eletrônicos / Informática,SEM FOTO,AQUARIO TV-500 ANTENA TV DIGITAL INTERNA HDTV TV-500 AQUARIO
1255,056124,CASTANHA PS - TEC - TRIMAC,TEC,TRIMAC,7.0,Outros,SEM FOTO,TRIMAC TEC CASTANHA PS - TEC - TRIMAC
1256,056185,BORNEIRA 7 FUROS COM SUPORTE DIN VERDE ENERBRAS SBTN-E7T,SBTN-E7T,ENERBRAS,7.0,Elétrica / Comandos,SEM FOTO,ENERBRAS SBTN-E7T BORNEIRA 7 FUROS COM SUPORTE DIN VERDE ENERBRAS SBTN-E7T
1257,056232,SENSOR DE PRESENCA PAREDE TEMP C FOTOCEL ENERBRAS 1502-E,1502-E,ENERBRAS,7.0,Elétrica / Comandos,SEM FOTO,ENERBRAS 1502-E SENSOR DE PRESENCA PAREDE TEMP C FOTOCEL ENERBRAS 1502-E
1258,056263,SACA AGITADOR AGITADOR BRAST MODERNA BWG12/BWJ/BWH/BWS/BWT,B954361,SAMATEC,7.0,Ferramentas / Instrumentos,SEM FOTO,SAMATEC B954361 SACA AGITADOR AGITADOR BRAST MODERNA BWG12/BWJ/BWH/BWS/BWT
1259,056473,DIMMER VARIADOR LUMINOSIDADE ENERBRAS 1744-E127-E 127V,1744-E127,ENERBRAS,7.0,Elétrica / Comandos,SEM FOTO,ENERBRAS 1744-E127 DIMMER VARIADOR LUMINOSIDADE ENERBRAS 1744-E127-E 127V
1260,056671,CABO HDMI 1.4 4K 3D 1080P - 5 METROS HDMI-1405 BRASFORMA,HDMI-1405,BRASFORMA,7.0,Eletrônicos / Informática,SEM FOTO,BRASFORMA HDMI-1405 CABO HDMI 1.4 4K 3D 1080P - 5 METROS HDMI-1405 BRASFORMA
1261,056832,LUMINARIA LED P EMBUTIR 12W 6500K LUZ BRANCA REDONDO ELGIN,48D12WERB000,ELGIN,7.0,Iluminação,SEM FOTO,ELGIN 48D12WERB000 LUMINARIA LED P EMBUTIR 12W 6500K LUZ BRANCA REDONDO ELGIN
1262,056858,WD40 SILICONE LUB AEROSOL 420ML - WD-40,428434,WD-40,7.0,Químicos / Solda e Limpeza,SEM FOTO,WD-40 428434 WD40 SILICONE LUB AEROSOL 420ML - WD-40
1263,056868,"SIFAO 1.3/8 X 1,27MM HULTER",1521,HULTER,7.0,Hidráulica,SEM FOTO,"HULTER 1521 SIFAO 1.3/8 X 1,27MM HULTER"
1264,056978,CAMERA WIFI HD 3.6MM 10M COM ROTACAO 360 LIV SE221 MULTILAS,SE221,MULTILASER,7.0,Eletrônicos / Informática,SEM FOTO,MULTILASER SE221 CAMERA WIFI HD 3.6MM 10M COM ROTACAO 360 LIV SE221 MULTILAS
1265,057019,FONE DE OUVIDO TWS MULTILASER DOTS BLUETOOTH 5.0 PH300,PH300,MULTILASER,7.0,Eletrônicos / Informática,SEM FOTO,MULTILASER PH300 FONE DE OUVIDO TWS MULTILASER DOTS BLUETOOTH 5.0 PH300
1266,057037,CONJUNTO TELCLADO + MOUSE SEM FIO FLUTUANTES PR MULTILASER,TC251,MULTILASER,7.0,Eletrônicos / Informática,SEM FOTO,MULTILASER TC251 CONJUNTO TELCLADO + MOUSE SEM FIO FLUTUANTES PR MULTILASER
1267,057051,PENDRIVE TWIST PRETO 128GB MULTILASER,PD591,MULTILASER,7.0,Eletrônicos / Informática,SEM FOTO,MULTILASER PD591 PENDRIVE TWIST PRETO 128GB MULTILASER
1268,057069,CONJUNTO S FIO TELCLADO + MOUSE BRANCO USB SLIM MULTIMIDIA,TC203,MULTILASER,7.0,Eletrônicos / Informática,SEM FOTO,MULTILASER TC203 CONJUNTO S FIO TELCLADO + MOUSE BRANCO USB SLIM MULTIMIDIA
1269,057146,PLUG DE TOMADA INTELIGENTE 16A ELGIN,48PLUGWIFI16,ELGIN,7.0,Elétrica / Comandos,SEM FOTO,ELGIN 48PLUGWIFI16 PLUG DE TOMADA INTELIGENTE 16A ELGIN
1270,057150,LUMINARIA SOBREPOR INTELIGENTE 24W 3000-6500K QUADRDA WIFI,48D24WSQWIFI,ELGIN,7.0,Iluminação,SEM FOTO,ELGIN 48D24WSQWIFI LUMINARIA SOBREPOR INTELIGENTE 24W 3000-6500K QUADRDA WIFI
1271,057154,LUMINARIA ECOSPOT INTELIGENTE 5W REDONDA WIFI RGBW,48LSM16RWIFI,ELGIN,7.0,Iluminação,SEM FOTO,ELGIN 48LSM16RWIFI LUMINARIA ECOSPOT INTELIGENTE 5W REDONDA WIFI RGBW
1272,057501,CABO DE ALIMENTACAO KAP-391 AUDIO VIIDEO P IMP 1.2M,KAP-391,KAPBOM,7.0,Elétrica / Comandos,SEM FOTO,KAPBOM KAP-391 CABO DE ALIMENTACAO KAP-391 AUDIO VIIDEO P IMP 1.2M
1273,057556,FITA DE LED NEON FLEXIVEL12V 5M VERMELHO,446,LECTRON,7.0,Iluminação,SEM FOTO,LECTRON 446 FITA DE LED NEON FLEXIVEL12V 5M VERMELHO
1274,057831,LAMPADA LED BULBO T120 50W AUTOVOLT 6500K E27,LLB650YB,LUMANTI,7.0,Iluminação,SEM FOTO,LUMANTI LLB650YB LAMPADA LED BULBO T120 50W AUTOVOLT 6500K E27
1275,057832,LAMPADA LED BULBO T132 75W AUTOVOLT 6500K 7500 LUMENS E27,LLB675C,LUMANTI,7.0,Iluminação,SEM FOTO,LUMANTI LLB675C LAMPADA LED BULBO T132 75W AUTOVOLT 6500K 7500 LUMENS E27
1276,057884,LUMINARIA EMBUTIR QUADRADA PRETA FLAT LED 12W AUTOVOLT 6500K,LLEQP612F,LUMANTI,7.0,Iluminação,SEM FOTO,LUMANTI LLEQP612F LUMINARIA EMBUTIR QUADRADA PRETA FLAT LED 12W AUTOVOLT 6500K
1277,058366,PLUGUE 2P 10A BRANCO EMB GRANEL CONNECT,003-EB,ENERBRAS,7.0,Elétrica / Comandos,SEM FOTO,ENERBRAS 003-EB PLUGUE 2P 10A BRANCO EMB GRANEL CONNECT
1278,058769,OLEO SESIL SUPER 100 SINTETICO VG100 1LT AUTOMOTIVO,VG100,SESIL,7.0,Químicos / Solda e Limpeza,SEM FOTO,SESIL VG100 OLEO SESIL SUPER 100 SINTETICO VG100 1LT AUTOMOTIVO
1279,058840,SUPORTE P/CORTINA DE CAMARA INOX,921859,SAMATEC,7.0,Instalação de Ar-Condicionado,SEM FOTO,SAMATEC 921859 SUPORTE P/CORTINA DE CAMARA INOX
1280,059099,PRESSOSTATO COMPATIVEL P LAVADORA ELECTROLUX 4 NIVEIS LTC10,47439210000,EMICOL,7.0,Automação / Temporizadores,SEM FOTO,EMICOL 47439210000 PRESSOSTATO COMPATIVEL P LAVADORA ELECTROLUX 4 NIVEIS LTC10
1281,059103,PLACA ELETRONICA COMPATIVEL INTERFACE LAVADORA LTE12 V1 - BI,72631710000,EMICOL,7.0,Peças para Lavadora e Bebedouro,SEM FOTO,EMICOL 72631710000 PLACA ELETRONICA COMPATIVEL INTERFACE LAVADORA LTE12 V1 - BI
1282,059529,FILTRO HML 165R 350X5/8R HULTER,100274833,HULTER,7.0,Refrigeração / Componentes,SEM FOTO,HULTER 100274833 FILTRO HML 165R 350X5/8R HULTER
1283,059553,REFIL CARBON BLOCK 7 POL S/ROSCA C/TNT OC: PRODUTO DESTINADO,1028,PLANETA AGUA,7.0,Filtros e Purificadores de Água,SEM FOTO,PLANETA AGUA 1028 REFIL CARBON BLOCK 7 POL S/ROSCA C/TNT OC: PRODUTO DESTINADO
1284,059732,"MALA STANDEDARD 16"" 400MM IRWIN",1870406,IRWIN,7.0,Ferramentas / Instrumentos,SEM FOTO,"IRWIN 1870406 MALA STANDEDARD 16"" 400MM IRWIN"
1285,059901,ORIFICIO VALVULA EXPANSAO N.00 ELGIN,45ORIFICI000,ELGIN,7.0,Refrigeração / Componentes,SEM FOTO,ELGIN 45ORIFICI000 ORIFICIO VALVULA EXPANSAO N.00 ELGIN
1286,059920,CURVA CO 90 CURTA 3/4 X 1/32 VIX 106057,106057,VIX,7.0,Instalação de Ar-Condicionado,SEM FOTO,VIX 106057 CURVA CO 90 CURTA 3/4 X 1/32 VIX 106057
1287,060150,VISOR DE LIQUIDO 5/8 ROSCA SYJ16L11 SANHUA,SYJ16L11,SANHUA,7.0,Refrigeração / Componentes,SEM FOTO,SANHUA SYJ16L11 VISOR DE LIQUIDO 5/8 ROSCA SYJ16L11 SANHUA
1288,060302,APLICADOR SELANTE E SILICONE FERTAK 9 POL 6601,6601,FERTAK,7.0,Químicos / Solda e Limpeza,SEM FOTO,FERTAK 6601 APLICADOR SELANTE E SILICONE FERTAK 9 POL 6601
1289,060324,SUPORTE SPLIT 700MM CHAPA 2MM REFORCADO,SA0019,RA METAL E COMPONENTES,7.0,Instalação de Ar-Condicionado,SEM FOTO,RA METAL E COMPONENTES SA0019 SUPORTE SPLIT 700MM CHAPA 2MM REFORCADO
1290,060346,BOMBA DRENO EVAP. 110-240V 50/60HZ A PARTIR 32.000 BTU S 40L,47507,NUCLEO DO FRIO,7.0,Instalação de Ar-Condicionado,SEM FOTO,NUCLEO DO FRIO 47507 BOMBA DRENO EVAP. 110-240V 50/60HZ A PARTIR 32.000 BTU S 40L
1291,060396,"VALVULA DE SERVICO PARA CONDENSADORA DE 7/8"" R22",80170.024,SURYHA,7.0,Gases Refrigerantes,SEM FOTO,"SURYHA 80170.024 VALVULA DE SERVICO PARA CONDENSADORA DE 7/8"" R22"
1292,060446,EK-610 CONTROLADOR DIGITAL DE TEMP COMPAT TC17 E MT512 BIV,EK-610,ELITECH,7.0,Automação / Temporizadores,SEM FOTO,ELITECH EK-610 EK-610 CONTROLADOR DIGITAL DE TEMP COMPAT TC17 E MT512 BIV
1293,060448,STC1000HX CONTROLADOR DIGITAL DE TEMP COMPA CHOCADEIRA 220V,STC1000HX,ELITECH,7.0,Automação / Temporizadores,SEM FOTO,ELITECH STC1000HX STC1000HX CONTROLADOR DIGITAL DE TEMP COMPA CHOCADEIRA 220V
1294,060503,FURADEIRA DE IMPACTO A BATERIA 21V MOTOR SEM ESCOVAS,80150.199,SURYHA,7.0,Ferramentas / Instrumentos,SEM FOTO,SURYHA 80150.199 FURADEIRA DE IMPACTO A BATERIA 21V MOTOR SEM ESCOVAS
1295,060520,"MOLA INTERNA CURVADORA DE TUBOS 1/4""",80150.216,SURYHA,7.0,Ferramentas / Instrumentos,SEM FOTO,"SURYHA 80150.216 MOLA INTERNA CURVADORA DE TUBOS 1/4"""
1296,060549,RECIPIENTE PARA EVAPORADORA EMBRACO NOVO NATURAL D10281,REC002FFN,SPAZIO,7.0,Refrigeração / Componentes,SEM FOTO,SPAZIO REC002FFN RECIPIENTE PARA EVAPORADORA EMBRACO NOVO NATURAL D10281
1297,005173,MULTIMETRO DIGITAL 20MOHMS/TEMP/DATA HOLD  MINIPA ET-1400,ET-1400,MINIPA,6.0,Ferramentas / Instrumentos,SEM FOTO,MINIPA ET-1400 MULTIMETRO DIGITAL 20MOHMS/TEMP/DATA HOLD MINIPA ET-1400
1298,051962,ORIFICIO VALVULA EXPASSAO DANFOS N0 TF2 0.2 TX2 0.3,C9291,DANFOS,6.0,Refrigeração / Componentes,SEM FOTO,DANFOS C9291 ORIFICIO VALVULA EXPASSAO DANFOS N0 TF2 0.2 TX2 0.3
1299,052222,RELE TERMICO E SOBRECARGA NXR-38 23A-32A CHINT,837120,CHINT,6.0,Elétrica / Comandos,FOTO NÃO CONFERE,CHINT 837120 RELE TERMICO E SOBRECARGA NXR-38 23A-32A CHINT
1300,052507,VENTOINHA SPLIT ELECTROLUX PI18F/PI18R/PI24F/PI24R 02G0001,41076386,ELECTROLUX,6.0,Outros,SEM FOTO,ELECTROLUX 41076386 VENTOINHA SPLIT ELECTROLUX PI18F/PI18R/PI24F/PI24R 02G0001
1301,052731,CONTROLE SIMILAR P AR COND CARRIER FBG-7070,FBG-7070,FGB,6.0,Refrigeração / Componentes,SEM FOTO,FGB FBG-7070 CONTROLE SIMILAR P AR COND CARRIER FBG-7070
1302,052738,PLACA RECEPITOR SPACE ELETRONICA MIDEA/CARRIER 60000 BTUS,79037196,MIDEA,6.0,Refrigeração / Componentes,SEM FOTO,MIDEA 79037196 PLACA RECEPITOR SPACE ELETRONICA MIDEA/CARRIER 60000 BTUS
1303,053469,BOTINA ELESTICO BIDENSIDADE SEM BICO 44 MOD10 CARTON,002220,CARTON,6.0,EPI / Segurança,SEM FOTO,CARTON 002220 BOTINA ELESTICO BIDENSIDADE SEM BICO 44 MOD10 CARTON
1304,053666,CORPO ACCURATOR DUPLO 3/8 SAE (VALVULA DE EXPANSAO 6000BTUS),07303061,TOTALINE,6.0,Refrigeração / Componentes,SEM FOTO,TOTALINE 07303061 CORPO ACCURATOR DUPLO 3/8 SAE (VALVULA DE EXPANSAO 6000BTUS)
1305,053772,BOTINA AMA 3 G NOBUCK CAFE 39 S BICO BI TP092 CARTON,003957,CARTON,6.0,EPI / Segurança,SEM FOTO,CARTON 003957 BOTINA AMA 3 G NOBUCK CAFE 39 S BICO BI TP092 CARTON
1306,053933,DISJUNTOR DIN TRI 3P 32A 3KA CHINT,319330,CHINT,6.0,Elétrica / Comandos,SEM FOTO,CHINT 319330 DISJUNTOR DIN TRI 3P 32A 3KA CHINT
1307,053980,DPS VCL 275V 45KA SLIM DISPOSIT D PROTECAO CONTRA SURTOS ELE,3985,CLAMPER INDUSTRIA E COMERCIO S,6.0,Elétrica / Comandos,SEM FOTO,CLAMPER INDUSTRIA E COMERCIO S 3985 DPS VCL 275V 45KA SLIM DISPOSIT D PROTECAO CONTRA SURTOS ELE
1308,054019,DISJUNTOR DIN MONOPOLAR 1P C32A 3KA - REF: 185446,185446,CHINT,6.0,Elétrica / Comandos,SEM FOTO,CHINT 185446 DISJUNTOR DIN MONOPOLAR 1P C32A 3KA - REF: 185446
1309,054186,TRANSMISSAO SIMILA LTD11/LT10B/LT11F/LTC10/LTE09/LTP10/LUC10,60017182,DUGOLD,6.0,Peças para Lavadora e Bebedouro,SEM FOTO,DUGOLD 60017182 TRANSMISSAO SIMILA LTD11/LT10B/LT11F/LTC10/LTE09/LTP10/LUC10
1310,054775,CHAVE AJUSTAVEL 12 GEDORE RED,R03800012,GEDORE,6.0,Ferramentas / Instrumentos,SEM FOTO,GEDORE R03800012 CHAVE AJUSTAVEL 12 GEDORE RED
1311,054790,CAPACITOR ELETROLITICO DE PARTIDA 130 X 156 127V SURYHA,80151.086,SURYHA,6.0,Capacitores,SEM FOTO,SURYHA 80151.086 CAPACITOR ELETROLITICO DE PARTIDA 130 X 156 127V SURYHA
1312,054896,DOBRADICA INTERMEDIARIA REFR ELECT DF35/DF36/DF38 41012894,65158599,ELECTROLUX,6.0,Fixação e Acessórios,SEM FOTO,ELECTROLUX 65158599 DOBRADICA INTERMEDIARIA REFR ELECT DF35/DF36/DF38 41012894
1313,055023,VEDADOR REPARO MANGUEIRA MANIFOLD R410 FACON,C152021,FACON,6.0,Gases Refrigerantes,SEM FOTO,FACON C152021 VEDADOR REPARO MANGUEIRA MANIFOLD R410 FACON
1314,055079,INTERRUPTOR UNIPOLAR PRETO 2 TERM 15A 120V 16123 M9FT8FE2G,16123 M9FT8FE2G,MARGIRIUS,6.0,Elétrica / Comandos,SEM FOTO,MARGIRIUS 16123 M9FT8FE2G INTERRUPTOR UNIPOLAR PRETO 2 TERM 15A 120V 16123 M9FT8FE2G
1315,055257,CANALETA VAZADA 80X50 LUKMA,29008,LUKMA,6.0,Elétrica / Comandos,SEM FOTO,LUKMA 29008 CANALETA VAZADA 80X50 LUKMA
1316,055259,PRENSA CABO PG11 3/8 CINZA LUKMA,29029,LUKMA,6.0,Elétrica / Comandos,SEM FOTO,LUKMA 29029 PRENSA CABO PG11 3/8 CINZA LUKMA
1317,055261,PRENSA CABO PG21 3/4 CINZA LUKMA,29033,LUKMA,6.0,Elétrica / Comandos,SEM FOTO,LUKMA 29033 PRENSA CABO PG21 3/4 CINZA LUKMA
1318,055367,ESCOVA DE CARVAO P LIXA BOSCH 1321/22/23/31/32 C150BG,C150BG,CARBOMPEÇA,6.0,Ferramentas / Instrumentos,SEM FOTO,CARBOMPEÇA C150BG ESCOVA DE CARVAO P LIXA BOSCH 1321/22/23/31/32 C150BG
1319,055368,ESCOVA DE CARVAO P ESM BOSCH 1327/1205/1577 C152G,C152G,CARBOMPEÇA,6.0,Ferramentas / Instrumentos,SEM FOTO,CARBOMPEÇA C152G ESCOVA DE CARVAO P ESM BOSCH 1327/1205/1577 C152G
1320,055374,ESCOVA DE CARVAO P SERRA MARMORE BOSCH 1551.0 C180G,C180G,CARBOMPEÇA,6.0,Ferramentas / Instrumentos,SEM FOTO,CARBOMPEÇA C180G ESCOVA DE CARVAO P SERRA MARMORE BOSCH 1551.0 C180G
1321,055377,ESCOVA DE CARVAO P MAETELE BOSCH 11311/11316/223/23 C263G,C263G,CARBOMPEÇA,6.0,Ferramentas / Instrumentos,SEM FOTO,CARBOMPEÇA C263G ESCOVA DE CARVAO P MAETELE BOSCH 11311/11316/223/23 C263G
1322,055381,ESCOVA DE CARVAO P FUR BOSCH 470BG GSB20-2,GSB20-2,CARBOMPEÇA,6.0,Ferramentas / Instrumentos,SEM FOTO,CARBOMPEÇA GSB20-2 ESCOVA DE CARVAO P FUR BOSCH 470BG GSB20-2
1323,055384,ESCOVA DE CARVAO P SERRA CIRCULAR BOSCH/SKILL C201G,C201G,CARBOMPEÇA,6.0,Ferramentas / Instrumentos,SEM FOTO,CARBOMPEÇA C201G ESCOVA DE CARVAO P SERRA CIRCULAR BOSCH/SKILL C201G
1324,055385,ESCOVA DE CARVAO P FUR MAKITA 8419 6016/300L C133G,C133G,CARBOMPEÇA,6.0,Ferramentas / Instrumentos,SEM FOTO,CARBOMPEÇA C133G ESCOVA DE CARVAO P FUR MAKITA 8419 6016/300L C133G
1325,055394,ESCOVA DE CARVAO P ESM MAKITA 9524 CB408 NBK3709 C202G,C202G,CARBOMPEÇA,6.0,Ferramentas / Instrumentos,SEM FOTO,CARBOMPEÇA C202G ESCOVA DE CARVAO P ESM MAKITA 9524 CB408 NBK3709 C202G
1326,055396,ESCOVA DE CARVAO P ESM ANG MAKITA GE 4530/CB459 C396G,C396G,CARBOMPEÇA,6.0,Ferramentas / Instrumentos,SEM FOTO,CARBOMPEÇA C396G ESCOVA DE CARVAO P ESM ANG MAKITA GE 4530/CB459 C396G
1327,055399,ESCOVA DE CARVAO P LIX POL DW849.352/359/304K C170BG,C170BG,CARBOMPEÇA,6.0,Ferramentas / Instrumentos,SEM FOTO,CARBOMPEÇA C170BG ESCOVA DE CARVAO P LIX POL DW849.352/359/304K C170BG
1328,055402,ESCOVA DE CARVAO P SERRA MARMORE DW 301/BED301 C185G,C185G,CARBOMPEÇA,6.0,Ferramentas / Instrumentos,SEM FOTO,CARBOMPEÇA C185G ESCOVA DE CARVAO P SERRA MARMORE DW 301/BED301 C185G
1329,055405,ESCOVA DE CARVAO P FUR BED 7930/7933/7935/7950 C186G,C186G,CARBOMPEÇA,6.0,Ferramentas / Instrumentos,SEM FOTO,CARBOMPEÇA C186G ESCOVA DE CARVAO P FUR BED 7930/7933/7935/7950 C186G
1330,055412,FLANGE INTERNO / EXTERNO P SERRA MAKITA 4100 NH/H C9506,C9506,CARBOMPEÇA,6.0,Ferramentas / Instrumentos,SEM FOTO,CARBOMPEÇA C9506 FLANGE INTERNO / EXTERNO P SERRA MAKITA 4100 NH/H C9506
1331,055413,FLANGE P SERRA MARMORE BOSCH 1551.1 C9549-B,C9549-B,CARBOMPEÇA,6.0,Ferramentas / Instrumentos,SEM FOTO,CARBOMPEÇA C9549-B FLANGE P SERRA MARMORE BOSCH 1551.1 C9549-B
1332,055414,FLANGE P ESMERILHADEIRA 1351/1361/1751 C8403-B,C8403-B,CARBOMPEÇA,6.0,Ferramentas / Instrumentos,SEM FOTO,CARBOMPEÇA C8403-B FLANGE P ESMERILHADEIRA 1351/1361/1751 C8403-B
1333,055415,PORCA SUPORTE DISCO 4.1/2 CONICA C15900,C15900,CARBOMPEÇA,6.0,Ferramentas / Instrumentos,SEM FOTO,CARBOMPEÇA C15900 PORCA SUPORTE DISCO 4.1/2 CONICA C15900
1334,055416,PORCA SUPORTE DISCO 7 P LIXADEIRA CONICA C15901,C15901,CARBOMPEÇA,6.0,Ferramentas / Instrumentos,SEM FOTO,CARBOMPEÇA C15901 PORCA SUPORTE DISCO 7 P LIXADEIRA CONICA C15901
1335,055418,FACA FINA DA PLAINA 1900 C8000,C8000,CARBOMPEÇA,6.0,Outros,SEM FOTO,CARBOMPEÇA C8000 FACA FINA DA PLAINA 1900 C8000
1336,055429,SERRA COPO BI-METALICA 30MM - 1.3/16 CORTAG,61198,CORTAG,6.0,Ferramentas / Instrumentos,SEM FOTO,CORTAG 61198 SERRA COPO BI-METALICA 30MM - 1.3/16 CORTAG
1337,055441,SERRA COPO DIAMANTADA C HASTE E PINO GUIA P ALVENARIA 50MM,61420,CORTAG,6.0,Ferramentas / Instrumentos,SEM FOTO,CORTAG 61420 SERRA COPO DIAMANTADA C HASTE E PINO GUIA P ALVENARIA 50MM
1338,055450,TIMER FREEZE VESTICAL BRASTEMP / CONSUL 12H 1P 127V JOTECK,JO-TD12127-BC,JOTECK,6.0,Automação / Temporizadores,SEM FOTO,JOTECK JO-TD12127-BC TIMER FREEZE VESTICAL BRASTEMP / CONSUL 12H 1P 127V JOTECK
1339,055826,CONTROLE SIMILAR P AR COND KOMECOMIDEA FBG-8020,FBG-8020,FBG,6.0,Refrigeração / Componentes,SEM FOTO,FBG FBG-8020 CONTROLE SIMILAR P AR COND KOMECOMIDEA FBG-8020
1340,055998,DISJUNTOR DIN MONOPOLAR 1P C40A 3KA - REF: 185446,185447,CHINT,6.0,Elétrica / Comandos,SEM FOTO,CHINT 185447 DISJUNTOR DIN MONOPOLAR 1P C40A 3KA - REF: 185446
1341,056209,CONJ INTER 3TC SIMPLES ENERBRAS 1808-ES,1808-ES,ENERBRAS,6.0,Peças para Lavadora e Bebedouro,SEM FOTO,ENERBRAS 1808-ES CONJ INTER 3TC SIMPLES ENERBRAS 1808-ES
1342,056347,TOMADA SOBREPOR DUPLA 2P+T 20A C CX PADRAO BRANCA 397-EN/CP,397-EN/CP,ENERBRAS,6.0,Elétrica / Comandos,SEM FOTO,ENERBRAS 397-EN/CP TOMADA SOBREPOR DUPLA 2P+T 20A C CX PADRAO BRANCA 397-EN/CP
1343,056457,INTERRUPTOR CONJ PULSADOR 1TC MINUTEIRA 1806-EM ENERBRAS,1806-EM,ENERBRAS,6.0,Elétrica / Comandos,SEM FOTO,ENERBRAS 1806-EM INTERRUPTOR CONJ PULSADOR 1TC MINUTEIRA 1806-EM ENERBRAS
1344,056458,CONJ TOMADA KEYSTONE RJ11 1846-E ENERBRAS,1846-E,ENERBRAS,6.0,Elétrica / Comandos,SEM FOTO,ENERBRAS 1846-E CONJ TOMADA KEYSTONE RJ11 1846-E ENERBRAS
1345,056469,MODULO TOMADA KEYSTONE RJ-45 P CAT 5E ENERBRAS 1745-E,1745-E,ENERBRAS,6.0,Elétrica / Comandos,SEM FOTO,ENERBRAS 1745-E MODULO TOMADA KEYSTONE RJ-45 P CAT 5E ENERBRAS 1745-E
1346,056470,MODULO TOMADA KRJ45 P DADOS CAT 6 BCO ENERBRAS 1745-E/C6,1745-E/C6,ENERBRAS,6.0,Elétrica / Comandos,SEM FOTO,ENERBRAS 1745-E/C6 MODULO TOMADA KRJ45 P DADOS CAT 6 BCO ENERBRAS 1745-E/C6
1347,056497,DIMMER VARIADOR DE LUMINOSIDADE 344-E127 127V,344-E127,ENERBRAS,6.0,Elétrica / Comandos,SEM FOTO,ENERBRAS 344-E127 DIMMER VARIADOR DE LUMINOSIDADE 344-E127 127V
1348,056498,TOMADA P SISTEMA RJ 45 345-E ENERBRAS,345-E,ENERBRAS,6.0,Elétrica / Comandos,SEM FOTO,ENERBRAS 345-E TOMADA P SISTEMA RJ 45 345-E ENERBRAS
1349,056513,TOMADA P SISTEMA RJ 45 DUPLA C CX PADRAO 345-E2/CP ENERBRAS,345-E2/CP,ENERBRAS,6.0,Elétrica / Comandos,SEM FOTO,ENERBRAS 345-E2/CP TOMADA P SISTEMA RJ 45 DUPLA C CX PADRAO 345-E2/CP ENERBRAS
1350,056521,LUVA COBRE 1.3/8 POL SOLDA HULTER P/1.17MM,57,HULTER,6.0,EPI / Segurança,SEM FOTO,HULTER 57 LUVA COBRE 1.3/8 POL SOLDA HULTER P/1.17MM
1351,056574,LUMINARIA LED P EMBUTIR 12W 6500K LUZ BRANCA REDONDA 17CM,524,TRIAL,6.0,Iluminação,SEM FOTO,TRIAL 524 LUMINARIA LED P EMBUTIR 12W 6500K LUZ BRANCA REDONDA 17CM
1352,056672,CABO HDMI 2.0 4K 3D 1080P - 19+1 PINOS 50CM HDMI-5000 BRASFO,HDMI-5000,BRASFORMA,6.0,Eletrônicos / Informática,SEM FOTO,BRASFORMA HDMI-5000 CABO HDMI 2.0 4K 3D 1080P - 19+1 PINOS 50CM HDMI-5000 BRASFO
1353,056738,"CAPACITOR CBB60, 10UF +-5% X 250V JOTECK",JO-1360,JOTECK,6.0,Capacitores,SEM FOTO,"JOTECK JO-1360 CAPACITOR CBB60, 10UF +-5% X 250V JOTECK"
1354,056970,SENSOR ABERTURA INTELIGENTE WIFI SE228 MULTILASER,SE228,MULTILASER,6.0,Refrigeração / Componentes,SEM FOTO,MULTILASER SE228 SENSOR ABERTURA INTELIGENTE WIFI SE228 MULTILASER
1355,057030,COMP 220V 60HZ R600 1/5HP EMBRACO EM2P70 NEW 41045796,41045796,ELECTROLUX,6.0,Gases Refrigerantes,SEM FOTO,ELECTROLUX 41045796 COMP 220V 60HZ R600 1/5HP EMBRACO EM2P70 NEW 41045796
1356,057064,MOUSE SEM FIO BRANCO USB POWERSUVE PILHA,MO310,MULTILASER,6.0,Eletrônicos / Informática,SEM FOTO,MULTILASER MO310 MOUSE SEM FIO BRANCO USB POWERSUVE PILHA
1357,057105,JOGO DE CHAVE FENDA E PHILIPS 10 PCS HO216 MULTILASER,HO216,MULTILASER,6.0,Ferramentas / Instrumentos,SEM FOTO,MULTILASER HO216 JOGO DE CHAVE FENDA E PHILIPS 10 PCS HO216 MULTILASER
1358,057118,QUADRO DE DISTRIBUICAO SOBREPOR 4 POLOS TRIAL,624,TRIAL,6.0,Elétrica / Comandos,SEM FOTO,TRIAL 624 QUADRO DE DISTRIBUICAO SOBREPOR 4 POLOS TRIAL
1359,057151,LUMINARIA EMBUTIR INTELIGENTE 18W 3000-6500K QUADRDA WIFI,48D18WEQWIFI,ELGIN,6.0,Iluminação,SEM FOTO,ELGIN 48D18WEQWIFI LUMINARIA EMBUTIR INTELIGENTE 18W 3000-6500K QUADRDA WIFI
1360,057226,CAMERA EZVIZ CS-C1C-D0-1D1WFR/CKD (WI-FI),CS-C1C-D0-1D1WFR/CKD,EZVIZ,6.0,Eletrônicos / Informática,SEM FOTO,EZVIZ CS-C1C-D0-1D1WFR/CKD CAMERA EZVIZ CS-C1C-D0-1D1WFR/CKD (WI-FI)
1361,057238,SUPORTE DE PAREDE A REF. CS-CMT,CS-CMT,EZVIZ,6.0,Instalação de Ar-Condicionado,SEM FOTO,EZVIZ CS-CMT SUPORTE DE PAREDE A REF. CS-CMT
1362,057244,OCULOS ESPORTIVO ATRIO SUPERPORT KIT 3 LENTES,BI241,MULTILASER,6.0,EPI / Segurança,SEM FOTO,MULTILASER BI241 OCULOS ESPORTIVO ATRIO SUPERPORT KIT 3 LENTES
1363,057375,ADITIVO REVITALIZADOR SUPERCOLD 30ML REVOPRO AUTOMOTI 70542R,QUI0052,NEVADA,6.0,Químicos / Solda e Limpeza,SEM FOTO,NEVADA QUI0052 ADITIVO REVITALIZADOR SUPERCOLD 30ML REVOPRO AUTOMOTI 70542R
1364,057547,FITA DE LED DIGITAL FW-6803RGD-30RW 133 EFEITOS 5 M C CONTRO,18,V L X,6.0,Iluminação,SEM FOTO,V L X 18 FITA DE LED DIGITAL FW-6803RGD-30RW 133 EFEITOS 5 M C CONTRO
1365,057586,MICRO MOTOR 1/25 BIV HEV HEL PLAST E SUP HULTER REF. HT2M1/2,110026783,HULTER,6.0,Refrigeração / Componentes,SEM FOTO,HULTER 110026783 MICRO MOTOR 1/25 BIV HEV HEL PLAST E SUP HULTER REF. HT2M1/2
1366,057788,ALICATE TIPO TELEFONE BICO RETO OC:242 VDE 8132-160H,091904,GEDORE,6.0,Ferramentas / Instrumentos,SEM FOTO,GEDORE 091904 ALICATE TIPO TELEFONE BICO RETO OC:242 VDE 8132-160H
1367,057789,ALICATE DE CORTE DIAGONAL OC:242 VDE 8314-160 H,091898,GEDORE,6.0,Ferramentas / Instrumentos,SEM FOTO,GEDORE 091898 ALICATE DE CORTE DIAGONAL OC:242 VDE 8314-160 H
1368,057889,LUMINARIA SOBREPOR REDONDA BRANCA FLAT LED 12W AUTOVOLT 6500,LLSR612F,LUMANTI,6.0,Iluminação,SEM FOTO,LUMANTI LLSR612F LUMINARIA SOBREPOR REDONDA BRANCA FLAT LED 12W AUTOVOLT 6500
1369,057966,SOPRADOR TERMICO 1.600 WATTS MAKITA,HG6030K-127V,MAKITA,6.0,Ferramentas / Instrumentos,SEM FOTO,MAKITA HG6030K-127V SOPRADOR TERMICO 1.600 WATTS MAKITA
1370,058199,"LAMPADA DICROICA LED GU10 6,5W 3000K 36 MR16 AUTOVOLT",MR163065,LUMANTI,6.0,Iluminação,SEM FOTO,"LUMANTI MR163065 LAMPADA DICROICA LED GU10 6,5W 3000K 36 MR16 AUTOVOLT"
1371,058205,SPOT DE EMBUTIR QUADRADO PRETO COM RECUO PRETO PARA PAR20,SEPRP5,LUMANTI,6.0,Iluminação,SEM FOTO,LUMANTI SEPRP5 SPOT DE EMBUTIR QUADRADO PRETO COM RECUO PRETO PARA PAR20
1372,058372,TOMADA MOVEL 2P T 10A BRANCO EMB GRANEL CONNECT,072-EB,ENERBRAS,6.0,Elétrica / Comandos,SEM FOTO,ENERBRAS 072-EB TOMADA MOVEL 2P T 10A BRANCO EMB GRANEL CONNECT
1373,058442,"CABO PP 3 X 1,5MM METRO 100% COBRE RPY",PP003R,RPY TECHNOLOGIES,6.0,Elétrica / Comandos,SEM FOTO,"RPY TECHNOLOGIES PP003R CABO PP 3 X 1,5MM METRO 100% COBRE RPY"
1374,058465,ACUM SUCCAO 1.1/8 S DUGOLD,188225,DUGOLD,6.0,Outros,SEM FOTO,DUGOLD 188225 ACUM SUCCAO 1.1/8 S DUGOLD
1375,058816,"CAPACITOR CBB60, 40UF +-5% X 250V COM TERMINAL WEG",M478,WEG,6.0,Capacitores,SEM FOTO,"WEG M478 CAPACITOR CBB60, 40UF +-5% X 250V COM TERMINAL WEG"
1376,058871,ALICATE P/ANEL INTERNO CURVO 170MM C.V,99BR.003.003,UNIFORT,6.0,Ferramentas / Instrumentos,SEM FOTO,UNIFORT 99BR.003.003 ALICATE P/ANEL INTERNO CURVO 170MM C.V
1377,058883,CHAVE L TORX C/ GUIA T30 C.V,99BR.060.006,UNIFORT,6.0,Ferramentas / Instrumentos,SEM FOTO,UNIFORT 99BR.060.006 CHAVE L TORX C/ GUIA T30 C.V
1378,058894,CHAVE L TORX C/ GUIA T15 C.V,99BR.060.002.2,UNIFORT,6.0,Ferramentas / Instrumentos,SEM FOTO,UNIFORT 99BR.060.002.2 CHAVE L TORX C/ GUIA T15 C.V
1379,059022,ELEMENTO FILTRANTE SH48-A30 (48 DA) SANHUA,HTG-A30-010001,SANHUA,6.0,Filtros e Purificadores de Água,SEM FOTO,SANHUA HTG-A30-010001 ELEMENTO FILTRANTE SH48-A30 (48 DA) SANHUA
1380,059133,CORPO P/VALV RFKH04E R134 SANHUA,100266497,SANHUA,6.0,Gases Refrigerantes,SEM FOTO,SANHUA 100266497 CORPO P/VALV RFKH04E R134 SANHUA
1381,059187,FILTRO LIMPEZA C/GAXETA DA-48 POS-QUEIMA DANFOSS - DA-48 023,C4621,DANFOS,6.0,Refrigeração / Componentes,SEM FOTO,DANFOS C4621 FILTRO LIMPEZA C/GAXETA DA-48 POS-QUEIMA DANFOSS - DA-48 023
1382,059407,CHAVE PHILLIPS 3/16X3 C.V,99BR.317.000,UNIFORT,6.0,Ferramentas / Instrumentos,SEM FOTO,UNIFORT 99BR.317.000 CHAVE PHILLIPS 3/16X3 C.V
1383,059481,PROTETOR TERMICO 4TM PTC 1/3 110V HULTER,HT3PTC1/31P,HULTER,6.0,Refrigeração / Componentes,SEM FOTO,HULTER HT3PTC1/31P PROTETOR TERMICO 4TM PTC 1/3 110V HULTER
1384,059629,TERMOSTATO SCE ELETRONICO  TVC-PL1-01 1 ESTAGIO 24V TRANE,THT90005P,TRANE,6.0,Refrigeração / Componentes,SEM FOTO,TRANE THT90005P TERMOSTATO SCE ELETRONICO TVC-PL1-01 1 ESTAGIO 24V TRANE
1385,059649,TEE RED SOLD 50MM X 32MM KRONA,210038,KRONA,6.0,Hidráulica,SEM FOTO,KRONA 210038 TEE RED SOLD 50MM X 32MM KRONA
1386,059892,MICRO MOTOR ELGIN 1/20 220V P/ EVAP DF-EXAUSTOR,45EY25E10ACV,ELGIN,6.0,Refrigeração / Componentes,SEM FOTO,ELGIN 45EY25E10ACV MICRO MOTOR ELGIN 1/20 220V P/ EVAP DF-EXAUSTOR
1387,059896,ORIFICIO VALVULA EXPANSAO N.1 ELGIN,45ORIFICI001,ELGIN,6.0,Refrigeração / Componentes,SEM FOTO,ELGIN 45ORIFICI001 ORIFICIO VALVULA EXPANSAO N.1 ELGIN
1388,059905,ELEMENTO FILTRANTE NE48H ELGIN,45NE48H00000,ELGIN,6.0,Filtros e Purificadores de Água,SEM FOTO,ELGIN 45NE48H00000 ELEMENTO FILTRANTE NE48H ELGIN
1389,059974,"CAPACITOR DUPLO CBB65, 35UF+5 MDF X 440VAC C METAL HULTER",HT5CD35/5TA440VP,HULTER,6.0,Capacitores,SEM FOTO,"HULTER HT5CD35/5TA440VP CAPACITOR DUPLO CBB65, 35UF+5 MDF X 440VAC C METAL HULTER"
1390,059975,"CAPACITOR DUPLO CBB65, 35UF+6 MDF X 440VAC C METAL HULTER",HT5CD35/6TA440VP,HULTER,6.0,Capacitores,SEM FOTO,"HULTER HT5CD35/6TA440VP CAPACITOR DUPLO CBB65, 35UF+6 MDF X 440VAC C METAL HULTER"
1391,060091,REGISTRO ROSCA 1/2 PARA MANGUEIRA 1/4 PLANETA AGUA,CN037,PLANETA AGUA,6.0,Instalação de Ar-Condicionado,SEM FOTO,PLANETA AGUA CN037 REGISTRO ROSCA 1/2 PARA MANGUEIRA 1/4 PLANETA AGUA
1392,060317,"PISTAO ORIFICIO 0,081 MM COMPATIVEL ( EA52PJ081 )",IC126,DE PLASTIC,6.0,Peças para Lavadora e Bebedouro,SEM FOTO,"DE PLASTIC IC126 PISTAO ORIFICIO 0,081 MM COMPATIVEL ( EA52PJ081 )"
1393,060333,SENSOR TEMPERATURA 2K REFRIGERADOR PANASONIC COMP. 40/49/50/,47543,NUCLEO DO FRIO,6.0,Refrigeração / Componentes,SEM FOTO,NUCLEO DO FRIO 47543 SENSOR TEMPERATURA 2K REFRIGERADOR PANASONIC COMP. 40/49/50/
1394,060386,"MOLA CURVADORA 1/2""",80150.022,SURYHA,6.0,Ferramentas / Instrumentos,SEM FOTO,"SURYHA 80150.022 MOLA CURVADORA 1/2"""
1395,060485,"CURVADOR DE TUBOS GALLANT PRO  1/4 '' 3/8''   1/2'' , 180 GL",R50031360104001001,GALLANT,6.0,Ferramentas / Instrumentos,SEM FOTO,"GALLANT R50031360104001001 CURVADOR DE TUBOS GALLANT PRO 1/4 '' 3/8'' 1/2'' , 180 GL"
1396,060502,PARAFUSADEIRA A BATERIA 12V,80150.200,SURYHA,6.0,Ferramentas / Instrumentos,SEM FOTO,SURYHA 80150.200 PARAFUSADEIRA A BATERIA 12V
1397,060592,AIR FLUSH 5L AR DA TERRA,PL000385-5,AR DA TERRA,6.0,Outros,SEM FOTO,AR DA TERRA PL000385-5 AIR FLUSH 5L AR DA TERRA
1398,060603,CONTROLE SIMILAR DE AR ELECTROLUX FBG-7071,FBG-7071,FBG,6.0,Refrigeração / Componentes,SEM FOTO,FBG FBG-7071 CONTROLE SIMILAR DE AR ELECTROLUX FBG-7071
1399,060607,MOTOR ELECT VENTILADOR DF34/36/37/38A OU X/39 DFW35 110V EO,D127883,EOS,6.0,Refrigeração / Componentes,SEM FOTO,EOS D127883 MOTOR ELECT VENTILADOR DF34/36/37/38A OU X/39 DFW35 110V EO
1400,060638,VENTILADOR PARA QUADRO 12X12X25CM 110- YC12025,YC12025,CNC,6.0,Elétrica / Comandos,SEM FOTO,CNC YC12025 VENTILADOR PARA QUADRO 12X12X25CM 110- YC12025
1401,051728,MICRO MOTOR 1/40 CARCA DE PLASTICO PRETO 220V ELCO,N5-13/34,ELCO,5.0,Refrigeração / Componentes,SEM FOTO,ELCO N5-13/34 MICRO MOTOR 1/40 CARCA DE PLASTICO PRETO 220V ELCO
1402,051881,EXAUSTOR AXIAL IND 25CM 127V PREMIUM VENTISOL,434,VENTISOL,5.0,Refrigeração / Componentes,SEM FOTO,VENTISOL 434 EXAUSTOR AXIAL IND 25CM 127V PREMIUM VENTISOL
1403,052193,TIMER FRE VEST BRAST 12H 1 PORT BVG22A/BVG22B/BRG39A/BRM39A,W11112671,WHIRLPOOL,5.0,Automação / Temporizadores,SEM FOTO,WHIRLPOOL W11112671 TIMER FRE VEST BRAST 12H 1 PORT BVG22A/BVG22B/BRG39A/BRM39A
1404,052302,VALVULA DE SERVICO DA CONDENSADORA GAS R22 3/4,S35125,EOS,5.0,Gases Refrigerantes,SEM FOTO,EOS S35125 VALVULA DE SERVICO DA CONDENSADORA GAS R22 3/4
1405,052387,REFIL FILTRO DE AGUA ELECTROLUX PA10N/20G/25G/30G 41036275,A10677101,ELECTROLUX,5.0,Filtros e Purificadores de Água,SEM FOTO,ELECTROLUX A10677101 REFIL FILTRO DE AGUA ELECTROLUX PA10N/20G/25G/30G 41036275
1406,052390,MOTOR VENT/SENSOR TEMP 127V 8 VIAS ELECTR DF80/80X 41002858,A99807701,ELECTROLUX,5.0,Refrigeração / Componentes,SEM FOTO,ELECTROLUX A99807701 MOTOR VENT/SENSOR TEMP 127V 8 VIAS ELECTR DF80/80X 41002858
1407,052465,RELE E PROT TERMICO CONJUG EMBRACO 1/3 110V MOD PW-A 13 ESSE,R010,ESSEK,5.0,Peças para Lavadora e Bebedouro,SEM FOTO,ESSEK R010 RELE E PROT TERMICO CONJUG EMBRACO 1/3 110V MOD PW-A 13 ESSE
1408,052591,BOBINA P/ CONTATORA 24V 40-95A SOBRANO,05161.0010.04,SOPRANO,5.0,Elétrica / Comandos,SEM FOTO,SOPRANO 05161.0010.04 BOBINA P/ CONTATORA 24V 40-95A SOBRANO
1409,052899,SUSPENSAO DIANTEIRA LF10/LQ10/LM10/LF11/LY10/LTE12 41012586,70094078,ELECTROLUX,5.0,Peças para Lavadora e Bebedouro,SEM FOTO,ELECTROLUX 70094078 SUSPENSAO DIANTEIRA LF10/LQ10/LM10/LF11/LY10/LTE12 41012586
1410,052909,CHAVE PHILIPS 1/4X10 GEDORE,36324,GEDORE,5.0,Ferramentas / Instrumentos,SEM FOTO,GEDORE 36324 CHAVE PHILIPS 1/4X10 GEDORE
1411,053222,RESISTENCIA DE DEGELO 3000W DUPLA 2.70 METROS 220V PONTA RET,T8452,MJ IND E COMERCIO,5.0,Refrigeração / Componentes,SEM FOTO,MJ IND E COMERCIO T8452 RESISTENCIA DE DEGELO 3000W DUPLA 2.70 METROS 220V PONTA RET
1412,053223,LIMPA AR CONDICIONADO 1L QUALYBRILL,16012,QUALYBRILL,5.0,Químicos / Solda e Limpeza,SEM FOTO,QUALYBRILL 16012 LIMPA AR CONDICIONADO 1L QUALYBRILL
1413,053439,RETENTOR DO CAMBIO ELECTROLUX LTR15/LT15F SAMATEC,B950520,SAMATEC,5.0,Peças para Lavadora e Bebedouro,SEM FOTO,SAMATEC B950520 RETENTOR DO CAMBIO ELECTROLUX LTR15/LT15F SAMATEC
1414,053555,CHAVE BIELA 9 ROBUST,064011,GEDORE,5.0,Ferramentas / Instrumentos,SEM FOTO,GEDORE 064011 CHAVE BIELA 9 ROBUST
1415,053665,RETENTOR ACCURATOR 3/8 SAE  (VALVULA DE EXPANSAO 6000BTUS),37004004,TOTALINE,5.0,Peças para Lavadora e Bebedouro,SEM FOTO,TOTALINE 37004004 RETENTOR ACCURATOR 3/8 SAE (VALVULA DE EXPANSAO 6000BTUS)
1416,053970,RESISTENCIA DO DRENO REFRGERADOR BSH/CONTINENTAL/GE,B917451,SAMATEC,5.0,Instalação de Ar-Condicionado,SEM FOTO,SAMATEC B917451 RESISTENCIA DO DRENO REFRGERADOR BSH/CONTINENTAL/GE
1417,054005,TENIS AMA 3 UNISEX G NOBUCK CAFE 44 S BICO BI TOP053FN CART,006649,CARTON,5.0,EPI / Segurança,SEM FOTO,CARTON 006649 TENIS AMA 3 UNISEX G NOBUCK CAFE 44 S BICO BI TOP053FN CART
1418,054011,COMP EMBRACO 220V 60HZ R134A 1/10HP 310BTU EMIS30HHR,W10393801,EMBRACO,5.0,Gases Refrigerantes,SEM FOTO,EMBRACO W10393801 COMP EMBRACO 220V 60HZ R134A 1/10HP 310BTU EMIS30HHR
1419,054049,REFIL FILTRO DE AGUA ELECTROLUX PE10B/PE10X 41036276,80000703,ELECTROLUX,5.0,Filtros e Purificadores de Água,SEM FOTO,ELECTROLUX 80000703 REFIL FILTRO DE AGUA ELECTROLUX PE10B/PE10X 41036276
1420,054160,CANECA DO EVAPORADOR GFN/COMPACT C NIPLES IBBL,10210448,IBBL,5.0,Refrigeração / Componentes,SEM FOTO,IBBL 10210448 CANECA DO EVAPORADOR GFN/COMPACT C NIPLES IBBL
1421,054162,NIPLE MONTADO SEM INSERTO C REDUTOR DE VAZAO IBBL,30210020,IBBL,5.0,Outros,SEM FOTO,IBBL 30210020 NIPLE MONTADO SEM INSERTO C REDUTOR DE VAZAO IBBL
1422,054665,PARAFUSO M8 X 40 SIS ELECTROLUX 41005101,61090877,ELECTROLUX,5.0,Fixação e Acessórios,SEM FOTO,ELECTROLUX 61090877 PARAFUSO M8 X 40 SIS ELECTROLUX 41005101
1423,054794,CAPACITOR ELETROLITICO DE PARTIDA 289 X 324 250V SURYHA,80151.081,SURYHA,5.0,Capacitores,SEM FOTO,SURYHA 80151.081 CAPACITOR ELETROLITICO DE PARTIDA 289 X 324 250V SURYHA
1424,054798,CAPACITOR ELETROLITICO DE PARTIDA 243 X 292 127V SURYHA,80151.091,SURYHA,5.0,Capacitores,SEM FOTO,SURYHA 80151.091 CAPACITOR ELETROLITICO DE PARTIDA 243 X 292 127V SURYHA
1425,054848,CONTROLADOR DIG TEMP TLJ29 HR - MT516 RESFRIAD DE LEITE COEL,TLJ 29 HR---V,COEL,5.0,Automação / Temporizadores,SEM FOTO,COEL TLJ 29 HR---V CONTROLADOR DIG TEMP TLJ29 HR - MT516 RESFRIAD DE LEITE COEL
1426,055025,MOTOR VENT SAMATEC CONTINENTAL/GE/DAKO EIXO LONGO 110V,B920062,SAMATEC,5.0,Peças para Lavadora e Bebedouro,SEM FOTO,SAMATEC B920062 MOTOR VENT SAMATEC CONTINENTAL/GE/DAKO EIXO LONGO 110V
1427,055185,GARRAFA RECA C SEGURANCA/MANOPLA 2KG R410/R22/R134/R404/R407,80150.102,SURYHA,5.0,Gases Refrigerantes,SEM FOTO,SURYHA 80150.102 GARRAFA RECA C SEGURANCA/MANOPLA 2KG R410/R22/R134/R404/R407
1428,055251,SINALEIRO LK10 COM RABICHO AMARELO LUKMA,16022,LUKMA,5.0,Elétrica / Comandos,SEM FOTO,LUKMA 16022 SINALEIRO LK10 COM RABICHO AMARELO LUKMA
1429,055308,KIT TUBO CENTRIFUGACAO LAVADORA 15KG BRASTEMP/CONSUL ALADO,7112110,ALADO,5.0,Peças para Lavadora e Bebedouro,SEM FOTO,ALADO 7112110 KIT TUBO CENTRIFUGACAO LAVADORA 15KG BRASTEMP/CONSUL ALADO
1430,055309,EIXO DA LAVADORA 15KG CWE15A/CWE15A/BWH15A/BWK15A ALADO,7112111,ALADO,5.0,Peças para Lavadora e Bebedouro,SEM FOTO,ALADO 7112111 EIXO DA LAVADORA 15KG CWE15A/CWE15A/BWH15A/BWK15A ALADO
1431,055311,EIXO SMART MINI CWG12/CWK12/CWS12/BWH12 W10747983,7112123,ALADO,5.0,Peças para Lavadora e Bebedouro,SEM FOTO,ALADO 7112123 EIXO SMART MINI CWG12/CWK12/CWS12/BWH12 W10747983
1432,055366,ESCOVA DE CARVAO P ESM BOSCH 1321/22/23/31/32 C150G,C150G,CARBOMPEÇA,5.0,Ferramentas / Instrumentos,SEM FOTO,CARBOMPEÇA C150G ESCOVA DE CARVAO P ESM BOSCH 1321/22/23/31/32 C150G
1433,055376,ESCOVA DE CARVAO P SERRA MARMORE BOSCH 1551/1359.0 C200G,C200G,CARBOMPEÇA,5.0,Ferramentas / Instrumentos,SEM FOTO,CARBOMPEÇA C200G ESCOVA DE CARVAO P SERRA MARMORE BOSCH 1551/1359.0 C200G
1434,055379,ESCOVA DE CARVAO P ESM BOSCH 1800 C351G,C351G,CARBOMPEÇA,5.0,Ferramentas / Instrumentos,SEM FOTO,CARBOMPEÇA C351G ESCOVA DE CARVAO P ESM BOSCH 1800 C351G
1435,055380,"ESCOVA DE CARVAO P ESM BOSCH GW57-100 13X8X6,5 C414G",C414G,CARBOMPEÇA,5.0,Ferramentas / Instrumentos,SEM FOTO,"CARBOMPEÇA C414G ESCOVA DE CARVAO P ESM BOSCH GW57-100 13X8X6,5 C414G"
1436,055388,ESCOVA DE CARVAO P FUR 1010/906 CB64/85 C155G,C155G,CARBOMPEÇA,5.0,Ferramentas / Instrumentos,SEM FOTO,CARBOMPEÇA C155G ESCOVA DE CARVAO P FUR 1010/906 CB64/85 C155G
1437,055390,ESCOVA DE CARVAO P FUR MAKITA 1210/1500/10 CB415 C173G,C173G,CARBOMPEÇA,5.0,Ferramentas / Instrumentos,SEM FOTO,CARBOMPEÇA C173G ESCOVA DE CARVAO P FUR MAKITA 1210/1500/10 CB415 C173G
1438,055392,ESCOVA DE CARVAO P ESM MAKITA 9500 C183G,C183G,CARBOMPEÇA,5.0,Ferramentas / Instrumentos,SEM FOTO,CARBOMPEÇA C183G ESCOVA DE CARVAO P ESM MAKITA 9500 C183G
1439,055397,ESCOVA DE CARVAO P MAKITA HM1202/HM1301/HR3850 C411G,C411G,CARBOMPEÇA,5.0,Ferramentas / Instrumentos,SEM FOTO,CARBOMPEÇA C411G ESCOVA DE CARVAO P MAKITA HM1202/HM1301/HR3850 C411G
1440,055398,ESCOVA DE CARVAO P NOVA MAKITA MCC 400 CB303 C466G,C466G,CARBOMPEÇA,5.0,Ferramentas / Instrumentos,SEM FOTO,CARBOMPEÇA C466G ESCOVA DE CARVAO P NOVA MAKITA MCC 400 CB303 C466G
1441,055404,ESCOVA DE CARVAO P ESM ANG 4/2 DEWALT D2811 C377G,C377G,CARBOMPEÇA,5.0,Ferramentas / Instrumentos,SEM FOTO,CARBOMPEÇA C377G ESCOVA DE CARVAO P ESM ANG 4/2 DEWALT D2811 C377G
1442,055430,SERRA COPO BI-METALICA 35MM - 1.3/8 CORTAG,61201,CORTAG,5.0,Ferramentas / Instrumentos,SEM FOTO,CORTAG 61201 SERRA COPO BI-METALICA 35MM - 1.3/8 CORTAG
1443,055564,ORIFICIO VALVULA EXPANSAO N.O SANHUA,RFKH-23-00,SANHUA,5.0,Refrigeração / Componentes,SEM FOTO,SANHUA RFKH-23-00 ORIFICIO VALVULA EXPANSAO N.O SANHUA
1444,055949,PROGRAMADOR HORARIO CLB-40 100-242 VCA - CLIP,050701IH004,CLIP,5.0,Automação / Temporizadores,SEM FOTO,CLIP 050701IH004 PROGRAMADOR HORARIO CLB-40 100-242 VCA - CLIP
1445,055951,CHAVE DE PARTIDA DIRETA 4-6A 220V CNC-LE109 - 1CV,LE109B,CNC,5.0,Ferramentas / Instrumentos,SEM FOTO,CNC LE109B CHAVE DE PARTIDA DIRETA 4-6A 220V CNC-LE109 - 1CV
1446,056205,CONJ INTER 1TC SIMPLES + TOM 2P+T 10A ENERBRAS 1809-ESN,1809-ESN,ENERBRAS,5.0,Peças para Lavadora e Bebedouro,SEM FOTO,ENERBRAS 1809-ESN CONJ INTER 1TC SIMPLES + TOM 2P+T 10A ENERBRAS 1809-ESN
1447,056220,SUPORTE 4X4 P ATE 6 MODULOS ENERBRAS 1756-E,1756-E,ENERBRAS,5.0,Elétrica / Comandos,SEM FOTO,ENERBRAS 1756-E SUPORTE 4X4 P ATE 6 MODULOS ENERBRAS 1756-E
1448,056230,SENSOR DE PRESENCA C INTERRUPTOR ENERBRAS 1503-E,1503-E,ENERBRAS,5.0,Elétrica / Comandos,SEM FOTO,ENERBRAS 1503-E SENSOR DE PRESENCA C INTERRUPTOR ENERBRAS 1503-E
1449,056462,INTERRUPTOR 1 TECLA MINUTEIRA ENERBRAS 1706-EM,1706-EM,ENERBRAS,5.0,Elétrica / Comandos,SEM FOTO,ENERBRAS 1706-EM INTERRUPTOR 1 TECLA MINUTEIRA ENERBRAS 1706-EM
1450,056463,INTERRUPTOR 1 TECLA CAMPAINHA ENERBRAS 1706-EC,1706-EC,ENERBRAS,5.0,Elétrica / Comandos,SEM FOTO,ENERBRAS 1706-EC INTERRUPTOR 1 TECLA CAMPAINHA ENERBRAS 1706-EC
1451,056484,INTERRUPTOR 1 TECLA CAMPAINHA ENERBRAS 306-EC LINHA E,306-EC,ENERBRAS,5.0,Elétrica / Comandos,SEM FOTO,ENERBRAS 306-EC INTERRUPTOR 1 TECLA CAMPAINHA ENERBRAS 306-EC LINHA E
1452,056669,CABO HDMI 1.4 4K 3D 1080P - 2 METROS HDMI-1402 BRASFORMA,HDMI-1402,BRASFORMA,5.0,Eletrônicos / Informática,SEM FOTO,BRASFORMA HDMI-1402 CABO HDMI 1.4 4K 3D 1080P - 2 METROS HDMI-1402 BRASFORMA
1453,056751,PROTETOR TERMICO CRT4 A 1.5 HP A/C 14.000/16.000 BTUS 220V,CRT4 (A)-15-220V,ESSEK,5.0,Refrigeração / Componentes,SEM FOTO,ESSEK CRT4 (A)-15-220V PROTETOR TERMICO CRT4 A 1.5 HP A/C 14.000/16.000 BTUS 220V
1454,056840,LAMPADA BULBO LED T 20W BIVOLT 6500K LD ELGIN,48LTG202BF00,ELGIN,5.0,Iluminação,SEM FOTO,ELGIN 48LTG202BF00 LAMPADA BULBO LED T 20W BIVOLT 6500K LD ELGIN
1455,056898,REGULADOR DE GAS 504 01 BLINDADO - ALIANCA,504 01,ALIANCA,5.0,Gases Refrigerantes,SEM FOTO,ALIANCA 504 01 REGULADOR DE GAS 504 01 BLINDADO - ALIANCA
1456,056918,DISJUNTOR CAIXA MOLDADA 80A NXM (NOFUSE) CHINT,131361,CHINT,5.0,Elétrica / Comandos,SEM FOTO,CHINT 131361 DISJUNTOR CAIXA MOLDADA 80A NXM (NOFUSE) CHINT
1457,056924,REFIL POLI FLU PLISSADO 20 POL SLIM 30 MICRAS COMP CAR BIG20,1127/30,PLANETA AGUA,5.0,Filtros e Purificadores de Água,SEM FOTO,PLANETA AGUA 1127/30 REFIL POLI FLU PLISSADO 20 POL SLIM 30 MICRAS COMP CAR BIG20
1458,056942,TERMOMETRO DIGITA TIPO VARETA MV-363A,MV-363A,MINIPA,5.0,Químicos / Solda e Limpeza,SEM FOTO,MINIPA MV-363A TERMOMETRO DIGITA TIPO VARETA MV-363A
1459,056943,PILHA ALCALINA PALITO AAA LR03XAB/2BWS PANASSINIC,LR03XAB/2B,PANASSONIC,5.0,Eletrônicos / Informática,SEM FOTO,PANASSONIC LR03XAB/2B PILHA ALCALINA PALITO AAA LR03XAB/2BWS PANASSINIC
1460,056963,DETERGENTE LAVA LOUCAS NEUTRO 500ML QUALYBRILL,15321,QUALYBRILL,5.0,Químicos / Solda e Limpeza,SEM FOTO,QUALYBRILL 15321 DETERGENTE LAVA LOUCAS NEUTRO 500ML QUALYBRILL
1461,056971,SENSOR DE PRESENCA SMART - WIFI SE230 MULTILASER,SE230,MULTILASER,5.0,Elétrica / Comandos,SEM FOTO,MULTILASER SE230 SENSOR DE PRESENCA SMART - WIFI SE230 MULTILASER
1462,056972,TOMADA SMART WIFI LIV 16A - 110/220VAC SE231 MULTILASER,SE231,MULTILASER,5.0,Elétrica / Comandos,SEM FOTO,MULTILASER SE231 TOMADA SMART WIFI LIV 16A - 110/220VAC SE231 MULTILASER
1463,057048,PENDRIVE TWIST PRETO 16GB MULTILASER,PD588,MULTILASER,5.0,Eletrônicos / Informática,SEM FOTO,MULTILASER PD588 PENDRIVE TWIST PRETO 16GB MULTILASER
1464,057068,HEADSET PRO P2 NOISEREDUCTION ADAPTADOR PARA P3,PH316,MULTILASER,5.0,Outros,SEM FOTO,MULTILASER PH316 HEADSET PRO P2 NOISEREDUCTION ADAPTADOR PARA P3
1465,057070,TECLADO BASICO SLIM PRETO USB MULTILASER,TC213,MULTILASER,5.0,Eletrônicos / Informática,SEM FOTO,MULTILASER TC213 TECLADO BASICO SLIM PRETO USB MULTILASER
1466,057074,SWITCH HDMI 3 EM 1,WI290,MULTILASER,5.0,Outros,SEM FOTO,MULTILASER WI290 SWITCH HDMI 3 EM 1
1467,057099,FURADEIRA DE IMPACTO 600W 127V HO033,HO033,MULTILASER,5.0,Ferramentas / Instrumentos,SEM FOTO,MULTILASER HO033 FURADEIRA DE IMPACTO 600W 127V HO033
1468,057104,KIT DE FERRAMENTAS MANUAIS 18 PCS HO218 MULTILASER,HO218,MULTILASER,5.0,Refrigeração / Componentes,SEM FOTO,MULTILASER HO218 KIT DE FERRAMENTAS MANUAIS 18 PCS HO218 MULTILASER
1469,057232,CAMERA EZVIZ EXTERNA DE PAREDE CS-LC3 WI-FI,CS-LC3,EZVIZ,5.0,Eletrônicos / Informática,SEM FOTO,EZVIZ CS-LC3 CAMERA EZVIZ EXTERNA DE PAREDE CS-LC3 WI-FI
1470,057245,CORDA PLASTICA ATRIO PRETA,ES120,MULTILASER,5.0,Fixação e Acessórios,SEM FOTO,MULTILASER ES120 CORDA PLASTICA ATRIO PRETA
1471,057246,CORDA PLASTICA ATRIO ROSA,ES122,MULTILASER,5.0,Fixação e Acessórios,SEM FOTO,MULTILASER ES122 CORDA PLASTICA ATRIO ROSA
1472,057248,EXTENSOR EM 8 FITNESS CINZA/PRETO ATRIO,ES222,MULTILASER,5.0,Outros,SEM FOTO,MULTILASER ES222 EXTENSOR EM 8 FITNESS CINZA/PRETO ATRIO
1473,057249,EXTENSOR FITNESS COM ALCA CINZA/PRETO ATRIO,ES223,MULTILASER,5.0,Outros,SEM FOTO,MULTILASER ES223 EXTENSOR FITNESS COM ALCA CINZA/PRETO ATRIO
1474,057250,CORDA SPEED PRETO ATRIO,ES231,MULTILASER,5.0,Fixação e Acessórios,SEM FOTO,MULTILASER ES231 CORDA SPEED PRETO ATRIO
1475,057251,EXPANDER FITNESS PRETO/LARANJA ATRIO,ES233,MULTILASER,5.0,Outros,SEM FOTO,MULTILASER ES233 EXPANDER FITNESS PRETO/LARANJA ATRIO
1476,057252,APOIO PARA FLEXAO FITNESS PRETO/NEON ATRIO,ES240,MULTILASER,5.0,Outros,SEM FOTO,MULTILASER ES240 APOIO PARA FLEXAO FITNESS PRETO/NEON ATRIO
1477,057253,KIT YREINO CORDA + ELEASTICO + TAPETE ATRIO,ES357,MULTILASER,5.0,Fixação e Acessórios,SEM FOTO,MULTILASER ES357 KIT YREINO CORDA + ELEASTICO + TAPETE ATRIO
1478,057263,"MANGUEIRA SAIDA CORR CZ BOCAL RETO 29MM 2,0M PLASBHON",003570,PLASBOHN,5.0,Iluminação,SEM FOTO,"PLASBOHN 003570 MANGUEIRA SAIDA CORR CZ BOCAL RETO 29MM 2,0M PLASBHON"
1479,057289,BROCA AR HAMMER PLUS 5X136MM,7898181495226,BOMCORTE,5.0,Ferramentas / Instrumentos,SEM FOTO,BOMCORTE 7898181495226 BROCA AR HAMMER PLUS 5X136MM
1480,057293,BROCA AR HAMMER PLUS 9X176MM,7898181495264,BOMCORTE,5.0,Ferramentas / Instrumentos,SEM FOTO,BOMCORTE 7898181495264 BROCA AR HAMMER PLUS 9X176MM
1481,057443,CONECTOR BOX CURVO ALUMINIO 2,7893537009980,INCA,5.0,Elétrica / Comandos,SEM FOTO,INCA 7893537009980 CONECTOR BOX CURVO ALUMINIO 2
1482,057450,CONDULETE METALICO NAO ROSCADO 1/2 - MODELO A,7893537012317,INCA,5.0,Elétrica / Comandos,SEM FOTO,INCA 7893537012317 CONDULETE METALICO NAO ROSCADO 1/2 - MODELO A
1483,057452,CONDULETE METALICO NAO ROSCADO 1/2 - MODELO E,7893537012331,INCA,5.0,Elétrica / Comandos,SEM FOTO,INCA 7893537012331 CONDULETE METALICO NAO ROSCADO 1/2 - MODELO E
1484,057453,CONDULETE METALICO NAO ROSCADO 1/2 - MODELO LL,7893537012348,INCA,5.0,Elétrica / Comandos,SEM FOTO,INCA 7893537012348 CONDULETE METALICO NAO ROSCADO 1/2 - MODELO LL
1485,057455,CONDULETE METALICO NAO ROSCADO 1/2 - MODELO T,7893537012362,INCA,5.0,Elétrica / Comandos,SEM FOTO,INCA 7893537012362 CONDULETE METALICO NAO ROSCADO 1/2 - MODELO T
1486,057456,CONDULETE METALICO NAO ROSCADO 1/2 - MODELO X,7893537012379,INCA,5.0,Elétrica / Comandos,SEM FOTO,INCA 7893537012379 CONDULETE METALICO NAO ROSCADO 1/2 - MODELO X
1487,057460,CONDULETE METALICO NAO ROSCADO 3/4 - MODELO LL,7893537012416,INCA,5.0,Elétrica / Comandos,SEM FOTO,INCA 7893537012416 CONDULETE METALICO NAO ROSCADO 3/4 - MODELO LL
1488,057462,CONDULETE METALICO NAO ROSCADO 3/4 - MODELO T,7893537012430,INCA,5.0,Elétrica / Comandos,SEM FOTO,INCA 7893537012430 CONDULETE METALICO NAO ROSCADO 3/4 - MODELO T
1489,057463,CONDULETE METALICO NAO ROSCADO 3/4 - MODELO X,7893537012447,INCA,5.0,Elétrica / Comandos,SEM FOTO,INCA 7893537012447 CONDULETE METALICO NAO ROSCADO 3/4 - MODELO X
1490,057464,CONDULETE METALICO NAO ROSCADO 1 - MODELO A,7893537012454,INCA,5.0,Elétrica / Comandos,SEM FOTO,INCA 7893537012454 CONDULETE METALICO NAO ROSCADO 1 - MODELO A
1491,057467,CONDULETE METALICO NAO ROSCADO 1 - MODELO LR,7893537012492,INCA,5.0,Elétrica / Comandos,SEM FOTO,INCA 7893537012492 CONDULETE METALICO NAO ROSCADO 1 - MODELO LR
1492,057468,CONDULETE METALICO NAO ROSCADO 1 - MODELO T,7893537012508,INCA,5.0,Elétrica / Comandos,SEM FOTO,INCA 7893537012508 CONDULETE METALICO NAO ROSCADO 1 - MODELO T
1493,057469,CONDULETE METALICO NAO ROSCADO 1 - MODELO X,7893537012515,INCA,5.0,Elétrica / Comandos,SEM FOTO,INCA 7893537012515 CONDULETE METALICO NAO ROSCADO 1 - MODELO X
1494,057500,CABO DE ALIMENTACAO KAP-395 AUDIO VIIDEO P CP 1.2M,KAP-395,KAPBOM,5.0,Elétrica / Comandos,SEM FOTO,KAPBOM KAP-395 CABO DE ALIMENTACAO KAP-395 AUDIO VIIDEO P CP 1.2M
1495,057568,BLOCO DE CONTATO AUXILIAR 2NA+2NF CHINT F4-22 REF: 257019,257019,CHINT,5.0,Refrigeração / Componentes,SEM FOTO,CHINT 257019 BLOCO DE CONTATO AUXILIAR 2NA+2NF CHINT F4-22 REF: 257019
1496,057573,FONTE CHAVEADA 5A 12V WATTS 60,81,LECTRON,5.0,Ferramentas / Instrumentos,SEM FOTO,LECTRON 81 FONTE CHAVEADA 5A 12V WATTS 60
1497,057792,ALICATE TIPO TELEFONE BICO CURVO VDE 8132AB-200H,091907,GEDORE,5.0,Ferramentas / Instrumentos,SEM FOTO,GEDORE 091907 ALICATE TIPO TELEFONE BICO CURVO VDE 8132AB-200H
1498,057803,CHAVE DE FENDA CRUZADA OC:242 VDE 2160 PH3,091800,GEDORE,5.0,Ferramentas / Instrumentos,SEM FOTO,GEDORE 091800 CHAVE DE FENDA CRUZADA OC:242 VDE 2160 PH3
1499,057804,CHAVE DE FENDA CRUZADA OC:242 VDE 2160 PH4,091801,GEDORE,5.0,Ferramentas / Instrumentos,SEM FOTO,GEDORE 091801 CHAVE DE FENDA CRUZADA OC:242 VDE 2160 PH4
1500,057805,CHAVE CANHAO OC:242 VDE 2133-3,091781,GEDORE,5.0,Ferramentas / Instrumentos,SEM FOTO,GEDORE 091781 CHAVE CANHAO OC:242 VDE 2133-3
1501,057806,CHAVE CANHAO OC:242 VDE 2133-4,091782,GEDORE,5.0,Ferramentas / Instrumentos,SEM FOTO,GEDORE 091782 CHAVE CANHAO OC:242 VDE 2133-4
1502,057807,CHAVE CANHAO OC:242 VDE 2133-5,091783,GEDORE,5.0,Ferramentas / Instrumentos,SEM FOTO,GEDORE 091783 CHAVE CANHAO OC:242 VDE 2133-5
1503,057808,CHAVE CANHAO OC:242 VDE 2133-6,091784,GEDORE,5.0,Ferramentas / Instrumentos,SEM FOTO,GEDORE 091784 CHAVE CANHAO OC:242 VDE 2133-6
1504,057809,CHAVE CANHAO OC:242 VDE 2133-7,091785,GEDORE,5.0,Ferramentas / Instrumentos,SEM FOTO,GEDORE 091785 CHAVE CANHAO OC:242 VDE 2133-7
1505,057810,CHAVE CANHAO OC:242 VDE 2133-8,091786,GEDORE,5.0,Ferramentas / Instrumentos,SEM FOTO,GEDORE 091786 CHAVE CANHAO OC:242 VDE 2133-8
1506,057811,CHAVE CANHAO OC:242 VDE 2133-9,091787,GEDORE,5.0,Ferramentas / Instrumentos,SEM FOTO,GEDORE 091787 CHAVE CANHAO OC:242 VDE 2133-9
1507,057812,CHAVE CANHAO OC:242 VDE 2133-10,091788,GEDORE,5.0,Ferramentas / Instrumentos,SEM FOTO,GEDORE 091788 CHAVE CANHAO OC:242 VDE 2133-10
1508,057813,CHAVE CANHAO OC:242 VDE 2133-13,091791,GEDORE,5.0,Ferramentas / Instrumentos,SEM FOTO,GEDORE 091791 CHAVE CANHAO OC:242 VDE 2133-13
1509,057814,CHAVE CANHAO OC:242 VDE 2133-17,091793,GEDORE,5.0,Ferramentas / Instrumentos,SEM FOTO,GEDORE 091793 CHAVE CANHAO OC:242 VDE 2133-17
1510,057875,LUMINARIA SOBREPOR QUADRADA BRANCA FLAT LED 06W AUTOVOLT 650,LLSQ606F,LUMANTI,5.0,Iluminação,SEM FOTO,LUMANTI LLSQ606F LUMINARIA SOBREPOR QUADRADA BRANCA FLAT LED 06W AUTOVOLT 650
1511,057894,LUMINARIA EMBUTIR REDONDA BRANCA FLAT LED 24W AUTOVOLT 6500K,LLER624F,LUMANTI,5.0,Iluminação,SEM FOTO,LUMANTI LLER624F LUMINARIA EMBUTIR REDONDA BRANCA FLAT LED 24W AUTOVOLT 6500K
1512,057944,"CABO PP 5X2,5MM METRO 0,6/1KV PRETO FLEXCABOS",000522,FLEXCABOS,5.0,Elétrica / Comandos,SEM FOTO,"FLEXCABOS 000522 CABO PP 5X2,5MM METRO 0,6/1KV PRETO FLEXCABOS"
1513,057964,PARAFUSADEIRA PARA GESSO,FS4000-110V,MAKITA,5.0,Ferramentas / Instrumentos,SEM FOTO,MAKITA FS4000-110V PARAFUSADEIRA PARA GESSO
1514,057987,VDE 2133-11 CHAVE CANHAO OC:242,091789,GEDORE,5.0,Ferramentas / Instrumentos,SEM FOTO,GEDORE 091789 VDE 2133-11 CHAVE CANHAO OC:242
1515,057988,VDE 2133-12 CHAVE CANHAO OC:242,091790,GEDORE,5.0,Ferramentas / Instrumentos,SEM FOTO,GEDORE 091790 VDE 2133-12 CHAVE CANHAO OC:242
1516,057989,VDE 2133-14 CHAVE CANHAO OC:242,091792,GEDORE,5.0,Ferramentas / Instrumentos,SEM FOTO,GEDORE 091792 VDE 2133-14 CHAVE CANHAO OC:242
1517,057997,INTERRUPTOR SMART WIFI TOUCH 3 TECLA BRANCO EWS 1003,EWS 1003,INTELBRAS,5.0,Elétrica / Comandos,SEM FOTO,INTELBRAS EWS 1003 INTERRUPTOR SMART WIFI TOUCH 3 TECLA BRANCO EWS 1003
1518,058004,CONTROLADOR DE CARGA WIFI 1 INTERRUPTOR EWS 211 INTELBRAS -,EWS 211,INTELBRAS,5.0,Elétrica / Comandos,SEM FOTO,INTELBRAS EWS 211 CONTROLADOR DE CARGA WIFI 1 INTERRUPTOR EWS 211 INTELBRAS -
1519,058086,SINALIZADOR LED BRANCO ND16-22DS/4 220,435.0,CHINT,5.0,Iluminação,SEM FOTO,CHINT 435.0 SINALIZADOR LED BRANCO ND16-22DS/4 220
1520,058099,"Reducao 5/8"" Macho x 1/2"" Femea",2010581412,RED CONEXOES,5.0,Hidráulica,SEM FOTO,"RED CONEXOES 2010581412 Reducao 5/8"" Macho x 1/2"" Femea"
1521,058329,FILTRO EXAUSTAO ESPUMA ASP MBL A07758701,41024509,ELECTROLUX,5.0,Instalação de Ar-Condicionado,SEM FOTO,ELECTROLUX 41024509 FILTRO EXAUSTAO ESPUMA ASP MBL A07758701
1522,058360,ABRACADEIRA DE NYLON 4 5X200MM PRETO PCT C 100 UN,A45-E200P/10,ENERBRAS,5.0,Fixação e Acessórios,SEM FOTO,ENERBRAS A45-E200P/10 ABRACADEIRA DE NYLON 4 5X200MM PRETO PCT C 100 UN
1523,058409,PORCA CURTA LATAO FORJADA REFORC - 1/2 FRIVEN,20003.1002.17,FRIVEN,5.0,Fixação e Acessórios,SEM FOTO,FRIVEN 20003.1002.17 PORCA CURTA LATAO FORJADA REFORC - 1/2 FRIVEN
1524,058649,PERFIL 2M 17X07 EMB BRANCO,274,PROMESSA ILUMINACAO,5.0,Outros,SEM FOTO,PROMESSA ILUMINACAO 274 PERFIL 2M 17X07 EMB BRANCO
1525,058658,WD40 DESCARBONIZANTE AEROSSOL 470ML - WD-40 SPECIALIST,956210,WD-40,5.0,Químicos / Solda e Limpeza,SEM FOTO,WD-40 956210 WD40 DESCARBONIZANTE AEROSSOL 470ML - WD-40 SPECIALIST
1526,058880,CHAVE L TORX C/ GUIA T20 C.V,99BR.060.003,UNIFORT,5.0,Ferramentas / Instrumentos,SEM FOTO,UNIFORT 99BR.060.003 CHAVE L TORX C/ GUIA T20 C.V
1527,059098,PRESSOSTATO 4 NIVEIS P LAVAD ELECTR LF80/LTR15/LTE09 6478693,47439110000,EMICOL,5.0,Automação / Temporizadores,SEM FOTO,EMICOL 47439110000 PRESSOSTATO 4 NIVEIS P LAVAD ELECTR LF80/LTR15/LTE09 6478693
1528,059266,PG-30 PRO RED - Manometro Digital 800 PSI 87 GASES,6017,ELITECH,5.0,Ferramentas / Instrumentos,SEM FOTO,ELITECH 6017 PG-30 PRO RED - Manometro Digital 800 PSI 87 GASES
1529,059315,"TERMINAL OLHAL PRE ISOLADO 1,5MM-2,5MM - AZUL REF: RVS 2-4",RVS 2-4,CNC,5.0,Elétrica / Comandos,SEM FOTO,"CNC RVS 2-4 TERMINAL OLHAL PRE ISOLADO 1,5MM-2,5MM - AZUL REF: RVS 2-4"
1530,059398,RELE TERMICO G NR2-93 23-32A - CHINT,411.0,CHINT,5.0,Elétrica / Comandos,SEM FOTO,CHINT 411.0 RELE TERMICO G NR2-93 23-32A - CHINT
1531,059498,VALV ESFERA 7/8 GBC SOLDA BVSS-078 EMERSON,100263067,EMERSON,5.0,Químicos / Solda e Limpeza,SEM FOTO,EMERSON 100263067 VALV ESFERA 7/8 GBC SOLDA BVSS-078 EMERSON
1532,059499,VALV ESFERA 7/8 GBC SOLDA  BVSS-078 EMERSON IMP,100274740,EMERSON,5.0,Químicos / Solda e Limpeza,SEM FOTO,EMERSON 100274740 VALV ESFERA 7/8 GBC SOLDA BVSS-078 EMERSON IMP
1533,059593,MULTIMETRO DIGITAL TRUE RMS MINIPA ET-1100B,ET-1100B,MINIPA,5.0,Ferramentas / Instrumentos,SEM FOTO,MINIPA ET-1100B MULTIMETRO DIGITAL TRUE RMS MINIPA ET-1100B
1534,059731,"MALA STANDEDARD 12"" 300MM IRWIN",1870405,IRWIN,5.0,Ferramentas / Instrumentos,SEM FOTO,"IRWIN 1870405 MALA STANDEDARD 12"" 300MM IRWIN"
1535,059735,CAIXA PARA FERRAMENTA 12.5 POL TR AVA METAL IRWIN,IWST13013-LA,IRWIN,5.0,Elétrica / Comandos,SEM FOTO,IRWIN IWST13013-LA CAIXA PARA FERRAMENTA 12.5 POL TR AVA METAL IRWIN
1536,059736,CAIXA PARA FERRAMENTA 16 POL TR AVA METAL IRWIN,IWST16013-LA,IRWIN,5.0,Elétrica / Comandos,SEM FOTO,IRWIN IWST16013-LA CAIXA PARA FERRAMENTA 16 POL TR AVA METAL IRWIN
1537,059788,"CAPACITOR DUPLO CBB65, 40UF + 2.5UF X 440VAC FRIVEN",20003.1706.10,FRIVEN,5.0,Capacitores,SEM FOTO,"FRIVEN 20003.1706.10 CAPACITOR DUPLO CBB65, 40UF + 2.5UF X 440VAC FRIVEN"
1538,059852,RELE FOTOCELULA 100V-220V 1200W COR AZUL/BRANC RF-0314 DECOR,RF-0314,DECORLUX,5.0,Elétrica / Comandos,SEM FOTO,DECORLUX RF-0314 RELE FOTOCELULA 100V-220V 1200W COR AZUL/BRANC RF-0314 DECOR
1539,059911,VALVULA ESFERICA GBC 1.3/8  SOLDA GBC10S DANFOS,009L7057,DANFOS,5.0,Químicos / Solda e Limpeza,SEM FOTO,DANFOS 009L7057 VALVULA ESFERICA GBC 1.3/8 SOLDA GBC10S DANFOS
1540,059971,"CAPACITOR DUPLO CBB65, 50UF+2,5 MFD 440V TERM HULTER METAL",HT5CD50/2-5TA440VP,HULTER,5.0,Capacitores,SEM FOTO,"HULTER HT5CD50/2-5TA440VP CAPACITOR DUPLO CBB65, 50UF+2,5 MFD 440V TERM HULTER METAL"
1541,060057,FITA ISOLANTE DECORLUX 18MMX10M VERDE,FI0106,DECORLUX,5.0,Instalação de Ar-Condicionado,SEM FOTO,DECORLUX FI0106 FITA ISOLANTE DECORLUX 18MMX10M VERDE
1542,060087,VALVULA ESFERICA GBC 7/8 SOLDA ELGIN,45VEE078S000,ELGIN,5.0,Químicos / Solda e Limpeza,SEM FOTO,ELGIN 45VEE078S000 VALVULA ESFERICA GBC 7/8 SOLDA ELGIN
1543,060123,EK-3030 CONTROLADOR DIGITAL DE TEMPERATURA PARA CONGELADOS 3,1059,ELITECH,5.0,Automação / Temporizadores,SEM FOTO,ELITECH 1059 EK-3030 CONTROLADOR DIGITAL DE TEMPERATURA PARA CONGELADOS 3
1544,060149,VISOR DE LIQUIDO 1/2 ROSCA MxM - SYJ12L11,SYJ12L11,SANHUA,5.0,Refrigeração / Componentes,SEM FOTO,SANHUA SYJ12L11 VISOR DE LIQUIDO 1/2 ROSCA MxM - SYJ12L11
1545,060155,PENTE ALETAS PLASTICO EOS FS351,C151412,EOS,5.0,Ferramentas / Instrumentos,SEM FOTO,EOS C151412 PENTE ALETAS PLASTICO EOS FS351
1546,060162,MOTOR VENT. AXIAL CF500EXCCE 220V 1F,45CF500EXCCE,ELGIN,5.0,Refrigeração / Componentes,SEM FOTO,ELGIN 45CF500EXCCE MOTOR VENT. AXIAL CF500EXCCE 220V 1F
1547,060185,TINTA SPRAY  PRETO F.360 COLORGIN,403199,COLOGIN,5.0,Químicos / Solda e Limpeza,SEM FOTO,COLOGIN 403199 TINTA SPRAY PRETO F.360 COLORGIN
1548,060221,"ALICATE MULT P/ CABOS/FI OS 8"" (203mm)",2078309,IRWIN,5.0,Ferramentas / Instrumentos,SEM FOTO,"IRWIN 2078309 ALICATE MULT P/ CABOS/FI OS 8"" (203mm)"
1549,060290,"CAPACITOR CBB65, 50UF +-5% X 440VAC 50-60HZ FRIVEN",20003.1702.70,FRIVEN,5.0,Capacitores,SEM FOTO,"FRIVEN 20003.1702.70 CAPACITOR CBB65, 50UF +-5% X 440VAC 50-60HZ FRIVEN"
1550,060301,TRAVA TAMPA LAV BRASTEMP BRASTEMP/BWH15 BWS15 W10829873,9577,NUCLEO DO FRIO,5.0,Refrigeração / Componentes,SEM FOTO,NUCLEO DO FRIO 9577 TRAVA TAMPA LAV BRASTEMP BRASTEMP/BWH15 BWS15 W10829873
1551,060307,TINTA SPRAY BRANCO BRILHANTE 400ML ANJO,19384,ANJO,5.0,Químicos / Solda e Limpeza,SEM FOTO,ANJO 19384 TINTA SPRAY BRANCO BRILHANTE 400ML ANJO
1552,060318,"PISTAO ORIFICIO 0,088 MM COMPATIVEL ( EA52PJ088 )",IC127,DE PLASTIC,5.0,Peças para Lavadora e Bebedouro,SEM FOTO,"DE PLASTIC IC127 PISTAO ORIFICIO 0,088 MM COMPATIVEL ( EA52PJ088 )"
1553,060319,"PISTAO ORIFICIO 0,065 MM COMPATIVEL ( EA52PJ065 )",IC128,DE PLASTIC,5.0,Peças para Lavadora e Bebedouro,SEM FOTO,"DE PLASTIC IC128 PISTAO ORIFICIO 0,065 MM COMPATIVEL ( EA52PJ065 )"
1554,060321,"PISTAO ORIFICIO 0,084 MM COMPATIVEL ( EA52PJ084 )",IC130,DE PLASTIC,5.0,Peças para Lavadora e Bebedouro,SEM FOTO,"DE PLASTIC IC130 PISTAO ORIFICIO 0,084 MM COMPATIVEL ( EA52PJ084 )"
1555,060329,MICRO MOTOR NF 1/100 METALFRIO 127V,47194,NUCLEO DO FRIO,5.0,Refrigeração / Componentes,SEM FOTO,NUCLEO DO FRIO 47194 MICRO MOTOR NF 1/100 METALFRIO 127V
1556,060367,CURVA CO 90 LONGA 1.3/8 VIX,1016699,VIX,5.0,Instalação de Ar-Condicionado,SEM FOTO,VIX 1016699 CURVA CO 90 LONGA 1.3/8 VIX
1557,060385,"MOLA CURVADORA 5/8""",80150.021,SURYHA,5.0,Ferramentas / Instrumentos,SEM FOTO,"SURYHA 80150.021 MOLA CURVADORA 5/8"""
1558,060416,"CAPACITOR CBB65 50UF+2,5UF 440V/60HZ - MARCA ESSEK  CB655025",CB655025,ESSEK,5.0,Capacitores,SEM FOTO,"ESSEK CB655025 CAPACITOR CBB65 50UF+2,5UF 440V/60HZ - MARCA ESSEK CB655025"
1559,060475,BOMBA VACUO INTELIG VIX 5CFM 2ESTAG BIV,000000000001016337,VIX,5.0,Ferramentas / Instrumentos,SEM FOTO,VIX 000000000001016337 BOMBA VACUO INTELIG VIX 5CFM 2ESTAG BIV
1560,060505,KIT GUIA SELO DO COMPRESSOR AUTOMOTIVO C/ 7 PECAS,80150.232,SURYHA,5.0,Refrigeração / Componentes,SEM FOTO,SURYHA 80150.232 KIT GUIA SELO DO COMPRESSOR AUTOMOTIVO C/ 7 PECAS
1561,060510,CONJUNTO DE MANGUEIRAS 150CM R22 R134 R404,80150.037,SURYHA,5.0,Gases Refrigerantes,SEM FOTO,SURYHA 80150.037 CONJUNTO DE MANGUEIRAS 150CM R22 R134 R404
1562,060572,CONTROLE DE AR /NOVEXIUM/YORK/KOMECO/PIONNER FBG-9010,FBG-9010,FBG,5.0,Refrigeração / Componentes,SEM FOTO,FBG FBG-9010 CONTROLE DE AR /NOVEXIUM/YORK/KOMECO/PIONNER FBG-9010
1563,060597,VALVULA GBC ESFERICA 1/2 C/SCHRADER FRIVEN,15671,FRIVEN,5.0,Refrigeração / Componentes,SEM FOTO,FRIVEN 15671 VALVULA GBC ESFERICA 1/2 C/SCHRADER FRIVEN
1564,059785,"TUBO DE COBRE FLEX 5/16=7,94MM X 1/32=0,79MM BOB/PAN LR",T1324853,MULTIMARCAS,4.026,Instalação de Ar-Condicionado,SEM FOTO,"MULTIMARCAS T1324853 TUBO DE COBRE FLEX 5/16=7,94MM X 1/32=0,79MM BOB/PAN LR"
1565,001030,BARRA ROSCADA 1M ZIN 1/4,31678,JOMARCA,4.0,Fixação e Acessórios,SEM FOTO,JOMARCA 31678 BARRA ROSCADA 1M ZIN 1/4
1566,003047,TEE SOLD 25MM KRONA,6272,KRONA,4.0,Hidráulica,SEM FOTO,KRONA 6272 TEE SOLD 25MM KRONA
1567,003500,CHAVE PHILIPS 3/16X10 GEDORE,36308,GEDORE,4.0,Ferramentas / Instrumentos,SEM FOTO,GEDORE 36308 CHAVE PHILIPS 3/16X10 GEDORE
1568,005172,MULTIMETRO DIGITAL CATIII TRUE RMS MINIPA ET-1649,ET-1649,MINIPA,4.0,Ferramentas / Instrumentos,SEM FOTO,MINIPA ET-1649 MULTIMETRO DIGITAL CATIII TRUE RMS MINIPA ET-1649
1569,005175,DETECTOR DE TENSAO MINIPA EZ ALERT I,EZ ALERT I,MINIPA,4.0,Ferramentas / Instrumentos,SEM FOTO,MINIPA EZ ALERT I DETECTOR DE TENSAO MINIPA EZ ALERT I
1570,051882,EXAUSTOR AXIAL IND 25CM 220V PREMIUM VENTISOL,436,VENTISOL,4.0,Refrigeração / Componentes,SEM FOTO,VENTISOL 436 EXAUSTOR AXIAL IND 25CM 220V PREMIUM VENTISOL
1571,051963,ORIFICIO VALVULA EXPASSAO DANFOS N5 TF2 2.0 TX2 3.0 TY2 2.0,068-2008,DANFOS,4.0,Refrigeração / Componentes,SEM FOTO,DANFOS 068-2008 ORIFICIO VALVULA EXPASSAO DANFOS N5 TF2 2.0 TX2 3.0 TY2 2.0
1572,052262,MOTOR VENT EOS BRAST FROST FREE 110V C HEL PLAST 000404484,D22120,EOS,4.0,Refrigeração / Componentes,SEM FOTO,EOS D22120 MOTOR VENT EOS BRAST FROST FREE 110V C HEL PLAST 000404484
1573,052309,CONTROLE ORIGINAL AR COND ELECTROLUX 550A2103,550A2103,ELECTROLUX,4.0,Refrigeração / Componentes,SEM FOTO,ELECTROLUX 550A2103 CONTROLE ORIGINAL AR COND ELECTROLUX 550A2103
1574,052660,PRESSOSTATO 4 NIVEIS LAV ELECTROLUX LTC07 41015896,64500213,ELECTROLUX,4.0,Automação / Temporizadores,SEM FOTO,ELECTROLUX 64500213 PRESSOSTATO 4 NIVEIS LAV ELECTROLUX LTC07 41015896
1575,052684,TERMOSTATO PROSDOCIMO MAQUINA DE GELO RC-44009-2P,RC44009-2P,ROBERTSHAW,4.0,Refrigeração / Componentes,SEM FOTO,ROBERTSHAW RC44009-2P TERMOSTATO PROSDOCIMO MAQUINA DE GELO RC-44009-2P
1576,052693,"CAPACITOR CBB60, 35UF +-5% X 440VAC 50-60HZ ONDA POSITIVA",CPTOP35025,ONDA POSITIVA,4.0,Capacitores,SEM FOTO,"ONDA POSITIVA CPTOP35025 CAPACITOR CBB60, 35UF +-5% X 440VAC 50-60HZ ONDA POSITIVA"
1577,052743,RECIPIENTE EVAPORADOR P COMPRESSOR TECUM PRETO (C+F) WHIRLPO,326062041,WHIRLPOOL,4.0,Refrigeração / Componentes,SEM FOTO,WHIRLPOOL 326062041 RECIPIENTE EVAPORADOR P COMPRESSOR TECUM PRETO (C+F) WHIRLPO
1578,052930,KIT START PARTIDA DE COMPRESSORES DE 4000 A 120000 BTU FACON,SPP6,FACON,4.0,Refrigeração / Componentes,SEM FOTO,FACON SPP6 KIT START PARTIDA DE COMPRESSORES DE 4000 A 120000 BTU FACON
1579,053000,SACA AGITADOR CONSUL/BRASTEMP CWI,B918609,SAMATEC,4.0,Ferramentas / Instrumentos,SEM FOTO,SAMATEC B918609 SACA AGITADOR CONSUL/BRASTEMP CWI
1580,053001,SACA AGITADOR ELECTROLUX TOP 8 SAMATEC,B917562,SAMATEC,4.0,Ferramentas / Instrumentos,SEM FOTO,SAMATEC B917562 SACA AGITADOR ELECTROLUX TOP 8 SAMATEC
1581,053241,PAINEL DECORATIVO COMPATIVEL LAVADORA BWH09A 9KG DIREITO CP,CP950,CP PLACAS,4.0,Peças para Lavadora e Bebedouro,SEM FOTO,CP PLACAS CP950 PAINEL DECORATIVO COMPATIVEL LAVADORA BWH09A 9KG DIREITO CP
1582,053366,"CAPACITOR CBB65, 15UF +-5% X 380VAC 50-60HZ WHIRLPOOL",W10771532,WHIRLPOOL,4.0,Capacitores,SEM FOTO,"WHIRLPOOL W10771532 CAPACITOR CBB65, 15UF +-5% X 380VAC 50-60HZ WHIRLPOOL"
1583,053474,RETENTOR VEDACAO TANQUE LAVADORA ELECTROLUX LTC07 41016007,65400077,ELECTROLUX,4.0,Peças para Lavadora e Bebedouro,SEM FOTO,ELECTROLUX 65400077 RETENTOR VEDACAO TANQUE LAVADORA ELECTROLUX LTC07 41016007
1584,053912,DISJUNTOR DIN BI 2P 10A 3KA CHINT,319826,CHINT,4.0,Elétrica / Comandos,SEM FOTO,CHINT 319826 DISJUNTOR DIN BI 2P 10A 3KA CHINT
1585,053915,DISJUNTOR DIN TRIPOLAR 3P C63A 3KA - C REF: 186772,186772,CHINT,4.0,Elétrica / Comandos,SEM FOTO,CHINT 186772 DISJUNTOR DIN TRIPOLAR 3P C63A 3KA - C REF: 186772
1586,053955,"MANGUEIRA LAV DRENAGEM BOCAL CURVO 1,85M ELECTROLUX",4489,DE PLASTIC,4.0,Iluminação,SEM FOTO,"DE PLASTIC 4489 MANGUEIRA LAV DRENAGEM BOCAL CURVO 1,85M ELECTROLUX"
1587,054004,TENIS AMA 3 UNISEX G NOBUCK CAFE 43 S BICO BI TOP053FN CART,006648,CARTON,4.0,EPI / Segurança,SEM FOTO,CARTON 006648 TENIS AMA 3 UNISEX G NOBUCK CAFE 43 S BICO BI TOP053FN CART
1588,054169,DISJUNTOR DIN MONO 1P 6A 3KA CHINT,185441,CHINT,4.0,Elétrica / Comandos,SEM FOTO,CHINT 185441 DISJUNTOR DIN MONO 1P 6A 3KA CHINT
1589,054346,JUNGULAR COM QUEIXEIRA,WPS2118,DELTAPLUS,4.0,Outros,SEM FOTO,DELTAPLUS WPS2118 JUNGULAR COM QUEIXEIRA
1590,054545,MICRO MOTOR 1/40 N5-13/528BR F 220V EXAUT FIXACAO TRAS ELCO,N5-13/528BR F,ELCO,4.0,Refrigeração / Componentes,SEM FOTO,ELCO N5-13/528BR F MICRO MOTOR 1/40 N5-13/528BR F 220V EXAUT FIXACAO TRAS ELCO
1591,054831,BOTINA AMARRAR 3 GOMOS 38 S BICO BI MOD20 CARTON,2873,CARTON,4.0,EPI / Segurança,SEM FOTO,CARTON 2873 BOTINA AMARRAR 3 GOMOS 38 S BICO BI MOD20 CARTON
1592,054911,"CAPACITOR CBB65, 60UF +-5% X 400VAC 50-60HZ FRIVEN",20003.1702.74,FRIVEN,4.0,Capacitores,SEM FOTO,"FRIVEN 20003.1702.74 CAPACITOR CBB65, 60UF +-5% X 400VAC 50-60HZ FRIVEN"
1593,055128,RELE TERMICO E SOBRECARGA NR2-93 AJUSTE 55-70A CHINT,NR2-93 55-70A,CHINT,4.0,Elétrica / Comandos,SEM FOTO,CHINT NR2-93 55-70A RELE TERMICO E SOBRECARGA NR2-93 AJUSTE 55-70A CHINT
1594,055269,SACA E COLOCA KIT TUBO E EIXO DA LM06/LM08/LTE12/LF7.5,B917045,SAMATEC,4.0,Ferramentas / Instrumentos,SEM FOTO,SAMATEC B917045 SACA E COLOCA KIT TUBO E EIXO DA LM06/LM08/LTE12/LF7.5
1595,055314,TUBO E EIXO DA TRANSMISSAO MANCAL LM06 ELECTROLUX ALADO,7121107,ALADO,4.0,Peças para Lavadora e Bebedouro,SEM FOTO,ALADO 7121107 TUBO E EIXO DA TRANSMISSAO MANCAL LM06 ELECTROLUX ALADO
1596,055345,TRANSMISSAO SIMILA LT10B/LTD11/LAC11/LTC10 S RETEN 100243615,A02437701,DUGOLD,4.0,Peças para Lavadora e Bebedouro,SEM FOTO,DUGOLD A02437701 TRANSMISSAO SIMILA LT10B/LTD11/LAC11/LTC10 S RETEN 100243615
1597,055375,ESCOVA DE CARVAO P ESM BOSCH 701 METABOEW-115 C198G,C198G,CARBOMPEÇA,4.0,Ferramentas / Instrumentos,SEM FOTO,CARBOMPEÇA C198G ESCOVA DE CARVAO P ESM BOSCH 701 METABOEW-115 C198G
1598,055391,ESCOVA DE CARVAO P SERRA MARMORE MAKIT 4100NH/NHK 9227 C188G,C188G,CARBOMPEÇA,4.0,Ferramentas / Instrumentos,SEM FOTO,CARBOMPEÇA C188G ESCOVA DE CARVAO P SERRA MARMORE MAKIT 4100NH/NHK 9227 C188G
1599,055393,ESCOVA DE CARVAO P FUR MAKITA 6404/5 CB-70 C184G,C184G,CARBOMPEÇA,4.0,Ferramentas / Instrumentos,SEM FOTO,CARBOMPEÇA C184G ESCOVA DE CARVAO P FUR MAKITA 6404/5 CB-70 C184G
1600,055395,ESCOVA DE CARVAO P ESM MAKITA 9554/57 C282G,C282G,CARBOMPEÇA,4.0,Ferramentas / Instrumentos,SEM FOTO,CARBOMPEÇA C282G ESCOVA DE CARVAO P ESM MAKITA 9554/57 C282G
1601,055403,ESCOVA DE CARVAO P SERRA MARMORE DW 861 C224G,C224G,CARBOMPEÇA,4.0,Ferramentas / Instrumentos,SEM FOTO,CARBOMPEÇA C224G ESCOVA DE CARVAO P SERRA MARMORE DW 861 C224G
1602,055406,ESCOVA DE CARVAO P FUR BED BW 10-502/KR510/500 C265G,C265G,CARBOMPEÇA,4.0,Ferramentas / Instrumentos,SEM FOTO,CARBOMPEÇA C265G ESCOVA DE CARVAO P FUR BED BW 10-502/KR510/500 C265G
1603,055409,ESCOVA DE CARVAO P FUR BED KR505 C399G,C399G,CARBOMPEÇA,4.0,Ferramentas / Instrumentos,SEM FOTO,CARBOMPEÇA C399G ESCOVA DE CARVAO P FUR BED KR505 C399G
1604,055410,PARAFUSO ALLEN SEXT P SERRA MARMORE BOSCH / MAKITA 18408,18408,CARBOMPEÇA,4.0,Ferramentas / Instrumentos,SEM FOTO,CARBOMPEÇA 18408 PARAFUSO ALLEN SEXT P SERRA MARMORE BOSCH / MAKITA 18408
1605,055431,SERRA COPO BI-METALICA 40MM - 1.9/6 CORTAG,61203,CORTAG,4.0,Ferramentas / Instrumentos,SEM FOTO,CORTAG 61203 SERRA COPO BI-METALICA 40MM - 1.9/6 CORTAG
1606,055835,PROTETOR RAIO SUPER 127V PW,211,PW,4.0,Refrigeração / Componentes,SEM FOTO,PW 211 PROTETOR RAIO SUPER 127V PW
1607,055867,JOGO DE BROCA B+D 27 PECAS BLACK + DECKER,A7235-XJ,BLACK & DECKER,4.0,Ferramentas / Instrumentos,SEM FOTO,BLACK & DECKER A7235-XJ JOGO DE BROCA B+D 27 PECAS BLACK + DECKER
1608,055919,JOGO DE TRINCO MAC TRIMAC,TMJ-MAC,TRIMAC,4.0,Ferramentas / Instrumentos,SEM FOTO,TRIMAC TMJ-MAC JOGO DE TRINCO MAC TRIMAC
1609,055966,BOTAO DE EMERGENCIA VERMELHO COM TRAVA E CHAVE CNC-ES142,LAY5-ES142,CNC,4.0,Ferramentas / Instrumentos,SEM FOTO,CNC LAY5-ES142 BOTAO DE EMERGENCIA VERMELHO COM TRAVA E CHAVE CNC-ES142
1610,055969,BOTAO DE COMANDO DE PULSO VERDE CNC-EA31,LAY5-EA31,CNC,4.0,Elétrica / Comandos,SEM FOTO,CNC LAY5-EA31 BOTAO DE COMANDO DE PULSO VERDE CNC-EA31
1611,055985,CONTATOR 80A NC1-8011 220V 50/60HZ - CHINT REF: 222931,222931,CHINT,4.0,Elétrica / Comandos,SEM FOTO,CHINT 222931 CONTATOR 80A NC1-8011 220V 50/60HZ - CHINT REF: 222931
1612,055999,DISJUNTOR DIN MONO 1P 50A 3KA CHINT,186222,CHINT,4.0,Elétrica / Comandos,SEM FOTO,CHINT 186222 DISJUNTOR DIN MONO 1P 50A 3KA CHINT
1613,056195,INTERRUPTOR 1 T SIMPLES + TOMADA 20A C CX PADRAO ENERBRAS,399-ESN/CP,ENERBRAS,4.0,Elétrica / Comandos,SEM FOTO,ENERBRAS 399-ESN/CP INTERRUPTOR 1 T SIMPLES + TOMADA 20A C CX PADRAO ENERBRAS
1614,056221,MODULO TOMADA VERMELHA 2P+T 20A ENERBRAS 729-ENVM,729-ENVM,ENERBRAS,4.0,Elétrica / Comandos,SEM FOTO,ENERBRAS 729-ENVM MODULO TOMADA VERMELHA 2P+T 20A ENERBRAS 729-ENVM
1615,056233,RELE FOTOCONTROLADOR ELETRONIC 10A BIVOLT ENERBRAS 1507-E,1507-E,ENERBRAS,4.0,Elétrica / Comandos,SEM FOTO,ENERBRAS 1507-E RELE FOTOCONTROLADOR ELETRONIC 10A BIVOLT ENERBRAS 1507-E
1616,056261,RETENTOR DO TANQUE ELECTRUX LM10/LAC11 ALADO,7191205,ALADO,4.0,Peças para Lavadora e Bebedouro,SEM FOTO,ALADO 7191205 RETENTOR DO TANQUE ELECTRUX LM10/LAC11 ALADO
1617,056265,SACA ROLAMENTO 6201 UNIVERSAL SAMATEC,B954292,SAMATEC,4.0,Ferramentas / Instrumentos,SEM FOTO,SAMATEC B954292 SACA ROLAMENTO 6201 UNIVERSAL SAMATEC
1618,056274,CHAVE BIELA 12 GEDORE RED,R01800012,GEDORE,4.0,Ferramentas / Instrumentos,SEM FOTO,GEDORE R01800012 CHAVE BIELA 12 GEDORE RED
1619,056292,PISTAO EA52PJ052 ORIFIC 0.052 VALVULA DE EXPANSAO 60000BTUS,77128701,TOTALINE,4.0,Peças para Lavadora e Bebedouro,SEM FOTO,TOTALINE 77128701 PISTAO EA52PJ052 ORIFIC 0.052 VALVULA DE EXPANSAO 60000BTUS
1620,056412,SUPORTE P TV INCLINAVE 10 A 85 POL SBRUB910 BRASFORMA,SBRUB910,BRASFORMA,4.0,Instalação de Ar-Condicionado,SEM FOTO,BRASFORMA SBRUB910 SUPORTE P TV INCLINAVE 10 A 85 POL SBRUB910 BRASFORMA
1621,056422,PRESSOSTATO 4 NIVEIS LAV ELECTROLUX LTE12 ICO 41026566,64502854,ELECTROLUX,4.0,Automação / Temporizadores,SEM FOTO,ELECTROLUX 64502854 PRESSOSTATO 4 NIVEIS LAV ELECTROLUX LTE12 ICO 41026566
1622,056477,PLACA ESPELHO 2X4 2 MODULOS DISTANCIADOS ENERBRAS 1711-E7,1711-E7,ENERBRAS,4.0,Elétrica / Comandos,SEM FOTO,ENERBRAS 1711-E7 PLACA ESPELHO 2X4 2 MODULOS DISTANCIADOS ENERBRAS 1711-E7
1623,056585,LAMPADA LED BULBO 15W 6500K,583,TRIAL,4.0,Iluminação,SEM FOTO,TRIAL 583 LAMPADA LED BULBO 15W 6500K
1624,056642,DISJUNTOR DIN TRIF 3P 40A 3KA ENERBRAS,DT3-E3C40,ENERBRAS,4.0,Elétrica / Comandos,SEM FOTO,ENERBRAS DT3-E3C40 DISJUNTOR DIN TRIF 3P 40A 3KA ENERBRAS
1625,056643,DISJUNTOR DIN TRIF 3P 50A 3KA ENERBRAS,DT3-E3C50,ENERBRAS,4.0,Elétrica / Comandos,SEM FOTO,ENERBRAS DT3-E3C50 DISJUNTOR DIN TRIF 3P 50A 3KA ENERBRAS
1626,056820,LAMPADA LED BULBO 15W BIVOLT 6500K ELGIN,48BLED2F15YU,ELGIN,4.0,Iluminação,SEM FOTO,ELGIN 48BLED2F15YU LAMPADA LED BULBO 15W BIVOLT 6500K ELGIN
1627,056869,"SIFAO 1.5/8 X 1,40MM HULTER",1522,HULTER,4.0,Hidráulica,SEM FOTO,"HULTER 1522 SIFAO 1.5/8 X 1,40MM HULTER"
1628,056895,REGULADOR DE GAS BAIXA PRESSAO 506 09 - ALIANCA,506/09,ALIANCA,4.0,Gases Refrigerantes,SEM FOTO,ALIANCA 506/09 REGULADOR DE GAS BAIXA PRESSAO 506 09 - ALIANCA
1629,056934,DETECTOR DE TENSAO / BOTAO LIGA-DESLIGA MINIPA EZ ALERT PRO,EZ ALERT PRO,MINIPA,4.0,Ferramentas / Instrumentos,SEM FOTO,MINIPA EZ ALERT PRO DETECTOR DE TENSAO / BOTAO LIGA-DESLIGA MINIPA EZ ALERT PRO
1630,056976,INTERRUPITOR BIVOLT WI-FI ML LIV SE235 MULTILASER,SE235,MULTILASER,4.0,Outros,SEM FOTO,MULTILASER SE235 INTERRUPITOR BIVOLT WI-FI ML LIV SE235 MULTILASER
1631,057073,CABO DE DADOS LIGHTING 8 PINOS PARA IPHONE MULTILASER,WI256,MULTILASER,4.0,Eletrônicos / Informática,SEM FOTO,MULTILASER WI256 CABO DE DADOS LIGHTING 8 PINOS PARA IPHONE MULTILASER
1632,057132,BOCAL E27 TOMADA TRIAL,BT-E27,TRIAL,4.0,Iluminação,SEM FOTO,TRIAL BT-E27 BOCAL E27 TOMADA TRIAL
1633,057227,CAMERA EZVIZ CS-C1C-D0-1D2WFR/CKD (WI-FI),CS-C1C-D0-1D2WFR/CKD,EZVIZ,4.0,Eletrônicos / Informática,SEM FOTO,EZVIZ CS-C1C-D0-1D2WFR/CKD CAMERA EZVIZ CS-C1C-D0-1D2WFR/CKD (WI-FI)
1634,057288,BROCA AR HAMMER PLUS 4X125MM,7898181495219,BOMCORTE,4.0,Ferramentas / Instrumentos,SEM FOTO,BOMCORTE 7898181495219 BROCA AR HAMMER PLUS 4X125MM
1635,057314,"ADAPTADOR MANGUEIRA 3/4"" RED 1/2"" - TRAMONTINA",78502/000,TRAMONTINA,4.0,Instalação de Ar-Condicionado,SEM FOTO,"TRAMONTINA 78502/000 ADAPTADOR MANGUEIRA 3/4"" RED 1/2"" - TRAMONTINA"
1636,057350,ABRACADEIRA ZIN TIP D C/ CUN 1.1/4,7893537017954,INCA,4.0,Fixação e Acessórios,SEM FOTO,INCA 7893537017954 ABRACADEIRA ZIN TIP D C/ CUN 1.1/4
1637,057357,ABRACADEIRA ZIN TIP D C/ CUN 4,7893537018012,INCA,4.0,Fixação e Acessórios,SEM FOTO,INCA 7893537018012 ABRACADEIRA ZIN TIP D C/ CUN 4
1638,057454,CONDULETE METALICO NAO ROSCADO 1/2 - MODELO LR,7893537012355,INCA,4.0,Elétrica / Comandos,SEM FOTO,INCA 7893537012355 CONDULETE METALICO NAO ROSCADO 1/2 - MODELO LR
1639,057461,CONDULETE METALICO NAO ROSCADO 3/4 - MODELO LR,7893537012423,INCA,4.0,Elétrica / Comandos,SEM FOTO,INCA 7893537012423 CONDULETE METALICO NAO ROSCADO 3/4 - MODELO LR
1640,057466,CONDULETE METALICO NAO ROSCADO 1 - MODELO E,7893537012478,INCA,4.0,Elétrica / Comandos,SEM FOTO,INCA 7893537012478 CONDULETE METALICO NAO ROSCADO 1 - MODELO E
1641,057483,CONDULETE METALICO MULTIPLO 1/2 3/4,7893537014199,INCA,4.0,Elétrica / Comandos,SEM FOTO,INCA 7893537014199 CONDULETE METALICO MULTIPLO 1/2 3/4
1642,057492,FITA DE LED FLEXIVEL KAP-5050 RGB COLORIDO 5MT,KAP-5050,KAPBOM,4.0,Iluminação,SEM FOTO,KAPBOM KAP-5050 FITA DE LED FLEXIVEL KAP-5050 RGB COLORIDO 5MT
1643,057519,FLANGEADOR SPIN 5/8 HEX (F1058) - BLISTER,F1058,MIGRARE,4.0,Ferramentas / Instrumentos,SEM FOTO,MIGRARE F1058 FLANGEADOR SPIN 5/8 HEX (F1058) - BLISTER
1644,057542,ANTI MOFO PW MINI 127V,451,PW,4.0,Outros,SEM FOTO,PW 451 ANTI MOFO PW MINI 127V
1645,057567,FITA DE LED NEON FLEXIVEL12V 5M LARANJA,448,LECTRON,4.0,Iluminação,SEM FOTO,LECTRON 448 FITA DE LED NEON FLEXIVEL12V 5M LARANJA
1646,057783,CAIXA DE FERRAMENTAS GEDORE RED R20600173,R20600173,GEDORE,4.0,Elétrica / Comandos,SEM FOTO,GEDORE R20600173 CAIXA DE FERRAMENTAS GEDORE RED R20600173
1647,057790,ALICATE DESENCAPADOR DE FIOS VDE 8098-160 H,091892,GEDORE,4.0,Ferramentas / Instrumentos,SEM FOTO,GEDORE 091892 ALICATE DESENCAPADOR DE FIOS VDE 8098-160 H
1648,057797,"CHAVE DE FENDA SIMPLES OC:242 VDE 2170-6,5",091811,GEDORE,4.0,Ferramentas / Instrumentos,SEM FOTO,"GEDORE 091811 CHAVE DE FENDA SIMPLES OC:242 VDE 2170-6,5"
1649,057798,CHAVE DE FENDA SIMPLES OC:242 VDE 2170-8,091812,GEDORE,4.0,Ferramentas / Instrumentos,SEM FOTO,GEDORE 091812 CHAVE DE FENDA SIMPLES OC:242 VDE 2170-8
1650,057799,CHAVE DE FENDA SIMPLES OC:242 VDE 2170-10,091891,GEDORE,4.0,Ferramentas / Instrumentos,SEM FOTO,GEDORE 091891 CHAVE DE FENDA SIMPLES OC:242 VDE 2170-10
1651,057800,CHAVE DE FENDA CRUZADA OC:242 VDE 2160 PH0,091797,GEDORE,4.0,Ferramentas / Instrumentos,SEM FOTO,GEDORE 091797 CHAVE DE FENDA CRUZADA OC:242 VDE 2160 PH0
1652,057881,LUMINARIA SOBREPOR QUADRADA PRETA FLAT LED 24W AUTOVOLT 6500,LLSQP624F,LUMANTI,4.0,Iluminação,SEM FOTO,LUMANTI LLSQP624F LUMINARIA SOBREPOR QUADRADA PRETA FLAT LED 24W AUTOVOLT 6500
1653,057882,LUMINARIA EMBUTIR QUADRADA BRANCA FLAT LED 06W AUTOVOLT 6500,LLEQ606F,LUMANTI,4.0,Iluminação,SEM FOTO,LUMANTI LLEQ606F LUMINARIA EMBUTIR QUADRADA BRANCA FLAT LED 06W AUTOVOLT 6500
1654,057891,LUMINARIA SOBREPOR REDONDA BRANCA FLAT LED 24W AUTOVOLT 6500,LLSR624F,LUMANTI,4.0,Iluminação,SEM FOTO,LUMANTI LLSR624F LUMINARIA SOBREPOR REDONDA BRANCA FLAT LED 24W AUTOVOLT 6500
1655,057957,SERRA MARMORE 125MM,4100NH2Z-127V,MAKITA,4.0,Ferramentas / Instrumentos,SEM FOTO,MAKITA 4100NH2Z-127V SERRA MARMORE 125MM
1656,057970,MARTELETE ROTATIVO ROMPEDOR A BAT 12VMAX,HR166DWAX1,MAKITA,4.0,Ferramentas / Instrumentos,SEM FOTO,MAKITA HR166DWAX1 MARTELETE ROTATIVO ROMPEDOR A BAT 12VMAX
1657,057975,FURADEIRA DE IMPACTO 16MM (5/8POL),M0801B-127V,MAKITA,4.0,Ferramentas / Instrumentos,SEM FOTO,MAKITA M0801B-127V FURADEIRA DE IMPACTO 16MM (5/8POL)
1658,057976,FURADEIRA DE ALTA ROTACAO 6.5MM,M6501B-127V,MAKITA,4.0,Ferramentas / Instrumentos,SEM FOTO,MAKITA M6501B-127V FURADEIRA DE ALTA ROTACAO 6.5MM
1659,057996,INTERRUPTOR SMART WIFI TOUCH 1 TECLA BRANCO EWS 1001,EWS 1001,INTELBRAS,4.0,Elétrica / Comandos,SEM FOTO,INTELBRAS EWS 1001 INTERRUPTOR SMART WIFI TOUCH 1 TECLA BRANCO EWS 1001
1660,058003,SIRENE SMART ISI 1001,ISI 1001,INTELBRAS,4.0,Elétrica / Comandos,SEM FOTO,INTELBRAS ISI 1001 SIRENE SMART ISI 1001
1661,058007,SENSOR DE TEMPERATURA S/ FIO AST3001 INTELBRAS - 78966376988,AST 3001,INTELBRAS,4.0,Elétrica / Comandos,SEM FOTO,INTELBRAS AST 3001 SENSOR DE TEMPERATURA S/ FIO AST3001 INTELBRAS - 78966376988
1662,058155,TRILHO SOBREPOR ELETRIFICADO 1 METRO PRETO COM CAVA,T100P,LUMANTI,4.0,Elétrica / Comandos,SEM FOTO,LUMANTI T100P TRILHO SOBREPOR ELETRIFICADO 1 METRO PRETO COM CAVA
1663,058215,ESPETO GARDEN LED 6W 6500K CORPO PRETO AUTOVOLT,EG66,LUMANTI,4.0,Iluminação,SEM FOTO,LUMANTI EG66 ESPETO GARDEN LED 6W 6500K CORPO PRETO AUTOVOLT
1664,058363,ABRACADEIRA DE NYLON 7 5X370MM PRETO PCT C 50 UN,A75-E370P/10,ENERBRAS,4.0,Fixação e Acessórios,SEM FOTO,ENERBRAS A75-E370P/10 ABRACADEIRA DE NYLON 7 5X370MM PRETO PCT C 50 UN
1665,058881,CHAVE L TORX C/ GUIA T25 C.V,99BR.060.004,UNIFORT,4.0,Ferramentas / Instrumentos,SEM FOTO,UNIFORT 99BR.060.004 CHAVE L TORX C/ GUIA T25 C.V
1666,058994,EXAUSTOR DE BANHEIRO 150 MM VENTI-DELTA,80-1800,VENTI DELTA,4.0,Refrigeração / Componentes,SEM FOTO,VENTI DELTA 80-1800 EXAUSTOR DE BANHEIRO 150 MM VENTI-DELTA
1667,059047,FILTRO DE AGUA PROTECTION LACRADO - CZ + 7,24010054,IBBL,4.0,Filtros e Purificadores de Água,SEM FOTO,IBBL 24010054 FILTRO DE AGUA PROTECTION LACRADO - CZ + 7
1668,059052,ST-2 TERMOMETRO DIGITAL (-50 a 70oC) LEITURA INTERNA E EXTER,3041,ELITECH,4.0,Ferramentas / Instrumentos,SEM FOTO,ELITECH 3041 ST-2 TERMOMETRO DIGITAL (-50 a 70oC) LEITURA INTERNA E EXTER
1669,059086,PLACA ELETR POTENCIA COMPATIVEL LTE09 70202145- 70294515 BIV,72628310000,EMICOL,4.0,Refrigeração / Componentes,SEM FOTO,EMICOL 72628310000 PLACA ELETR POTENCIA COMPATIVEL LTE09 70202145- 70294515 BIV
1670,059089,PLACA ELETR POT CONTR DIGITAL COMPAT LTC10 A99035152 BIV,72630310000,EMICOL,4.0,Refrigeração / Componentes,SEM FOTO,EMICOL 72630310000 PLACA ELETR POT CONTR DIGITAL COMPAT LTC10 A99035152 BIV
1671,059113,PLACA ELETR POT COMP LPR13/LPR14/LPR16/LPR17/LAC16/LAP16 BIV,72639810000,EMICOL,4.0,Refrigeração / Componentes,SEM FOTO,EMICOL 72639810000 PLACA ELETR POT COMP LPR13/LPR14/LPR16/LPR17/LAC16/LAP16 BIV
1672,059122,VALVULA TRIPLA COMPATIVEL C LAVAD BRASTEMPE BWG11 W10408280,97694210000,EMICOL,4.0,Peças para Lavadora e Bebedouro,SEM FOTO,EMICOL 97694210000 VALVULA TRIPLA COMPATIVEL C LAVAD BRASTEMPE BWG11 W10408280
1673,059191,CONTROLADOR FULL GAUGE TEMPERATURA TIC-17RGTI  115/230V,TIC-17,FULL GAUGE,4.0,Automação / Temporizadores,SEM FOTO,FULL GAUGE TIC-17 CONTROLADOR FULL GAUGE TEMPERATURA TIC-17RGTI 115/230V
1674,059261,M10i WIFI DETECTOR DE QUALIDADE DE AR DE PARTICULAS,1035,ELITECH,4.0,Ferramentas / Instrumentos,SEM FOTO,ELITECH 1035 M10i WIFI DETECTOR DE QUALIDADE DE AR DE PARTICULAS
1675,059262,P20 TEMTOP DETECTOR DE QUALIDADE DE AR DE TEMPERATURA E UMID,1046,ELITECH,4.0,Ferramentas / Instrumentos,SEM FOTO,ELITECH 1046 P20 TEMTOP DETECTOR DE QUALIDADE DE AR DE TEMPERATURA E UMID
1676,059265,PG-30 PRO BLUE- Manometro digital 500 PSI 87 GASES,6016,ELITECH,4.0,Ferramentas / Instrumentos,SEM FOTO,ELITECH 6016 PG-30 PRO BLUE- Manometro digital 500 PSI 87 GASES
1677,059333,SENSOR TAMPA MAGNETICA LAVADORA BWK11AB/BWB11AB REED SWITCH,W10355594,WHIRLPOOL,4.0,Peças para Lavadora e Bebedouro,SEM FOTO,WHIRLPOOL W10355594 SENSOR TAMPA MAGNETICA LAVADORA BWK11AB/BWB11AB REED SWITCH
1678,059397,DISJUNTOR DIN NXB TRIPOLAR 3P C80A 3KA,858.0,CHINT,4.0,Elétrica / Comandos,SEM FOTO,CHINT 858.0 DISJUNTOR DIN NXB TRIPOLAR 3P C80A 3KA
1679,059554,REFIL CARBON BLOCK 7 POL C/ROSCA C/TNT OC: PRODUTO DESTINADO,1029,PLANETA AGUA,4.0,Filtros e Purificadores de Água,SEM FOTO,PLANETA AGUA 1029 REFIL CARBON BLOCK 7 POL C/ROSCA C/TNT OC: PRODUTO DESTINADO
1680,059666,PARAFUSADEIRA/FURADEIRA DE IMPACTO 10MM (3/8POL) MAKITA,HP330DWEX3,MAKITA,4.0,Ferramentas / Instrumentos,SEM FOTO,MAKITA HP330DWEX3 PARAFUSADEIRA/FURADEIRA DE IMPACTO 10MM (3/8POL) MAKITA
1681,059733,"BOLSA PARA FERRAMENTAS 20"" 500MM COM BOLSOS IRWIN",IWST93170-LA,IRWIN,4.0,Outros,SEM FOTO,"IRWIN IWST93170-LA BOLSA PARA FERRAMENTAS 20"" 500MM COM BOLSOS IRWIN"
1682,059737,CAIXA PARA FERRAMENTA 19 POL TR AVA METAL IRWIN,IWST19013-LA,IRWIN,4.0,Elétrica / Comandos,SEM FOTO,IRWIN IWST19013-LA CAIXA PARA FERRAMENTA 19 POL TR AVA METAL IRWIN
1683,059751,"MALA STANDEDARD 20""  IRWIN",1868232,IRWIN,4.0,Ferramentas / Instrumentos,SEM FOTO,"IRWIN 1868232 MALA STANDEDARD 20"" IRWIN"
1684,059769,"CAPACITOR DUPLO CBB65, 55UF + 2.5UF X 400VAC TONGFENG",05706087,TONGFENG,4.0,Capacitores,SEM FOTO,"TONGFENG 05706087 CAPACITOR DUPLO CBB65, 55UF + 2.5UF X 400VAC TONGFENG"
1685,059895,VALVULA EXPANSAO TERMOST P R134A EQUALIZACAO EXTER ELGIN,45TVEN200000,ELGIN,4.0,Gases Refrigerantes,SEM FOTO,ELGIN 45TVEN200000 VALVULA EXPANSAO TERMOST P R134A EQUALIZACAO EXTER ELGIN
1686,060124,ECS-961NEO CONTROLADOR DIGITAL TEMPERATURA - 110V,1009,ELITECH,4.0,Automação / Temporizadores,SEM FOTO,ELITECH 1009 ECS-961NEO CONTROLADOR DIGITAL TEMPERATURA - 110V
1687,060158,MOTOR VENT. AXIAL300MM 1F 220V EXAUSTOR,45CF300EXCCE,ELGIN,4.0,Refrigeração / Componentes,SEM FOTO,ELGIN 45CF300EXCCE MOTOR VENT. AXIAL300MM 1F 220V EXAUSTOR
1688,060167,COMPRESSOR ELGIN 7/8HP 220V 1F R-404A 50 60HZ,45ECP4140ECI,ELGIN,4.0,Gases Refrigerantes,SEM FOTO,ELGIN 45ECP4140ECI COMPRESSOR ELGIN 7/8HP 220V 1F R-404A 50 60HZ
1689,060204,"VALVULA SOLENOID MDF20 1.1/8"" SOLDA MDF-A03-20H004 SANHUA",MDF-A03-20H004,SANHUA,4.0,Químicos / Solda e Limpeza,SEM FOTO,"SANHUA MDF-A03-20H004 VALVULA SOLENOID MDF20 1.1/8"" SOLDA MDF-A03-20H004 SANHUA"
1690,060228,GAS R404A 650G  HFC LATA VIX,5507,VIX,4.0,Gases Refrigerantes,SEM FOTO,VIX 5507 GAS R404A 650G HFC LATA VIX
1691,060247,OLEO BOMBA DE VACUO ISO VG46 1 LT,VG46,FRIVEN,4.0,Químicos / Solda e Limpeza,SEM FOTO,FRIVEN VG46 OLEO BOMBA DE VACUO ISO VG46 1 LT
1692,060257,LAMPADA BULBO LED 9W BIVOLT 6500K TRAMONTINA,58020/287,TRAMONTINA,4.0,Iluminação,SEM FOTO,TRAMONTINA 58020/287 LAMPADA BULBO LED 9W BIVOLT 6500K TRAMONTINA
1693,060284,FITA ISOLANTE PRETA 19MM X 20M OK BRAS,100058,OK BRASIL,4.0,Instalação de Ar-Condicionado,SEM FOTO,OK BRASIL 100058 FITA ISOLANTE PRETA 19MM X 20M OK BRAS
1694,060310,PILHA PALITO CARTELA COM 4PCS BT-AAA-4B DATACEL,BT-AAA-4B,DATACEL,4.0,Eletrônicos / Informática,SEM FOTO,DATACEL BT-AAA-4B PILHA PALITO CARTELA COM 4PCS BT-AAA-4B DATACEL
1695,060315,"PISTAO ORIFICIO 0,061 MM COMPATIVEL ( EA52PJ061 )",IC123,DE PLASTIC,4.0,Peças para Lavadora e Bebedouro,SEM FOTO,"DE PLASTIC IC123 PISTAO ORIFICIO 0,061 MM COMPATIVEL ( EA52PJ061 )"
1696,060316,"PISTAO ORIFICIO 0,068 MM COMPATIVEL ( EA52PJ068 )",IC124,DE PLASTIC,4.0,Peças para Lavadora e Bebedouro,SEM FOTO,"DE PLASTIC IC124 PISTAO ORIFICIO 0,068 MM COMPATIVEL ( EA52PJ068 )"
1697,060348,BOMBA DRENO EVAP. 110-240V 50/60HZ ATE 30.000 BTU S 20L/H -,47506,NUCLEO DO FRIO,4.0,Instalação de Ar-Condicionado,SEM FOTO,NUCLEO DO FRIO 47506 BOMBA DRENO EVAP. 110-240V 50/60HZ ATE 30.000 BTU S 20L/H -
1698,060356,OLEO SESIL FATOR 175PZ 1 LT,0005.2,SESIL,4.0,Químicos / Solda e Limpeza,SEM FOTO,SESIL 0005.2 OLEO SESIL FATOR 175PZ 1 LT
1699,060382,"ADAPTADOR MULTIPORTAS 3/8""M  X 3/8""M X 3/8""F",80150.236,SURYHA,4.0,Outros,SEM FOTO,"SURYHA 80150.236 ADAPTADOR MULTIPORTAS 3/8""M X 3/8""M X 3/8""F"
1700,060399,"UNIAO FLANGEADA DE LATAO 1/2""",80170.012,SURYHA,4.0,Instalação de Ar-Condicionado,SEM FOTO,"SURYHA 80170.012 UNIAO FLANGEADA DE LATAO 1/2"""
1701,060481,CILINDRO DESCARTAVEL OXIGENIO 136GR GAS0011,02000008450,OXYGEN,4.0,Outros,SEM FOTO,OXYGEN 02000008450 CILINDRO DESCARTAVEL OXIGENIO 136GR GAS0011
1702,060487,BOMBA DE VACUO DUPLO ESTAGIO 7CFM - GALLANT BIVOLT MANUAL (G,R40011360103001001,GALLANT,4.0,Ferramentas / Instrumentos,SEM FOTO,GALLANT R40011360103001001 BOMBA DE VACUO DUPLO ESTAGIO 7CFM - GALLANT BIVOLT MANUAL (G
1703,060494,REBARBADOR TIPO CANETA PARA TUBOS  DE COBRE,80150.118,SURYHA,4.0,Instalação de Ar-Condicionado,SEM FOTO,SURYHA 80150.118 REBARBADOR TIPO CANETA PARA TUBOS DE COBRE
1704,060495,ALICATE DE LACRE ESFERICO,80150.044,SURYHA,4.0,Ferramentas / Instrumentos,SEM FOTO,SURYHA 80150.044 ALICATE DE LACRE ESFERICO
1705,060531,BROCA SDS PLUS 300 X 10.00 MM,IW13101,IRWIN,4.0,Ferramentas / Instrumentos,SEM FOTO,IRWIN IW13101 BROCA SDS PLUS 300 X 10.00 MM
1706,060535,SACO P/ LIMPEZA SPLIT EVAPORADOR AR 12K A 18K BTUS FRI,3192,SPAZIO,4.0,Refrigeração / Componentes,SEM FOTO,SPAZIO 3192 SACO P/ LIMPEZA SPLIT EVAPORADOR AR 12K A 18K BTUS FRI
1707,058749,"SOLDA FOSCOPER BR-FOS 3 DIAM. 2,40 X 460 MM",009,BRASIL SOLDAS METAL NOBRE,3.53500000000012,Químicos / Solda e Limpeza,SEM FOTO,"BRASIL SOLDAS METAL NOBRE 009 SOLDA FOSCOPER BR-FOS 3 DIAM. 2,40 X 460 MM"
1708,057677,CABO FLEX 6.00MM METRO VERDE,RPY CB 6V,RPY TECHNOLOGIES,3.5,Elétrica / Comandos,SEM FOTO,RPY TECHNOLOGIES RPY CB 6V CABO FLEX 6.00MM METRO VERDE
1709,059752,BORRACHA PARA PORTA DE CAMARA FRIA (TIPO E) ESPONJSA,BESESTIPOE,WINNER,3.5,Refrigeração / Componentes,SEM FOTO,WINNER BESESTIPOE BORRACHA PARA PORTA DE CAMARA FRIA (TIPO E) ESPONJSA
1710,053991,MANGUEIRA CRISTAL 3/4X2MM METRO,302020370,AFA PLASTICOS,3.1,Instalação de Ar-Condicionado,SEM FOTO,AFA PLASTICOS 302020370 MANGUEIRA CRISTAL 3/4X2MM METRO
1711,003501,CHAVE DE FENDA SIMPLES 1/4X8 GEDORE,36120,GEDORE,3.0,Ferramentas / Instrumentos,SEM FOTO,GEDORE 36120 CHAVE DE FENDA SIMPLES 1/4X8 GEDORE
1712,003511,CHAVE PHILIPS 3/16X4 GEDORE,36310,GEDORE,3.0,Ferramentas / Instrumentos,SEM FOTO,GEDORE 36310 CHAVE PHILIPS 3/16X4 GEDORE
1713,051955,TERMOMETRO DIGITAL FG C/5 SENSENSOR -50+105 PENTA REF. 04261,04261,FULL GAUGE,3.0,Ferramentas / Instrumentos,SEM FOTO,FULL GAUGE 04261 TERMOMETRO DIGITAL FG C/5 SENSENSOR -50+105 PENTA REF. 04261
1714,051961,GABINETE SOBREPOR P CONTROLADOR C CHAVES FULL GAUGE,3523,FULL GAUGE,3.0,Ferramentas / Instrumentos,SEM FOTO,FULL GAUGE 3523 GABINETE SOBREPOR P CONTROLADOR C CHAVES FULL GAUGE
1715,051964,ORIFICIO VALVULA EXPASSAO DANFOS N6 TF2 3.0 TX2 4.5 TY2 3.0,C1830,DANFOS,3.0,Refrigeração / Componentes,SEM FOTO,DANFOS C1830 ORIFICIO VALVULA EXPASSAO DANFOS N6 TF2 3.0 TX2 4.5 TY2 3.0
1716,052486,SENSOR DE DEGELO 10K PARA A/C FACON,B25/50-10,FACON,3.0,Refrigeração / Componentes,SEM FOTO,FACON B25/50-10 SENSOR DE DEGELO 10K PARA A/C FACON
1717,052823,PILHA P ALARME E CONTROLE DE PORTAO 23A 12V KP-23A KNUP,KP-23A,KNUP,3.0,Eletrônicos / Informática,SEM FOTO,KNUP KP-23A PILHA P ALARME E CONTROLE DE PORTAO 23A 12V KP-23A KNUP
1718,052998,SACA AGITADOR ELECTROLUX LTE12 / LTC12 SAMATEC,B952266,SAMATEC,3.0,Ferramentas / Instrumentos,SEM FOTO,SAMATEC B952266 SACA AGITADOR ELECTROLUX LTE12 / LTC12 SAMATEC
1719,053010,SACA CINTA ELECTROLUX LM06 / LM08,B917812,SAMATEC,3.0,Ferramentas / Instrumentos,SEM FOTO,SAMATEC B917812 SACA CINTA ELECTROLUX LM06 / LM08
1720,053190,REDE ELECTROLUX C SENSOR DEGELO DF80/DFI80 41003635,70294643,ELECTROLUX,3.0,Refrigeração / Componentes,SEM FOTO,ELECTROLUX 70294643 REDE ELECTROLUX C SENSOR DEGELO DF80/DFI80 41003635
1721,053242,PAINEL DECORATIVO COMPATIVEL LAVADORA BWT09B 9 KG CP963,CP963,CP PLACAS,3.0,Peças para Lavadora e Bebedouro,SEM FOTO,CP PLACAS CP963 PAINEL DECORATIVO COMPATIVEL LAVADORA BWT09B 9 KG CP963
1722,053442,HELICE PLASTICO REFRIG GE/CONTINENTAL/BOSCH,B950457,SAMATEC,3.0,Refrigeração / Componentes,SEM FOTO,SAMATEC B950457 HELICE PLASTICO REFRIG GE/CONTINENTAL/BOSCH
1723,053470,BOTINA AMA 3 G NOBUCK CAFE 40 S BICO BI TP092 CARTON,003958,CARTON,3.0,EPI / Segurança,SEM FOTO,CARTON 003958 BOTINA AMA 3 G NOBUCK CAFE 40 S BICO BI TP092 CARTON
1724,053535,CHAVE DE FENDA SIMPLES 1/8X4  GEDORE,36020,GEDORE,3.0,Ferramentas / Instrumentos,SEM FOTO,GEDORE 36020 CHAVE DE FENDA SIMPLES 1/8X4 GEDORE
1725,053536,CHAVE PHILIPS 1/8X5  GEDORE,36280,GEDORE,3.0,Ferramentas / Instrumentos,SEM FOTO,GEDORE 36280 CHAVE PHILIPS 1/8X5 GEDORE
1726,053554,CHAVE BIELA 19 ROBUST,064010,GEDORE,3.0,Ferramentas / Instrumentos,SEM FOTO,GEDORE 064010 CHAVE BIELA 19 ROBUST
1727,053557,MICRO MOTOR 1/40 BIVOLT DUGOLD,MD11,DUGOLD,3.0,Refrigeração / Componentes,SEM FOTO,DUGOLD MD11 MICRO MOTOR 1/40 BIVOLT DUGOLD
1728,053606,EIXO DA TRANSMISSAO LM06 ELECTROLUX 51041813 - ALADO,7121106,ALADO,3.0,Peças para Lavadora e Bebedouro,SEM FOTO,ALADO 7121106 EIXO DA TRANSMISSAO LM06 ELECTROLUX 51041813 - ALADO
1729,053863,ATUADOR DE FREIO LEILI LAVADORA ELECTROLUX 127V A07859001,64500825,ELECTROLUX,3.0,Peças para Lavadora e Bebedouro,SEM FOTO,ELECTROLUX 64500825 ATUADOR DE FREIO LEILI LAVADORA ELECTROLUX 127V A07859001
1730,053977,CONJ MECAN CONS/BRAS E CURTO BWC10/BWL07/BWL9 W11300675,7112103,ALADO,3.0,Peças para Lavadora e Bebedouro,SEM FOTO,ALADO 7112103 CONJ MECAN CONS/BRAS E CURTO BWC10/BWL07/BWL9 W11300675
1731,054003,TENIS AMA 3 UNISEX G NOBUCK CAFE  42 S BICO BI TOP053FN CART,006647,CARTON,3.0,EPI / Segurança,SEM FOTO,CARTON 006647 TENIS AMA 3 UNISEX G NOBUCK CAFE 42 S BICO BI TOP053FN CART
1732,054164,PINGADEIRA PLAST CINZA PURIFICADOR FR600 IBBL,10210320,IBBL,3.0,Filtros e Purificadores de Água,SEM FOTO,IBBL 10210320 PINGADEIRA PLAST CINZA PURIFICADOR FR600 IBBL
1733,054171,DISJUNTOR DIN MONO 1P 16A 3KA CHINT,185443,CHINT,3.0,Elétrica / Comandos,SEM FOTO,CHINT 185443 DISJUNTOR DIN MONO 1P 16A 3KA CHINT
1734,054187,TRANSMISSAO SIMILA LTE07/LTE08/LTD09/LT09B,60017222,DUGOLD,3.0,Peças para Lavadora e Bebedouro,SEM FOTO,DUGOLD 60017222 TRANSMISSAO SIMILA LTE07/LTE08/LTD09/LT09B
1735,054378,"CONECTOR DE EMENDA E DEREIVACAO 3 PORTAS 0,5-4,0MM 32A",CE-4323,DECORLUX,3.0,Elétrica / Comandos,SEM FOTO,"DECORLUX CE-4323 CONECTOR DE EMENDA E DEREIVACAO 3 PORTAS 0,5-4,0MM 32A"
1736,054389,RESISTENCIA DO EVAPORADOR BRAST BRE80 127V W10443918,LD138,MJ IND E COMERCIO,3.0,Refrigeração / Componentes,SEM FOTO,MJ IND E COMERCIO LD138 RESISTENCIA DO EVAPORADOR BRAST BRE80 127V W10443918
1737,054617,TERMOSTATO ELECTROLUX GELADEIRA RE26 RE26G 41001690,A10225401,ELECTROLUX,3.0,Refrigeração / Componentes,SEM FOTO,ELECTROLUX A10225401 TERMOSTATO ELECTROLUX GELADEIRA RE26 RE26G 41001690
1738,054640,VALVULA ENTRADA D´AGUA 2 VIAS LAV ELECT LF10/LF75/LT12/LTE12,64287476,ELECTROLUX,3.0,Elétrica / Comandos,SEM FOTO,ELECTROLUX 64287476 VALVULA ENTRADA D´AGUA 2 VIAS LAV ELECT LF10/LF75/LT12/LTE12
1739,054708,PRESSOSTATO 4 NIVEIS LAV ELECTROLUX LTE12 41002172,64786941,ELECTROLUX,3.0,Automação / Temporizadores,SEM FOTO,ELECTROLUX 64786941 PRESSOSTATO 4 NIVEIS LAV ELECTROLUX LTE12 41002172
1740,054747,CONJUNTO DE SELO MECANICO LAV ELECT LM06/LM08 41004675,51041128,ELECTROLUX,3.0,Peças para Lavadora e Bebedouro,SEM FOTO,ELECTROLUX 51041128 CONJUNTO DE SELO MECANICO LAV ELECT LM06/LM08 41004675
1741,054821,BOTINA AMARRAR NOBUCK PRETA 42 S BICO BI TP200P CARTON,4539,CARTON,3.0,EPI / Segurança,SEM FOTO,CARTON 4539 BOTINA AMARRAR NOBUCK PRETA 42 S BICO BI TP200P CARTON
1742,054822,BOTINA AMARRAR NOBUCK PRETA 43 S BICO BI TP200P CARTON,4540,CARTON,3.0,EPI / Segurança,SEM FOTO,CARTON 4540 BOTINA AMARRAR NOBUCK PRETA 43 S BICO BI TP200P CARTON
1743,054837,BOTINA AMARRAR 3 GOMOS 44 S BICO BI MOD20 CARTON,2879,CARTON,3.0,EPI / Segurança,SEM FOTO,CARTON 2879 BOTINA AMARRAR 3 GOMOS 44 S BICO BI MOD20 CARTON
1744,054870,CONTATOR 12A NC1-1210 220V 50/60HZ - CHINT REF: 221355,925479,CHINT,3.0,Elétrica / Comandos,SEM FOTO,CHINT 925479 CONTATOR 12A NC1-1210 220V 50/60HZ - CHINT REF: 221355
1745,054934,RESISTENCIA DO EVAPOR BRAST BRM40/BRM45/BRM50 220V 326049983,LD109,MJ IND E COMERCIO,3.0,Refrigeração / Componentes,SEM FOTO,MJ IND E COMERCIO LD109 RESISTENCIA DO EVAPOR BRAST BRM40/BRM45/BRM50 220V 326049983
1746,054974,AVENTAL AZUL ELECTROLUX 41036206,80000695,ELECTROLUX,3.0,EPI / Segurança,SEM FOTO,ELECTROLUX 80000695 AVENTAL AZUL ELECTROLUX 41036206
1747,055055,PORTA FUSIVEL VERMELHO 20A 250VAC 11050/E,11050/E,MARGIRIUS,3.0,Elétrica / Comandos,SEM FOTO,MARGIRIUS 11050/E PORTA FUSIVEL VERMELHO 20A 250VAC 11050/E
1748,055058,DPS DISPOSITIVO DE PROTECAO CONTRA SURTO 20KA 127V CLASSE II,16566,MARGIRIUS,3.0,Elétrica / Comandos,SEM FOTO,MARGIRIUS 16566 DPS DISPOSITIVO DE PROTECAO CONTRA SURTO 20KA 127V CLASSE II
1749,055112,PLACA SENSOR ROTACAO LAVADORA ELECTR LTC15/LBU15 41004297,64500230,ELECTROLUX,3.0,Peças para Lavadora e Bebedouro,SEM FOTO,ELECTROLUX 64500230 PLACA SENSOR ROTACAO LAVADORA ELECTR LTC15/LBU15 41004297
1750,055250,SINALEIRO LK10 COM RABICHO VERDE LUKMA,16023,LUKMA,3.0,Elétrica / Comandos,SEM FOTO,LUKMA 16023 SINALEIRO LK10 COM RABICHO VERDE LUKMA
1751,055260,PRENSA CABO PG13.5 1/2 CINZA LUKMA,29031,LUKMA,3.0,Elétrica / Comandos,SEM FOTO,LUKMA 29031 PRENSA CABO PG13.5 1/2 CINZA LUKMA
1752,055373,ESCOVA DE CARVAO P ESM BOSCH 1338/47/3255/61/78 C164G,C164G,CARBOMPEÇA,3.0,Ferramentas / Instrumentos,SEM FOTO,CARBOMPEÇA C164G ESCOVA DE CARVAO P ESM BOSCH 1338/47/3255/61/78 C164G
1753,055383,ESCOVA DE CARVAO P ESM SKILL 4/2 C299G 1327/1205/1577 C152G,C299G,CARBOMPEÇA,3.0,Ferramentas / Instrumentos,SEM FOTO,CARBOMPEÇA C299G ESCOVA DE CARVAO P ESM SKILL 4/2 C299G 1327/1205/1577 C152G
1754,055387,ESCOVA DE CARVAO P SERRA MARMORE MAKITA 41000/4200N C137G,C137G,CARBOMPEÇA,3.0,Ferramentas / Instrumentos,SEM FOTO,CARBOMPEÇA C137G ESCOVA DE CARVAO P SERRA MARMORE MAKITA 41000/4200N C137G
1755,055389,ESCOVA DE CARVAO P ESM MAKITA 9027/29/47 CB204 C166BG,C166BG,CARBOMPEÇA,3.0,Ferramentas / Instrumentos,SEM FOTO,CARBOMPEÇA C166BG ESCOVA DE CARVAO P ESM MAKITA 9027/29/47 CB204 C166BG
1756,055420,ALICATE DE PRESSAO 10 GEDORE RED,R27210010,GEDORE,3.0,Ferramentas / Instrumentos,SEM FOTO,GEDORE R27210010 ALICATE DE PRESSAO 10 GEDORE RED
1757,055432,SERRA COPO BI-METALICA 46MM - 1.13/16 CORTAG,61207,CORTAG,3.0,Ferramentas / Instrumentos,SEM FOTO,CORTAG 61207 SERRA COPO BI-METALICA 46MM - 1.13/16 CORTAG
1758,055536,CHAVE SELETORA AR CON JANELA SPRINGER 7/10/12/18/21/30K 250V,GW06303000,MIDEA / SPRINGER,3.0,Ferramentas / Instrumentos,SEM FOTO,MIDEA / SPRINGER GW06303000 CHAVE SELETORA AR CON JANELA SPRINGER 7/10/12/18/21/30K 250V
1759,055543,BRACO CO-INJETADO ELECT TOP8Y/LM08Y/LM06/LF75/LQ75/LF80/TOP8,124,BURDOG,3.0,Outros,SEM FOTO,BURDOG 124 BRACO CO-INJETADO ELECT TOP8Y/LM08Y/LM06/LF75/LQ75/LF80/TOP8
1760,055563,CORPO VALVULA EXPANSAO TES2 R404/R507 ROSCA RFKH03E SANHUA,RFKH03E-4.8-15,SANHUA,3.0,Gases Refrigerantes,SEM FOTO,SANHUA RFKH03E-4.8-15 CORPO VALVULA EXPANSAO TES2 R404/R507 ROSCA RFKH03E SANHUA
1761,055565,ORIFICIO VALVULA EXPANSAO N.1 SANHUA,RFKH-23-01,SANHUA,3.0,Refrigeração / Componentes,SEM FOTO,SANHUA RFKH-23-01 ORIFICIO VALVULA EXPANSAO N.1 SANHUA
1762,055571,ORIFICIO VALVULA EXPANSAO N.0X SANHUA,RFKH-23-0X,SANHUA,3.0,Refrigeração / Componentes,SEM FOTO,SANHUA RFKH-23-0X ORIFICIO VALVULA EXPANSAO N.0X SANHUA
1763,055653,MANGUEIRA BRANCA P LAVADORA SAIDA DE AGUA 19MM 1300MM,530220-130,INDUSMACK,3.0,Peças para Lavadora e Bebedouro,SEM FOTO,INDUSMACK 530220-130 MANGUEIRA BRANCA P LAVADORA SAIDA DE AGUA 19MM 1300MM
1764,055661,MANGUEIRA CINZA RETA P LAVADORA SAIDA DE AGUA 21MM 2000MM,640321-200,INDUSMACK,3.0,Peças para Lavadora e Bebedouro,SEM FOTO,INDUSMACK 640321-200 MANGUEIRA CINZA RETA P LAVADORA SAIDA DE AGUA 21MM 2000MM
1765,055841,DIMMER 4X2 ROT BRANCO 300W 127V PW,805,PW,3.0,Elétrica / Comandos,SEM FOTO,PW 805 DIMMER 4X2 ROT BRANCO 300W 127V PW
1766,055868,JOGO DE BROCA B+D 45 PECAS BLACK + DECKER,A7234-XJ,BLACK & DECKER,3.0,Ferramentas / Instrumentos,SEM FOTO,BLACK & DECKER A7234-XJ JOGO DE BROCA B+D 45 PECAS BLACK + DECKER
1767,055960,CHAVE COMUTADORA 2 POSICOES COM CHAVE CNC EG21,LAY5-EG21,CNC,3.0,Ferramentas / Instrumentos,SEM FOTO,CNC LAY5-EG21 CHAVE COMUTADORA 2 POSICOES COM CHAVE CNC EG21
1768,055961,CHAVE COMUTADORA 2 POSICOES COM CHAVE CNC EG41,LAY5-EG41,CNC,3.0,Ferramentas / Instrumentos,SEM FOTO,CNC LAY5-EG41 CHAVE COMUTADORA 2 POSICOES COM CHAVE CNC EG41
1769,055967,BOTAO DE COMANDO DE PULSO BRANCO CNC-EA11,LAY5-EA11,CNC,3.0,Elétrica / Comandos,SEM FOTO,CNC LAY5-EA11 BOTAO DE COMANDO DE PULSO BRANCO CNC-EA11
1770,055973,BOTAO DE COMANDO DE PULSO ILUMUNADO AMARELO CNC-EW3561,LAY5-EW3561,CNC,3.0,Elétrica / Comandos,SEM FOTO,CNC LAY5-EW3561 BOTAO DE COMANDO DE PULSO ILUMUNADO AMARELO CNC-EW3561
1771,055974,BOTAO DE COMANDO DE PULSO ILUMUNADO AZUL CNC-EW3661,LAY5-EW3661,CNC,3.0,Elétrica / Comandos,SEM FOTO,CNC LAY5-EW3661 BOTAO DE COMANDO DE PULSO ILUMUNADO AZUL CNC-EW3661
1772,055991,CAIXA PARA DISJUNTOR MOTOR S BOTAO DE EMERGENCIA NS2-MC CHIN,495943,CHINT,3.0,Elétrica / Comandos,SEM FOTO,CHINT 495943 CAIXA PARA DISJUNTOR MOTOR S BOTAO DE EMERGENCIA NS2-MC CHIN
1773,055992,CAIXA PARA DISJUNTOR MOTOR C BOTAO DE EMERGENCIA NS2-MC01 CH,495944,CHINT,3.0,Elétrica / Comandos,SEM FOTO,CHINT 495944 CAIXA PARA DISJUNTOR MOTOR C BOTAO DE EMERGENCIA NS2-MC01 CH
1774,056022,INDICADOR DE TEMPERATURA DIGITAL E50-ZFRA-P 115VCA COEL,E50-ZFRA-P,COEL,3.0,Elétrica / Comandos,SEM FOTO,COEL E50-ZFRA-P INDICADOR DE TEMPERATURA DIGITAL E50-ZFRA-P 115VCA COEL
1775,056128,TRINCO PS - TET -  TRIMAC,TET,TRIMAC,3.0,Fixação e Acessórios,SEM FOTO,TRIMAC TET TRINCO PS - TET - TRIMAC
1776,056135,DOBRADICA ALUMINHO C MOLA CROMADA - TR-36 TRIMAC,TR-36,TRIMAC,3.0,Ferramentas / Instrumentos,SEM FOTO,TRIMAC TR-36 DOBRADICA ALUMINHO C MOLA CROMADA - TR-36 TRIMAC
1777,056184,BORNEIRA 7 FUROS COM SUPORTE DIN AZUL ENERBRAS SBTN-E7N,SBTN-E7N,ENERBRAS,3.0,Elétrica / Comandos,SEM FOTO,ENERBRAS SBTN-E7N BORNEIRA 7 FUROS COM SUPORTE DIN AZUL ENERBRAS SBTN-E7N
1778,056228,QUADRO DISTRIBUICAO 4P DIN IMBUTIR TAMPA BRANCA QD-EB4,QD-EB4,ENERBRAS,3.0,Elétrica / Comandos,SEM FOTO,ENERBRAS QD-EB4 QUADRO DISTRIBUICAO 4P DIN IMBUTIR TAMPA BRANCA QD-EB4
1779,056250,MICRO MOTOR 1/40 60HZ 1550RPM  BIVOLT HELICE PLASTICA ELGIN,45C11B08PCA,ELGIN,3.0,Refrigeração / Componentes,SEM FOTO,ELGIN 45C11B08PCA MICRO MOTOR 1/40 60HZ 1550RPM BIVOLT HELICE PLASTICA ELGIN
1780,056272,CHAVE BIELA 10 GEDORE RED,R01800010,GEDORE,3.0,Ferramentas / Instrumentos,SEM FOTO,GEDORE R01800010 CHAVE BIELA 10 GEDORE RED
1781,056273,CHAVE BIELA 11 GEDORE RED,R01800011,GEDORE,3.0,Ferramentas / Instrumentos,SEM FOTO,GEDORE R01800011 CHAVE BIELA 11 GEDORE RED
1782,056278,LUVA DE PROTECAO TECIDO POLIESTE EM PU AT1305 G VERME GRANDE,AT1305G,ATLAS,3.0,EPI / Segurança,SEM FOTO,ATLAS AT1305G LUVA DE PROTECAO TECIDO POLIESTE EM PU AT1305 G VERME GRANDE
1783,056307,BATERIA 9V ALCALINA ELGIN,3020439,ELGIN,3.0,Eletrônicos / Informática,SEM FOTO,ELGIN 3020439 BATERIA 9V ALCALINA ELGIN
1784,056349,QUADRO DISTRIBUICAO 6P DIN IMBUTIR TAMPA BRANCA QD-EB6,QD-EB6,ENERBRAS,3.0,Elétrica / Comandos,SEM FOTO,ENERBRAS QD-EB6 QUADRO DISTRIBUICAO 6P DIN IMBUTIR TAMPA BRANCA QD-EB6
1785,056394,FUSIVEL DE VIDRO PEQUENO 4AMP GREEN 045-0003,045-0004,GREEN,3.0,Elétrica / Comandos,SEM FOTO,GREEN 045-0004 FUSIVEL DE VIDRO PEQUENO 4AMP GREEN 045-0003
1786,056512,TOMADA P SISTEMA RJ 45 C CX PADRAO 345-E/CP ENERBRAS,345-E/CP,ENERBRAS,3.0,Elétrica / Comandos,SEM FOTO,ENERBRAS 345-E/CP TOMADA P SISTEMA RJ 45 C CX PADRAO 345-E/CP ENERBRAS
1787,056555,LAMINA PARA TICO TICO T141HM BOSCH,2 608 667 311,BOSCH,3.0,Outros,SEM FOTO,BOSCH 2 608 667 311 LAMINA PARA TICO TICO T141HM BOSCH
1788,056557,SOPRADOR TERMICO 8003 BRAZIL 127V SKIL,F012.800.3AB-000,SKIL,3.0,Ferramentas / Instrumentos,SEM FOTO,SKIL F012.800.3AB-000 SOPRADOR TERMICO 8003 BRAZIL 127V SKIL
1789,056653,VALVULA ESFERICA GBC 3/4 SOLDA C PORTA DE ACESS 18S/009L7054,009G7054,DANFOS,3.0,Químicos / Solda e Limpeza,SEM FOTO,DANFOS 009G7054 VALVULA ESFERICA GBC 3/4 SOLDA C PORTA DE ACESS 18S/009L7054
1790,056740,"CAPACITOR CBB60, 20UF +-5% X 250V JOTECK",JO-1362,JOTECK,3.0,Capacitores,SEM FOTO,"JOTECK JO-1362 CAPACITOR CBB60, 20UF +-5% X 250V JOTECK"
1791,056816,ASPIRADOR PORTATIL PO E AGUA A BATERIA BLACK  BLACK E DACKE,APB8000-BR,BLACK & DECKER,3.0,Ferramentas / Instrumentos,SEM FOTO,BLACK & DECKER APB8000-BR ASPIRADOR PORTATIL PO E AGUA A BATERIA BLACK BLACK E DACKE
1792,056827,LUMINARIA DE EMERGENCIA 30 LEDS BATERIA DE LITIO ELGIN,48LEM30L0000,ELGIN,3.0,Iluminação,SEM FOTO,ELGIN 48LEM30L0000 LUMINARIA DE EMERGENCIA 30 LEDS BATERIA DE LITIO ELGIN
1793,056831,LUMINARIA LED P SOBREPOR 24W 6500K LUZ BRANCA QUADRADA ELGI,48D24WSQB000,ELGIN,3.0,Iluminação,SEM FOTO,ELGIN 48D24WSQB000 LUMINARIA LED P SOBREPOR 24W 6500K LUZ BRANCA QUADRADA ELGI
1794,056957,TUBO ELASTOMERICO 19MM(PAREDE) 1.3/8 (INTERNO) WIN,BAW19035-U,WINCELL,3.0,Instalação de Ar-Condicionado,SEM FOTO,WINCELL BAW19035-U TUBO ELASTOMERICO 19MM(PAREDE) 1.3/8 (INTERNO) WIN
1795,056974,FECHADURA SMART WI-FI SE233 LIV MULTILASER,SE233,MULTILASER,3.0,Fixação e Acessórios,SEM FOTO,MULTILASER SE233 FECHADURA SMART WI-FI SE233 LIV MULTILASER
1796,056975,SWITCH LIGA/DESLIGA SAIDA SE234 MULTILASER,SE234,MULTILASER,3.0,Outros,SEM FOTO,MULTILASER SE234 SWITCH LIGA/DESLIGA SAIDA SE234 MULTILASER
1797,056982,TERMINAL DEDICADO CONDOMINIAL SE407 MULTILASER,SE407,MULTILASER,3.0,Elétrica / Comandos,SEM FOTO,MULTILASER SE407 TERMINAL DEDICADO CONDOMINIAL SE407 MULTILASER
1798,056983,VIDEO PORTEIRO SMART - WIFI SE220 MULTILASER,SE220,MULTILASER,3.0,Outros,SEM FOTO,MULTILASER SE220 VIDEO PORTEIRO SMART - WIFI SE220 MULTILASER
1799,056997,CONJUNTO MANIFOLD PARA GAS R600/R290 COM MAGUEIRA 90CM,80150.111,SURYHA,3.0,Gases Refrigerantes,SEM FOTO,SURYHA 80150.111 CONJUNTO MANIFOLD PARA GAS R600/R290 COM MAGUEIRA 90CM
1800,056999,ADAPTADOR UNIVERSAL P/ BOMBA DE VACUO  SURYHA,80150.133,SURYHA,3.0,Ferramentas / Instrumentos,SEM FOTO,SURYHA 80150.133 ADAPTADOR UNIVERSAL P/ BOMBA DE VACUO SURYHA
1801,057054,CARREGADOR DE PAREDE USB SMARTOGO PRETO,CB104,MULTILASER,3.0,Eletrônicos / Informática,SEM FOTO,MULTILASER CB104 CARREGADOR DE PAREDE USB SMARTOGO PRETO
1802,057059,MOUSE BOX OTICO PRETO USB,MO255,MULTILASER,3.0,Eletrônicos / Informática,SEM FOTO,MULTILASER MO255 MOUSE BOX OTICO PRETO USB
1803,057063,MOUSE SEM FIO 1200 DPI PRETO USB POWERSAVE,MO307,MULTILASER,3.0,Eletrônicos / Informática,SEM FOTO,MULTILASER MO307 MOUSE SEM FIO 1200 DPI PRETO USB POWERSAVE
1804,057076,CABO DE DADOS PRETO SMARTOGO 8 PINOS PARA IPHONE MULTILASER,WI327,MULTILASER,3.0,Eletrônicos / Informática,SEM FOTO,MULTILASER WI327 CABO DE DADOS PRETO SMARTOGO 8 PINOS PARA IPHONE MULTILASER
1805,057114,PLAFON BOCAL E27 COR BRANCO TRIAL,569,TRIAL,3.0,Iluminação,SEM FOTO,TRIAL 569 PLAFON BOCAL E27 COR BRANCO TRIAL
1806,057117,QUADRO DE DISTRIBUICAO EMBUTIR 12 POLOS TRIAL,622,TRIAL,3.0,Elétrica / Comandos,SEM FOTO,TRIAL 622 QUADRO DE DISTRIBUICAO EMBUTIR 12 POLOS TRIAL
1807,057121,QUADRO DE DISTRIBUICAO SOBREPOR 18 POLOS TRIAL,627,TRIAL,3.0,Elétrica / Comandos,SEM FOTO,TRIAL 627 QUADRO DE DISTRIBUICAO SOBREPOR 18 POLOS TRIAL
1808,057130,BOCAL E27 COM RABICHO TRIAL,BR-E27,TRIAL,3.0,Iluminação,SEM FOTO,TRIAL BR-E27 BOCAL E27 COM RABICHO TRIAL
1809,057152,LUMINARIA EMBUTIR INTELIGENTE 24W 3000-6500K REDONDA WIFI,48D24WERWIFI,ELGIN,3.0,Iluminação,SEM FOTO,ELGIN 48D24WERWIFI LUMINARIA EMBUTIR INTELIGENTE 24W 3000-6500K REDONDA WIFI
1810,057230,CAMERA EZVIZ EXTERNA PANORAMICA CS-C8C WI-FI,CS-C8C,EZVIZ,3.0,Eletrônicos / Informática,SEM FOTO,EZVIZ CS-C8C CAMERA EZVIZ EXTERNA PANORAMICA CS-C8C WI-FI
1811,057233,CAMERA EZVIZ EXTERNA CS-C3TN 2K WI-FI,CS-C3TN 2K,EZVIZ,3.0,Eletrônicos / Informática,SEM FOTO,EZVIZ CS-C3TN 2K CAMERA EZVIZ EXTERNA CS-C3TN 2K WI-FI
1812,057235,CAMERA EZVIZ EXTERNA CS-CV310 WI-FI,CS-CV310,EZVIZ,3.0,Eletrônicos / Informática,SEM FOTO,EZVIZ CS-CV310 CAMERA EZVIZ EXTERNA CS-CV310 WI-FI
1813,057291,BROCA AR HAMMER PLUS 7X159MM,7898181495240,BOMCORTE,3.0,Ferramentas / Instrumentos,SEM FOTO,BOMCORTE 7898181495240 BROCA AR HAMMER PLUS 7X159MM
1814,057352,ABRACADEIRA ZIN TIP D C/ CUN 2,7893537017978,INCA,3.0,Fixação e Acessórios,SEM FOTO,INCA 7893537017978 ABRACADEIRA ZIN TIP D C/ CUN 2
1815,057365,ADITIVO BLOCA PERDA TOTAL A/C PARA R134A 42G 70425,QUI0001,NEVADA,3.0,Gases Refrigerantes,SEM FOTO,NEVADA QUI0001 ADITIVO BLOCA PERDA TOTAL A/C PARA R134A 42G 70425
1816,057465,CONDULETE METALICO NAO ROSCADO 1 - MODELO C,7893537012461,INCA,3.0,Elétrica / Comandos,SEM FOTO,INCA 7893537012461 CONDULETE METALICO NAO ROSCADO 1 - MODELO C
1817,057520,FLANGEADOR SPIN 3/4 HEX (F1034) - BLISTER,F1034,MIGRARE,3.0,Ferramentas / Instrumentos,SEM FOTO,MIGRARE F1034 FLANGEADOR SPIN 3/4 HEX (F1034) - BLISTER
1818,057523,CURVA CO 90 LONGA 1/2 POL HULTER,41,HULTER,3.0,Instalação de Ar-Condicionado,SEM FOTO,HULTER 41 CURVA CO 90 LONGA 1/2 POL HULTER
1819,057560,FITA DE LED NEON FLEXIVEL12V 5M AZUL,444,LECTRON,3.0,Iluminação,SEM FOTO,LECTRON 444 FITA DE LED NEON FLEXIVEL12V 5M AZUL
1820,057599,DESEMGRIPANTE BIODEGRADAVEL CARBO LUB 300ML,0169,CARBO SUL,3.0,Outros,SEM FOTO,CARBO SUL 0169 DESEMGRIPANTE BIODEGRADAVEL CARBO LUB 300ML
1821,057693,LUVA REDGRIP T 08-M,C.A.41.415,KALIPSO,3.0,EPI / Segurança,SEM FOTO,KALIPSO C.A.41.415 LUVA REDGRIP T 08-M
1822,057695,LUVA PU PTA T. 9-G,C.A.15.272,KALIPSO,3.0,EPI / Segurança,SEM FOTO,KALIPSO C.A.15.272 LUVA PU PTA T. 9-G
1823,057698,LUVA SAARA T. 9-G,C.A.34.712,KALIPSO,3.0,EPI / Segurança,SEM FOTO,KALIPSO C.A.34.712 LUVA SAARA T. 9-G
1824,057706,LUMINARIA LED P EMBUTIR 48W 6500K LUZ BRANCA QUADRADA,520,TRIAL,3.0,Iluminação,SEM FOTO,TRIAL 520 LUMINARIA LED P EMBUTIR 48W 6500K LUZ BRANCA QUADRADA
1825,057752,SEPARADOR DE OLEO 3/8 SOLDA HERMETICO DSO-55813S DUGOLD,DSO-55813S,DUGOLD,3.0,Químicos / Solda e Limpeza,SEM FOTO,DUGOLD DSO-55813S SEPARADOR DE OLEO 3/8 SOLDA HERMETICO DSO-55813S DUGOLD
1826,057801,CHAVE DE FENDA CRUZADA OC:242 VDE 2160 PH1,091798,GEDORE,3.0,Ferramentas / Instrumentos,SEM FOTO,GEDORE 091798 CHAVE DE FENDA CRUZADA OC:242 VDE 2160 PH1
1827,057823,VENTOINHA ELECTROLUX TI18R / VI18R /VI18F 41021217,A08772001,ELECTROLUX,3.0,Outros,SEM FOTO,ELECTROLUX A08772001 VENTOINHA ELECTROLUX TI18R / VI18R /VI18F 41021217
1828,057845,LAMPADA BOLINHA LEITOSA G45 LED 4W 7200K E27 AUTOVOLT 400 LU,LLBO704A,LUMANTI,3.0,Iluminação,SEM FOTO,LUMANTI LLBO704A LAMPADA BOLINHA LEITOSA G45 LED 4W 7200K E27 AUTOVOLT 400 LU
1829,057961,COMBO:HP333D+TD110D+MAL AL+CARR+BATS+BIT,CLX228SAX,MAKITA,3.0,Outros,SEM FOTO,MAKITA CLX228SAX COMBO:HP333D+TD110D+MAL AL+CARR+BATS+BIT
1830,057973,PLAINA ELETRICA 82MM (3 1/4 POL),KP0800K-127V,MAKITA,3.0,Outros,SEM FOTO,MAKITA KP0800K-127V PLAINA ELETRICA 82MM (3 1/4 POL)
1831,057993,CENTRAL DE AUTOMACAO SMART ICA 1001,ICA 1001,INTELBRAS,3.0,Outros,SEM FOTO,INTELBRAS ICA 1001 CENTRAL DE AUTOMACAO SMART ICA 1001
1832,057994,INTERRUPTOR CONECTOR INTELIGENTE EWS 301,EWS 301,INTELBRAS,3.0,Elétrica / Comandos,SEM FOTO,INTELBRAS EWS 301 INTERRUPTOR CONECTOR INTELIGENTE EWS 301
1833,058001,SENSOR DE MOVIMENTO SMART ISM 1001,ISM 1001,INTELBRAS,3.0,Refrigeração / Componentes,SEM FOTO,INTELBRAS ISM 1001 SENSOR DE MOVIMENTO SMART ISM 1001
1834,058002,SENSOR DE TEMPERATURA E UMIDADE SMART IST 1001,IST 1001,INTELBRAS,3.0,Refrigeração / Componentes,SEM FOTO,INTELBRAS IST 1001 SENSOR DE TEMPERATURA E UMIDADE SMART IST 1001
1835,058006,SENSOR DE ABERTURA SMART ISA 1001 4690012 INTELBRAS - 789663,ISA 1001,INTELBRAS,3.0,Refrigeração / Componentes,SEM FOTO,INTELBRAS ISA 1001 SENSOR DE ABERTURA SMART ISA 1001 4690012 INTELBRAS - 789663
1836,058061,CONTROLE REMOTO IR SMART IZY CONNECT,3702,INTELBRAS,3.0,Refrigeração / Componentes,SEM FOTO,INTELBRAS 3702 CONTROLE REMOTO IR SMART IZY CONNECT
1837,058132,CURVA CO 90 LONGA 1 3/8 FRIVEN P/ 1.23MM,20003.1602.08,FRIVEN,3.0,Instalação de Ar-Condicionado,SEM FOTO,FRIVEN 20003.1602.08 CURVA CO 90 LONGA 1 3/8 FRIVEN P/ 1.23MM
1838,058198,"LAMPADA DICROICA LED GU10 4,8W 4000K 36 MR16 AUTOVOLT",MR164048,LUMANTI,3.0,Iluminação,SEM FOTO,"LUMANTI MR164048 LAMPADA DICROICA LED GU10 4,8W 4000K 36 MR16 AUTOVOLT"
1839,058226,MINICONTROLADOR SMART WIFI EWS 222,3968,INTELBRAS,3.0,Outros,SEM FOTO,INTELBRAS 3968 MINICONTROLADOR SMART WIFI EWS 222
1840,058362,ABRACADEIRA DE NYLON4 8X400MM PRETO PCT C 50 UN,A48-E400P/10,ENERBRAS,3.0,Fixação e Acessórios,SEM FOTO,ENERBRAS A48-E400P/10 ABRACADEIRA DE NYLON4 8X400MM PRETO PCT C 50 UN
1841,058370,PLUGUE 2P T 10A BRANCO EMB GRANEL CONNECT,071-EB,ENERBRAS,3.0,Elétrica / Comandos,SEM FOTO,ENERBRAS 071-EB PLUGUE 2P T 10A BRANCO EMB GRANEL CONNECT
1842,058464,VISOR LIQ  5/8R SGP 16S I / 014L0044 SOLDA DANFOSS,014L0044 S,DANFOS,3.0,Químicos / Solda e Limpeza,SEM FOTO,DANFOS 014L0044 S VISOR LIQ 5/8R SGP 16S I / 014L0044 SOLDA DANFOSS
1843,058659,WD40 DRY LUBE SECO AEROSSOL 400ML - WD-40,466638,WD-40,3.0,Químicos / Solda e Limpeza,SEM FOTO,WD-40 466638 WD40 DRY LUBE SECO AEROSSOL 400ML - WD-40
1844,058743,RELE TERMICO G NXR-25 17-25A - CHINT,837119,CHINT,3.0,Elétrica / Comandos,SEM FOTO,CHINT 837119 RELE TERMICO G NXR-25 17-25A - CHINT
1845,058859,GAS GP CLEAR 100 DAC 13 KG GP AUTO AR SUBSTITUDO DO 141B,7697,GP CLEAR,3.0,Gases Refrigerantes,SEM FOTO,GP CLEAR 7697 GAS GP CLEAR 100 DAC 13 KG GP AUTO AR SUBSTITUDO DO 141B
1846,058862,GAS GP CLEAR 100 DAC 7 KG SUBSTITUDO DO 141B,7817,GP CLEAR,3.0,Gases Refrigerantes,SEM FOTO,GP CLEAR 7817 GAS GP CLEAR 100 DAC 7 KG SUBSTITUDO DO 141B
1847,058891,TRENA METRICA EMBORRACHADA 5M X 19MM,99BR.706.000,UNIFORT,3.0,Ferramentas / Instrumentos,SEM FOTO,UNIFORT 99BR.706.000 TRENA METRICA EMBORRACHADA 5M X 19MM
1848,058897,CONJ MANIFOLD SEM MALET R22/134/404/407 C/VISOR 1/4 90CM HUL,100262935,HULTER,3.0,Gases Refrigerantes,SEM FOTO,HULTER 100262935 CONJ MANIFOLD SEM MALET R22/134/404/407 C/VISOR 1/4 90CM HUL
1849,058991,OSCILANTE PAREDE 60 CM BI-VOLT PRETO 60 FIOS PREMIUM,73-6425,VENTI DELTA,3.0,Elétrica / Comandos,SEM FOTO,VENTI DELTA 73-6425 OSCILANTE PAREDE 60 CM BI-VOLT PRETO 60 FIOS PREMIUM
1850,059015,"VALV ESFERA  7/8"" SOLDA SBV(M)-A7YHSY-1 SEM ACESSO SANHUA",TWSA7YHSY-1,SANHUA,3.0,Químicos / Solda e Limpeza,SEM FOTO,"SANHUA TWSA7YHSY-1 VALV ESFERA 7/8"" SOLDA SBV(M)-A7YHSY-1 SEM ACESSO SANHUA"
1851,059017,"VALV ESFERA  1-5/8"" SOLDA SBV(M)-A13YHSY-2 SEM ACESSO SANHUA",TWSA13YHSY-2,SANHUA,3.0,Químicos / Solda e Limpeza,SEM FOTO,"SANHUA TWSA13YHSY-2 VALV ESFERA 1-5/8"" SOLDA SBV(M)-A13YHSY-2 SEM ACESSO SANHUA"
1852,059025,VALV ESFERA  1/2 SOLDA SBV04-019 SEM ACESSO SANHUA,SBV04-019,SANHUA,3.0,Químicos / Solda e Limpeza,SEM FOTO,SANHUA SBV04-019 VALV ESFERA 1/2 SOLDA SBV04-019 SEM ACESSO SANHUA
1853,059029,VISOR DE LIQUIDO ODF 5/8 SOLDA SYJ16H11 SANHUA,SYJ16H11,SANHUA,3.0,Químicos / Solda e Limpeza,SEM FOTO,SANHUA SYJ16H11 VISOR DE LIQUIDO ODF 5/8 SOLDA SYJ16H11 SANHUA
1854,059050,TERMOMETRO DIGITAL -50OC A 80OC PRETO(TPM-10) BT TCL 10P,BT TCL 10P,ELITECH,3.0,Ferramentas / Instrumentos,SEM FOTO,ELITECH BT TCL 10P TERMOMETRO DIGITAL -50OC A 80OC PRETO(TPM-10) BT TCL 10P
1855,059062,"MANGUEIRA DE SAIDA DE AGUA 1,80M BOCAL CURVO 28MM P/ MAQUINA",4854,FRIGELAR,3.0,Iluminação,SEM FOTO,"FRIGELAR 4854 MANGUEIRA DE SAIDA DE AGUA 1,80M BOCAL CURVO 28MM P/ MAQUINA"
1856,059087,PLACA ELETR DE POT CONTR DIGITAL COMPAT C LTC 70200562 BIV,72629210000,EMICOL,3.0,Refrigeração / Componentes,SEM FOTO,EMICOL 72629210000 PLACA ELETR DE POT CONTR DIGITAL COMPAT C LTC 70200562 BIV
1857,059090,PLACA ELETR POT CONTR DIGITAL COMPATIVEL LT15F A99035156 BIV,72630210000,EMICOL,3.0,Refrigeração / Componentes,SEM FOTO,EMICOL 72630210000 PLACA ELETR POT CONTR DIGITAL COMPATIVEL LT15F A99035156 BIV
1858,059111,PLACA ELET POT COMP BWL09/11/BWK11/BWG10/BWC07/BWL08/CWL10,72637910000,EMICOL,3.0,Refrigeração / Componentes,SEM FOTO,EMICOL 72637910000 PLACA ELET POT COMP BWL09/11/BWK11/BWG10/BWC07/BWL08/CWL10
1859,059396,CONTATOR G NXC-50 220V 50/60HZ - CHINT,828.0,CHINT,3.0,Elétrica / Comandos,SEM FOTO,CHINT 828.0 CONTATOR G NXC-50 220V 50/60HZ - CHINT
1860,059399,RELE TERMICO G NXR-100 80-93A - CHINT,868.0,CHINT,3.0,Elétrica / Comandos,SEM FOTO,CHINT 868.0 RELE TERMICO G NXR-100 80-93A - CHINT
1861,059532,FILTRO DML 165S 350X5/8S DANFOSS,4968,DANFOS,3.0,Refrigeração / Componentes,SEM FOTO,DANFOS 4968 FILTRO DML 165S 350X5/8S DANFOSS
1862,059579,SACO COLETOR DE LIMPEZA PARA A/C DE 09 A 18 MIL BTUS SPAZIO,BSCLS,SPAZIO,3.0,Refrigeração / Componentes,SEM FOTO,SPAZIO BSCLS SACO COLETOR DE LIMPEZA PARA A/C DE 09 A 18 MIL BTUS SPAZIO
1863,059625,TINTA SPRAY PRETO FOSCO ALTA TEMPERATURA 400ML MUNDIAL PRIM,00665,MUNDIAL PRIME,3.0,Químicos / Solda e Limpeza,SEM FOTO,MUNDIAL PRIME 00665 TINTA SPRAY PRETO FOSCO ALTA TEMPERATURA 400ML MUNDIAL PRIM
1864,059631,AUTO TRAFO 1500 VA TECNO BIVIOLT 2P+ T (TRANSFORMADOR) FIOLU,10103122111,FIOLUX,3.0,Elétrica / Comandos,SEM FOTO,FIOLUX 10103122111 AUTO TRAFO 1500 VA TECNO BIVIOLT 2P+ T (TRANSFORMADOR) FIOLU
1865,059725,BASE ACIONADORA PARA FLUIDO REFRIGERANTE SURYHA,80150.174,SURYHA,3.0,Outros,SEM FOTO,SURYHA 80150.174 BASE ACIONADORA PARA FLUIDO REFRIGERANTE SURYHA
1866,059748,"CURVA CO 90 LONGA 1.3/8 X 1,27MM HULTER",100220781,HULTER,3.0,Instalação de Ar-Condicionado,SEM FOTO,"HULTER 100220781 CURVA CO 90 LONGA 1.3/8 X 1,27MM HULTER"
1867,059757,CORTADOR DE MANGUEIRA FRIVEN,20003.0906.50,FRIVEN,3.0,Ferramentas / Instrumentos,SEM FOTO,FRIVEN 20003.0906.50 CORTADOR DE MANGUEIRA FRIVEN
1868,059800,"ALICATE DE CORTE DIAGONAL L 6"" 150MM 1000V 1864069 IRWIN",1864069,IRWIN,3.0,Ferramentas / Instrumentos,SEM FOTO,"IRWIN 1864069 ALICATE DE CORTE DIAGONAL L 6"" 150MM 1000V 1864069 IRWIN"
1869,059845,CHAVE ALAVANCA UNIPOLAR ON/OFF 15A 250VAC CH-1052 DECORLUX,CH-1052,DECORLUX,3.0,Ferramentas / Instrumentos,SEM FOTO,DECORLUX CH-1052 CHAVE ALAVANCA UNIPOLAR ON/OFF 15A 250VAC CH-1052 DECORLUX
1870,059870,FILTRO SECADOR DANFOSS DML166 350 X 3/4 ROSCA DUFRIO,023Z5046,DANFOS,3.0,Refrigeração / Componentes,SEM FOTO,DANFOS 023Z5046 FILTRO SECADOR DANFOSS DML166 350 X 3/4 ROSCA DUFRIO
1871,059902,ORIFICIO VALVULA EXPANSAO N.5 ELGIN,45ORIFICI005,ELGIN,3.0,Refrigeração / Componentes,SEM FOTO,ELGIN 45ORIFICI005 ORIFICIO VALVULA EXPANSAO N.5 ELGIN
1872,059918,LUVA COBRE CURTA 3/4 SOLDA VIX 106070,106070,VIX,3.0,EPI / Segurança,SEM FOTO,VIX 106070 LUVA COBRE CURTA 3/4 SOLDA VIX 106070
1873,059939,CARCACA 7/8 S HULTER REF. HT2STAS-487T,HT2STAS-487T,DUGOLD,3.0,Peças para Lavadora e Bebedouro,SEM FOTO,DUGOLD HT2STAS-487T CARCACA 7/8 S HULTER REF. HT2STAS-487T
1874,059941,CARCACA 1.3/8 S HULTER REF. HT2STAS-4811T,HT2STAS-411T,DUGOLD,3.0,Peças para Lavadora e Bebedouro,SEM FOTO,DUGOLD HT2STAS-411T CARCACA 1.3/8 S HULTER REF. HT2STAS-4811T
1875,059955,DRIVE 18W BIV LED MASS,100971,OK BRASIL,3.0,Iluminação,SEM FOTO,OK BRASIL 100971 DRIVE 18W BIV LED MASS
1876,059977,"CAPACITOR DUPLO CBB65, 45UF+5 MDF X 440VAC C METAL HULTER",HT5CD45/5TA440VP,HULTER,3.0,Capacitores,SEM FOTO,"HULTER HT5CD45/5TA440VP CAPACITOR DUPLO CBB65, 45UF+5 MDF X 440VAC C METAL HULTER"
1877,060122,EK-3020 CONTROLADOR DIGITAL DE TEMPERATURA PARA RESFRIADOS 2,4047,ELITECH,3.0,Automação / Temporizadores,SEM FOTO,ELITECH 4047 EK-3020 CONTROLADOR DIGITAL DE TEMPERATURA PARA RESFRIADOS 2
1878,060166,VALVULA SOLENOIDE COM BOBINA 220V 50 60HZ 5 8 - ROSCA,45VSE058R000,ELGIN,3.0,Refrigeração / Componentes,SEM FOTO,ELGIN 45VSE058R000 VALVULA SOLENOIDE COM BOBINA 220V 50 60HZ 5 8 - ROSCA
1879,060335,ELETROBOMBA DRENAGEM LAVADORA UNIVERSAL BSM029-01U 127V EOS,M192900,EOS,3.0,Peças para Lavadora e Bebedouro,SEM FOTO,EOS M192900 ELETROBOMBA DRENAGEM LAVADORA UNIVERSAL BSM029-01U 127V EOS
1880,060378,"VALVULA OTIMIZADORA C/ REMOVEDOR DE NUCLEO 1/4""",80150.233,SURYHA,3.0,Refrigeração / Componentes,SEM FOTO,"SURYHA 80150.233 VALVULA OTIMIZADORA C/ REMOVEDOR DE NUCLEO 1/4"""
1881,060383,"ADAPTADOR MULTIPORTAS 3/8""M X 3/8""M X 1/4""F",80150.235,SURYHA,3.0,Outros,SEM FOTO,"SURYHA 80150.235 ADAPTADOR MULTIPORTAS 3/8""M X 3/8""M X 1/4""F"
1882,060466,KDR-BV05 VALV ESFERA ODF 5/8 SOLDA - ACESSO,KDR-BV05,SANHUA,3.0,Químicos / Solda e Limpeza,SEM FOTO,SANHUA KDR-BV05 KDR-BV05 VALV ESFERA ODF 5/8 SOLDA - ACESSO
1883,060476,"BOMBA VACUO VIX PREM 9,5CFM 2 ESTAG BIV",000000000001016347,VIX,3.0,Ferramentas / Instrumentos,SEM FOTO,"VIX 000000000001016347 BOMBA VACUO VIX PREM 9,5CFM 2 ESTAG BIV"
1884,060480,SUPORTE SPLIT 800MM 48 A 60000 REFORCADO - F M C METAL,00024,F M C METAL,3.0,Instalação de Ar-Condicionado,SEM FOTO,F M C METAL 00024 SUPORTE SPLIT 800MM 48 A 60000 REFORCADO - F M C METAL
1885,060497,MULTIMETRO DIGITAL AUTOMATICO COM CAPACIMETRO,80150.135,SURYHA,3.0,Ferramentas / Instrumentos,SEM FOTO,SURYHA 80150.135 MULTIMETRO DIGITAL AUTOMATICO COM CAPACIMETRO
1886,060521,"MOLA CURVADORA 1/4""",80150.024,SURYHA,3.0,Ferramentas / Instrumentos,SEM FOTO,"SURYHA 80150.024 MOLA CURVADORA 1/4"""
1887,060532,SACO P/ LIMPEZA SPLIT EVAPORADORA DE AR CONDICIONADO 7 A 900,3191F,SPAZIO,3.0,Refrigeração / Componentes,SEM FOTO,SPAZIO 3191F SACO P/ LIMPEZA SPLIT EVAPORADORA DE AR CONDICIONADO 7 A 900
1888,060533,COLETOR DE LIMPEZA SPLIT DESMONTAVEL COM BOLSA 7 A 12 BTUS,CL001D12BT,SPAZIO,3.0,Refrigeração / Componentes,SEM FOTO,SPAZIO CL001D12BT COLETOR DE LIMPEZA SPLIT DESMONTAVEL COM BOLSA 7 A 12 BTUS
1889,060559,SUPORTE DO CESTO ELECTROLUX LM06 M102619,SC001ELLM06,SPAZIO,3.0,Peças para Lavadora e Bebedouro,SEM FOTO,SPAZIO SC001ELLM06 SUPORTE DO CESTO ELECTROLUX LM06 M102619
1890,055455,MANTA ISOLANTE ELASTOMERICA 19MM 1METRO (8M/ROLO) WINCELL,BWST019-U,WINCELL,2.7,Instalação de Ar-Condicionado,SEM FOTO,WINCELL BWST019-U MANTA ISOLANTE ELASTOMERICA 19MM 1METRO (8M/ROLO) WINCELL
1891,058606,"GAS R404A QUILO 10,9KG REFRIGERANTE FRIVEN - HFC - 2.2",20003.0100.24,FRIVEN,2.6,Gases Refrigerantes,SEM FOTO,"FRIVEN 20003.0100.24 GAS R404A QUILO 10,9KG REFRIGERANTE FRIVEN - HFC - 2.2"
1892,001318,FILTRO SEC 1/2X210 ROSCA EMERSON,66595,EMERSON,2.0,Refrigeração / Componentes,SEM FOTO,EMERSON 66595 FILTRO SEC 1/2X210 ROSCA EMERSON
1893,002227,LUVA SOLD 25MM KRONA,6148,KRONA,2.0,EPI / Segurança,SEM FOTO,KRONA 6148 LUVA SOLD 25MM KRONA
1894,003507,CHAVE DE FENDA SIMPLES 3/16X8 GEDORE,36082,GEDORE,2.0,Ferramentas / Instrumentos,SEM FOTO,GEDORE 36082 CHAVE DE FENDA SIMPLES 3/16X8 GEDORE
1895,003512,CHAVE PHILIPS 3/16X6 GEDORE,36304,GEDORE,2.0,Ferramentas / Instrumentos,SEM FOTO,GEDORE 36304 CHAVE PHILIPS 3/16X6 GEDORE
1896,003513,CHAVE PHILIPS 3/16X8 GEDORE,36306,GEDORE,2.0,Ferramentas / Instrumentos,SEM FOTO,GEDORE 36306 CHAVE PHILIPS 3/16X8 GEDORE
1897,004681,LIMPA AR CONDICIONADO 5L UEBA,11173,UEBA,2.0,Químicos / Solda e Limpeza,SEM FOTO,UEBA 11173 LIMPA AR CONDICIONADO 5L UEBA
1898,004734,MARTELETE SDS 750W - SDS 1859 SKIL,1859,SKIL,2.0,Ferramentas / Instrumentos,SEM FOTO,SKIL 1859 MARTELETE SDS 750W - SDS 1859 SKIL
1899,051767,DETECTOR ELETRONICO DE VAZAMENTO SURYHA,80150.017,SURYHA,2.0,Ferramentas / Instrumentos,SEM FOTO,SURYHA 80150.017 DETECTOR ELETRONICO DE VAZAMENTO SURYHA
1900,051866,CAPACITOR ELETROLITICO 1/2 270/324 110V EOS,D2004,EOS,2.0,Capacitores,SEM FOTO,EOS D2004 CAPACITOR ELETROLITICO 1/2 270/324 110V EOS
1901,051948,VALVULA SOLENOIDE 1/4 ROSCA SEM BOBINA EVR3*032F8107,032F8107,DANFOS,2.0,Refrigeração / Componentes,SEM FOTO,DANFOS 032F8107 VALVULA SOLENOIDE 1/4 ROSCA SEM BOBINA EVR3*032F8107
1902,051956,CONTROLADOR MICROSOL FULL GAUGE,C22963,FULL GAUGE,2.0,Automação / Temporizadores,SEM FOTO,FULL GAUGE C22963 CONTROLADOR MICROSOL FULL GAUGE
1903,051959,CONTROLADOR CONV32 INTERFACE USB SUPER FULL GAUGE 115/230V,C34204,FULL GAUGE,2.0,Automação / Temporizadores,SEM FOTO,FULL GAUGE C34204 CONTROLADOR CONV32 INTERFACE USB SUPER FULL GAUGE 115/230V
1904,052087,MOLA DA VARA DE SUSPENSAO ELECTROLUX LM08 GRANDE SAMATEC,917105,SAMATEC,2.0,Ferramentas / Instrumentos,SEM FOTO,SAMATEC 917105 MOLA DA VARA DE SUSPENSAO ELECTROLUX LM08 GRANDE SAMATEC
1905,052153,RELE PTC 4 PINOS 127V 1/10 A 1/3 FACON,IC-4 PIN,FACON,2.0,Refrigeração / Componentes,SEM FOTO,FACON IC-4 PIN RELE PTC 4 PINOS 127V 1/10 A 1/3 FACON
1906,052235,MICRO MOTOR ELCO 1/20 220V EXAUSTOR MIPA/TRINE/ELGIN H PLAST,VN16-30/380,ELCO,2.0,Refrigeração / Componentes,SEM FOTO,ELCO VN16-30/380 MICRO MOTOR ELCO 1/20 220V EXAUSTOR MIPA/TRINE/ELGIN H PLAST
1907,052341,MOTOR EVAP SPLIT 18K 3V ELECTROLUX/KOMECO/NOVEX 220V,1501211601,ELECTROLUX,2.0,Refrigeração / Componentes,SEM FOTO,ELECTROLUX 1501211601 MOTOR EVAP SPLIT 18K 3V ELECTROLUX/KOMECO/NOVEX 220V
1908,052370,VISOR DE LIQUIDO 5/8R MACHO 014L0024,014L0024,DANFOS,2.0,Refrigeração / Componentes,SEM FOTO,DANFOS 014L0024 VISOR DE LIQUIDO 5/8R MACHO 014L0024
1909,052479,RELE VOLTIMETRO P COMPRE MONO RVA4AP3D 267 35A-400VAC FACON,GR3800-4AP3D,FACON,2.0,Refrigeração / Componentes,SEM FOTO,FACON GR3800-4AP3D RELE VOLTIMETRO P COMPRE MONO RVA4AP3D 267 35A-400VAC FACON
1910,052500,CONTROLADOR CONV32/02 TERMOSTATO  FULL GAUGE,C34204,FULL GAUGE,2.0,Automação / Temporizadores,SEM FOTO,FULL GAUGE C34204 CONTROLADOR CONV32/02 TERMOSTATO FULL GAUGE
1911,052662,PROTECAO PLACA INTERFACE ELECTROLUCX LB12Q 41004301,70200542,ELECTROLUX,2.0,Refrigeração / Componentes,SEM FOTO,ELECTROLUX 70200542 PROTECAO PLACA INTERFACE ELECTROLUCX LB12Q 41004301
1912,052841,FILTRO SEC 5/8 ROSCA 085 ELGIN,45FSE085R580,ELGIN,2.0,Refrigeração / Componentes,SEM FOTO,ELGIN 45FSE085R580 FILTRO SEC 5/8 ROSCA 085 ELGIN
1913,052907,PRESSOSTATO REGULAVEL COMPACTO LM08/LM10A/LF90 41005218,64778663,ELECTROLUX,2.0,Automação / Temporizadores,SEM FOTO,ELECTROLUX 64778663 PRESSOSTATO REGULAVEL COMPACTO LM08/LM10A/LF90 41005218
1914,053065,TORNEIRA PRA BEBEDOURO TIPO JATO BOCA LATAO RAVID,02010005,RAVID,2.0,Peças para Lavadora e Bebedouro,SEM FOTO,RAVID 02010005 TORNEIRA PRA BEBEDOURO TIPO JATO BOCA LATAO RAVID
1915,053319,MICRO MOTOR 1/25 BIVOLT DUGOLD,MD20,DUGOLD,2.0,Refrigeração / Componentes,SEM FOTO,DUGOLD MD20 MICRO MOTOR 1/25 BIVOLT DUGOLD
1916,053321,CONTROLE SIMILAR P AR COND ELGIN/PIONIER/VG LE-7434,LE-7434,LELONG,2.0,Refrigeração / Componentes,SEM FOTO,LELONG LE-7434 CONTROLE SIMILAR P AR COND ELGIN/PIONIER/VG LE-7434
1917,053457,BOTINA ELESTICO BIDENSIDADE SEM BICO 38 MOD10 CARTON,001963,CARTON,2.0,EPI / Segurança,SEM FOTO,CARTON 001963 BOTINA ELESTICO BIDENSIDADE SEM BICO 38 MOD10 CARTON
1918,053468,BOTINA ELESTICO BIDENSIDADE COM BICO PVC 44 TP080 CARTON,4753,CARTON,2.0,EPI / Segurança,SEM FOTO,CARTON 4753 BOTINA ELESTICO BIDENSIDADE COM BICO PVC 44 TP080 CARTON
1919,053613,FUSIVEL DE CERAMICA P FORNO 20 AMP GRANDE GREEN 045-8820,045-8820,GREEN,2.0,Elétrica / Comandos,SEM FOTO,GREEN 045-8820 FUSIVEL DE CERAMICA P FORNO 20 AMP GRANDE GREEN 045-8820
1920,053681,TERMOSTATO BEBEDOURO/REFRESQUEIRA STANDARD RC-45000-2,RC-45000-2,FACON,2.0,Peças para Lavadora e Bebedouro,SEM FOTO,FACON RC-45000-2 TERMOSTATO BEBEDOURO/REFRESQUEIRA STANDARD RC-45000-2
1921,053690,CORPO VALVULA EXPANSAO TEX2 R22 ROSCA RF21F106 FACON,TH22W,FACON,2.0,Gases Refrigerantes,SEM FOTO,FACON TH22W CORPO VALVULA EXPANSAO TEX2 R22 ROSCA RF21F106 FACON
1922,053756,PISTAO EA52PJ072 ORIFIC 0.072 VALVULA DE EXPANSAO 60000BTUS,77128711,TOTALINE,2.0,Peças para Lavadora e Bebedouro,SEM FOTO,TOTALINE 77128711 PISTAO EA52PJ072 ORIFIC 0.072 VALVULA DE EXPANSAO 60000BTUS
1923,053773,BOTINA AMA 3 G NOBUCK CAFE 43 S BICO BI TP092 CARTON,003961,CARTON,2.0,EPI / Segurança,SEM FOTO,CARTON 003961 BOTINA AMA 3 G NOBUCK CAFE 43 S BICO BI TP092 CARTON
1924,053925,ATUADOR DE FREIO LAVAD ELECT 127V LTR15/LT12F/LEC12 41052456,41052456,ELECTROLUX,2.0,Peças para Lavadora e Bebedouro,SEM FOTO,ELECTROLUX 41052456 ATUADOR DE FREIO LAVAD ELECT 127V LTR15/LT12F/LEC12 41052456
1925,053942,UNIAO EM L TUBO DE 1/4 PARA 1/4 POL BRANCA,CN013,PLANETA AGUA,2.0,Instalação de Ar-Condicionado,SEM FOTO,PLANETA AGUA CN013 UNIAO EM L TUBO DE 1/4 PARA 1/4 POL BRANCA
1926,053950,FILTRO AC PISO TETO UNIVERSAL DE PLASTIC,A079,DE PLASTIC,2.0,Refrigeração / Componentes,SEM FOTO,DE PLASTIC A079 FILTRO AC PISO TETO UNIVERSAL DE PLASTIC
1927,053971,REDE ELECTROLUX C SENSOR DEGELO DF80/DF80X/DF38/DW42X/DFI80,B64501590,SAMATEC,2.0,Refrigeração / Componentes,SEM FOTO,SAMATEC B64501590 REDE ELECTROLUX C SENSOR DEGELO DF80/DF80X/DF38/DW42X/DFI80
1928,054007,BOTINA AMA 3 G NOBUCK CAFE 45 S BICO BI TP092 CARTON,003963,CARTON,2.0,EPI / Segurança,SEM FOTO,CARTON 003963 BOTINA AMA 3 G NOBUCK CAFE 45 S BICO BI TP092 CARTON
1929,054015,MULTIMETRO DIGITAL MINIPA ET-1000,ET-1000,MINIPA,2.0,Ferramentas / Instrumentos,SEM FOTO,MINIPA ET-1000 MULTIMETRO DIGITAL MINIPA ET-1000
1930,054025,PF RO SOB SXTV 5/16X65 JOMARCA,05246,JOMARCA,2.0,Fixação e Acessórios,SEM FOTO,JOMARCA 05246 PF RO SOB SXTV 5/16X65 JOMARCA
1931,054143,REGISTRO FECHO RAPIDO 24017 1/4 MACHO X 1/4 FEMEA,24017,FACON,2.0,Refrigeração / Componentes,SEM FOTO,FACON 24017 REGISTRO FECHO RAPIDO 24017 1/4 MACHO X 1/4 FEMEA
1932,054178,TERMOSTATO FREEZER FF240 ELECTROLUX 240L 41001692,64778628,ELECTROLUX,2.0,Refrigeração / Componentes,SEM FOTO,ELECTROLUX 64778628 TERMOSTATO FREEZER FF240 ELECTROLUX 240L 41001692
1933,054188,TRANSMISSAO SIMILAL TR15/LTD15/LT15/LAC16 REF. 70201828,60200501,DUGOLD,2.0,Peças para Lavadora e Bebedouro,SEM FOTO,DUGOLD 60200501 TRANSMISSAO SIMILAL TR15/LTD15/LT15/LAC16 REF. 70201828
1934,054198,SUPORTE CESTO ELECTROLUX PROSDOCIMO TOP8,AL012,SAMATEC,2.0,Peças para Lavadora e Bebedouro,SEM FOTO,SAMATEC AL012 SUPORTE CESTO ELECTROLUX PROSDOCIMO TOP8
1935,054203,CORREIA TANQUINHO ARNO LAVETE LARGA SINCRONIZADA,B916430,SAMATEC,2.0,Peças para Lavadora e Bebedouro,SEM FOTO,SAMATEC B916430 CORREIA TANQUINHO ARNO LAVETE LARGA SINCRONIZADA
1936,054388,RESISTENCIA DO EVAPORADOR BRAST BRE49/BRE51 127V 326030256,LD124,MJ IND E COMERCIO,2.0,Refrigeração / Componentes,SEM FOTO,MJ IND E COMERCIO LD124 RESISTENCIA DO EVAPORADOR BRAST BRE49/BRE51 127V 326030256
1937,054391,RESISTENCIA DO EVAPORADOR ELECTROLUX DS600 127V 4720208H,LD48,MJ IND E COMERCIO,2.0,Refrigeração / Componentes,SEM FOTO,MJ IND E COMERCIO LD48 RESISTENCIA DO EVAPORADOR ELECTROLUX DS600 127V 4720208H
1938,054396,RESISTENCIA DO EVAPORADOR ELECTROLUX DF80X 127V 64684741,LD122,MJ IND E COMERCIO,2.0,Refrigeração / Componentes,SEM FOTO,MJ IND E COMERCIO LD122 RESISTENCIA DO EVAPORADOR ELECTROLUX DF80X 127V 64684741
1939,054398,RESISTENCIA DO EVAPORADOR ELECTROLUX DFN39 127V 70003498,LD132,MJ IND E COMERCIO,2.0,Refrigeração / Componentes,SEM FOTO,MJ IND E COMERCIO LD132 RESISTENCIA DO EVAPORADOR ELECTROLUX DFN39 127V 70003498
1940,054563,DAMPER TERMOSTATICO DF80/DF80X/DF52/DF52X/DW52X 41002922,64786946,ELECTROLUX,2.0,Refrigeração / Componentes,SEM FOTO,ELECTROLUX 64786946 DAMPER TERMOSTATICO DF80/DF80X/DF52/DF52X/DW52X 41002922
1941,054572,VALVULA RESERVAT DE AGUA GELD 49X/DW48X/DF48X/DFW48 41081448,70291360,ELECTROLUX,2.0,Refrigeração / Componentes,SEM FOTO,ELECTROLUX 70291360 VALVULA RESERVAT DE AGUA GELD 49X/DW48X/DF48X/DFW48 41081448
1942,054595,MOTOR VENT CONDENSADOR ELECTROLUX DI80X 127V 41002800,64390403,ELECTROLUX,2.0,Refrigeração / Componentes,SEM FOTO,ELECTROLUX 64390403 MOTOR VENT CONDENSADOR ELECTROLUX DI80X 127V 41002800
1943,054597,TERMOSTATO REFRIGERADOR ELECTROLUX DC360/DC39 41075872,64786916,ELECTROLUX,2.0,Refrigeração / Componentes,SEM FOTO,ELECTROLUX 64786916 TERMOSTATO REFRIGERADOR ELECTROLUX DC360/DC39 41075872
1944,054607,SUPORTE MOTOVENTILADOR GELAD DB52/DB52X/DF42/DF51 41003852,67496174,ELECTROLUX,2.0,Instalação de Ar-Condicionado,SEM FOTO,ELECTROLUX 67496174 SUPORTE MOTOVENTILADOR GELAD DB52/DB52X/DF42/DF51 41003852
1945,054611,REDE MOTOR VENTILADOR ELECTROLUX DF80/DI80X 41019309,70201413,ELECTROLUX,2.0,Refrigeração / Componentes,SEM FOTO,ELECTROLUX 70201413 REDE MOTOR VENTILADOR ELECTROLUX DF80/DI80X 41019309
1946,054622,VIDRO DA TAMPA LAVADORA ELECTROLUX LAC13/LAC16 41037123,A04786901,ELECTROLUX,2.0,Peças para Lavadora e Bebedouro,SEM FOTO,ELECTROLUX A04786901 VIDRO DA TAMPA LAVADORA ELECTROLUX LAC13/LAC16 41037123
1947,054623,VIDRO DA TAMPA LAVAD ELECT LAC09/LTV09/TOP LOAD 8K 41036358,A04422001,ELECTROLUX,2.0,Peças para Lavadora e Bebedouro,SEM FOTO,ELECTROLUX A04422001 VIDRO DA TAMPA LAVAD ELECT LAC09/LTV09/TOP LOAD 8K 41036358
1948,054691,MOLA DOB DA TAMPA LAV ELEC  LTR15/LTS12/LA15F/LBU15 41012222,65158588,ELECTROLUX,2.0,Ferramentas / Instrumentos,SEM FOTO,ELECTROLUX 65158588 MOLA DOB DA TAMPA LAV ELEC LTR15/LTS12/LA15F/LBU15 41012222
1949,054704,PRESSOSTATO 5 NIVEIS LAVADORA LTD15 41030001,64503115,ELECTROLUX,2.0,Automação / Temporizadores,SEM FOTO,ELECTROLUX 64503115 PRESSOSTATO 5 NIVEIS LAVADORA LTD15 41030001
1950,054774,CHAVE AJUSTAVEL 10 GEDORE RED,R03800010,GEDORE,2.0,Ferramentas / Instrumentos,SEM FOTO,GEDORE R03800010 CHAVE AJUSTAVEL 10 GEDORE RED
1951,054800,CAPACITOR ELETROLITICO DE PARTIDA 161 X 193 127V SURYHA,80151.088,SURYHA,2.0,Capacitores,SEM FOTO,SURYHA 80151.088 CAPACITOR ELETROLITICO DE PARTIDA 161 X 193 127V SURYHA
1952,054811,CAPACITOR ELETROLITICO DE PARTIDA 130 X 156 250V SURYHA,80151.074,SURYHA,2.0,Capacitores,SEM FOTO,SURYHA 80151.074 CAPACITOR ELETROLITICO DE PARTIDA 130 X 156 250V SURYHA
1953,054823,BOTINA AMARRAR NOBUCK PRETA 44 S BICO BI TP200P CARTON,4541,CARTON,2.0,EPI / Segurança,SEM FOTO,CARTON 4541 BOTINA AMARRAR NOBUCK PRETA 44 S BICO BI TP200P CARTON
1954,054879,PUXADOR PORTA LAVA E SECA ELECTROLUX LSE11 41070927,12608200,ELECTROLUX,2.0,Refrigeração / Componentes,SEM FOTO,ELECTROLUX 12608200 PUXADOR PORTA LAVA E SECA ELECTROLUX LSE11 41070927
1955,054882,MANGUEIRA P PRESSOSTATO SILICONE 3/16 NIVEL D AGUA SAMATEC,920754,SAMATEC,2.0,Químicos / Solda e Limpeza,SEM FOTO,SAMATEC 920754 MANGUEIRA P PRESSOSTATO SILICONE 3/16 NIVEL D AGUA SAMATEC
1956,054906,RESISTENCIA EVAP ELECTROLUX REF39 41036550,41036550,ELECTROLUX,2.0,Refrigeração / Componentes,SEM FOTO,ELECTROLUX 41036550 RESISTENCIA EVAP ELECTROLUX REF39 41036550
1957,054910,REDE SENSOR/DEGELO REFR ELECTROLUX DF80/DFI80 41019315,64501590,ELECTROLUX,2.0,Refrigeração / Componentes,SEM FOTO,ELECTROLUX 64501590 REDE SENSOR/DEGELO REFR ELECTROLUX DF80/DFI80 41019315
1958,054933,RESISTENCIA DO EVAPORADOR BRAST BRM35/BRM36 127V 326020719,LD104,MJ IND E COMERCIO,2.0,Refrigeração / Componentes,SEM FOTO,MJ IND E COMERCIO LD104 RESISTENCIA DO EVAPORADOR BRAST BRM35/BRM36 127V 326020719
1959,055043,MOTOR VENT GELADEIRA BRAST  BRE80A/CHB42C/CHB42D/CHB53C 127V,W10527155,WHIRLPOOL,2.0,Refrigeração / Componentes,SEM FOTO,WHIRLPOOL W10527155 MOTOR VENT GELADEIRA BRAST BRE80A/CHB42C/CHB42D/CHB53C 127V
1960,055075,INTERRUPTOR BIPOLAR LUZ VERDE 15A 250VAC 30223 M1FT1DE3G,30223 M1FT1DE3G,MARGIRIUS,2.0,Elétrica / Comandos,SEM FOTO,MARGIRIUS 30223 M1FT1DE3G INTERRUPTOR BIPOLAR LUZ VERDE 15A 250VAC 30223 M1FT1DE3G
1961,055187,PRESSOSTATO 5 NIVEIS LAV TOP LOAD ELECTR 12KG LAC12 41037167,A99063101,ELECTROLUX,2.0,Automação / Temporizadores,SEM FOTO,ELECTROLUX A99063101 PRESSOSTATO 5 NIVEIS LAV TOP LOAD ELECTR 12KG LAC12 41037167
1962,055370,ESCOVA DE CARVAO P MAETELE BOSCH C158BG,C158BG,CARBOMPEÇA,2.0,Ferramentas / Instrumentos,SEM FOTO,CARBOMPEÇA C158BG ESCOVA DE CARVAO P MAETELE BOSCH C158BG
1963,055401,ESCOVA DE CARVAO P ESM BED DW488/5411/1121/152 C171G,C171G,CARBOMPEÇA,2.0,Ferramentas / Instrumentos,SEM FOTO,CARBOMPEÇA C171G ESCOVA DE CARVAO P ESM BED DW488/5411/1121/152 C171G
1964,055408,ESCOVA DE CARVAO P ESM BED G 730 C287BG,C287BG,CARBOMPEÇA,2.0,Ferramentas / Instrumentos,SEM FOTO,CARBOMPEÇA C287BG ESCOVA DE CARVAO P ESM BED G 730 C287BG
1965,055485,CONTROLADOR DIG TEMP K48E PAINEL ELETR/FORNO/ESTUFA 100/240V,K48EHCRR-----P----,COEL,2.0,Automação / Temporizadores,SEM FOTO,COEL K48EHCRR-----P---- CONTROLADOR DIG TEMP K48E PAINEL ELETR/FORNO/ESTUFA 100/240V
1966,055503,FILTRO CARVAO ATIVADO ORIGINAL COIFA ELECTR 60CV 41026157,ACF006,ELECTROLUX,2.0,Refrigeração / Componentes,SEM FOTO,ELECTROLUX ACF006 FILTRO CARVAO ATIVADO ORIGINAL COIFA ELECTR 60CV 41026157
1967,055599,"CAPACITOR CBB60, 10UF +-5% X 250V COM FIO WEG",M418,WEG,2.0,Capacitores,SEM FOTO,"WEG M418 CAPACITOR CBB60, 10UF +-5% X 250V COM FIO WEG"
1968,055810,RELE FALTA DE FASE YCV803 M460 - CNC REF: MDD2-250,YCV803 M460,CNC,2.0,Automação / Temporizadores,SEM FOTO,CNC YCV803 M460 RELE FALTA DE FASE YCV803 M460 - CNC REF: MDD2-250
1969,055879,JOGO DE BROCA B+D 31 PECAS BLACK + DECKER,A7233-XJ,BLACK & DECKER,2.0,Ferramentas / Instrumentos,SEM FOTO,BLACK & DECKER A7233-XJ JOGO DE BROCA B+D 31 PECAS BLACK + DECKER
1970,055889,REGULADOR DE GAS SEM MANGUEIRA 505/01 BT,505/01 BT,ALIANCA,2.0,Gases Refrigerantes,SEM FOTO,ALIANCA 505/01 BT REGULADOR DE GAS SEM MANGUEIRA 505/01 BT
1971,055920,DOBRADICA ALUM COM MOLA CINZA TRIMAC,TR-40,TRIMAC,2.0,Ferramentas / Instrumentos,SEM FOTO,TRIMAC TR-40 DOBRADICA ALUM COM MOLA CINZA TRIMAC
1972,055938,FITA ISOLANTE IMPERIAL 3M 18MMX10M,400434,3M,2.0,Instalação de Ar-Condicionado,SEM FOTO,3M 400434 FITA ISOLANTE IMPERIAL 3M 18MMX10M
1973,055963,BOTAO COGUMELO PRETO (BOTOEIRA) CNC-EC21,LAY5-EC21,CNC,2.0,Elétrica / Comandos,SEM FOTO,CNC LAY5-EC21 BOTAO COGUMELO PRETO (BOTOEIRA) CNC-EC21
1974,055977,SINALEIRO LED BRANCO 220V CNC-22DS W,AD22-22DSW,CNC,2.0,Iluminação,SEM FOTO,CNC AD22-22DSW SINALEIRO LED BRANCO 220V CNC-22DS W
1975,055986,DISJUNTOR MOTOR NS2-25 4-6.3A CHINT,495126,CHINT,2.0,Elétrica / Comandos,SEM FOTO,CHINT 495126 DISJUNTOR MOTOR NS2-25 4-6.3A CHINT
1976,055989,DISJUNTOR DR BI 2P 63A 30MA 6KA CHINT NL1-63,200312,CHINT,2.0,Elétrica / Comandos,SEM FOTO,CHINT 200312 DISJUNTOR DR BI 2P 63A 30MA 6KA CHINT NL1-63
1977,055990,DISJUNTOR DR BI 4P 25A 30MA 6KA CHINT,200317,CHINT,2.0,Elétrica / Comandos,SEM FOTO,CHINT 200317 DISJUNTOR DR BI 4P 25A 30MA 6KA CHINT
1978,055996,DISJUNTOR CAIXA MOLDADA 180A NXM (NOFUSE) CHINT,131366,CHINT,2.0,Elétrica / Comandos,SEM FOTO,CHINT 131366 DISJUNTOR CAIXA MOLDADA 180A NXM (NOFUSE) CHINT
1979,056021,INDICADOR DE TEMPERATURA DIGITAL E50-VFRA-P 230VCA COEL,E50-VFRA-P,COEL,2.0,Elétrica / Comandos,SEM FOTO,COEL E50-VFRA-P INDICADOR DE TEMPERATURA DIGITAL E50-VFRA-P 230VCA COEL
1980,056072,GARRA JACARE MEDIA 10A VERMELHO 0751100 GRJC0013 NWT STORM,GRJC0013,FERTGEO OU LOUD,2.0,Ferramentas / Instrumentos,SEM FOTO,FERTGEO OU LOUD GRJC0013 GARRA JACARE MEDIA 10A VERMELHO 0751100 GRJC0013 NWT STORM
1981,056103,CHAVE CANHAO 8MM GEDORE RED R38490824,R38490824,GEDORE,2.0,Ferramentas / Instrumentos,SEM FOTO,GEDORE R38490824 CHAVE CANHAO 8MM GEDORE RED R38490824
1982,056107,LUMINARIA LED P CAMAR FRIA TARTARUGA 20CM IP66 9W 6500K 220V,C165059,BIOLUZ,2.0,Iluminação,SEM FOTO,BIOLUZ C165059 LUMINARIA LED P CAMAR FRIA TARTARUGA 20CM IP66 9W 6500K 220V
1983,056109,CHAVE L HEXAGONAL 3/16 GEDORE RED,12055,GEDORE,2.0,Ferramentas / Instrumentos,SEM FOTO,GEDORE 12055 CHAVE L HEXAGONAL 3/16 GEDORE RED
1984,056132,CASTANA MAC - TMC - TRIMAC,TMC,TRIMAC,2.0,Outros,SEM FOTO,TRIMAC TMC CASTANA MAC - TMC - TRIMAC
1985,056134,DOBRADICA ALUMINHO C MOLA PRETA - TR-35 TRIMAC,TR-35,TRIMAC,2.0,Ferramentas / Instrumentos,SEM FOTO,TRIMAC TR-35 DOBRADICA ALUMINHO C MOLA PRETA - TR-35 TRIMAC
1986,056211,CONJ INTER 2TC SIMPLES ENERBRAS 1807-ES,1807-ES,ENERBRAS,2.0,Peças para Lavadora e Bebedouro,SEM FOTO,ENERBRAS 1807-ES CONJ INTER 2TC SIMPLES ENERBRAS 1807-ES
1987,056229,QUADRO DISTRIBUICAO 8P DIN IMBUTIR TAMPA BRANCA QD-EB8,QD-EB8,ENERBRAS,2.0,Elétrica / Comandos,SEM FOTO,ENERBRAS QD-EB8 QUADRO DISTRIBUICAO 8P DIN IMBUTIR TAMPA BRANCA QD-EB8
1988,056231,SENSOR DE PRESENCA TETO C FOTOCEL ENERBRAS 1501-E,1501-E,ENERBRAS,2.0,Elétrica / Comandos,SEM FOTO,ENERBRAS 1501-E SENSOR DE PRESENCA TETO C FOTOCEL ENERBRAS 1501-E
1989,056253,"CONECTOR PERFURANTE 10-95MM / 1,5-10MM",CPE-1,TRIAL,2.0,Elétrica / Comandos,SEM FOTO,"TRIAL CPE-1 CONECTOR PERFURANTE 10-95MM / 1,5-10MM"
1990,056264,PINO INTERNO SACA CESTO MONDIAL CLEAN,B640708,SAMATEC,2.0,Ferramentas / Instrumentos,SEM FOTO,SAMATEC B640708 PINO INTERNO SACA CESTO MONDIAL CLEAN
1991,056283,APLICADOR PROF P CALAFETAR SELANTE E SILICONE AT177/2 ATLAS,AT177/2,ATLAS,2.0,Químicos / Solda e Limpeza,SEM FOTO,ATLAS AT177/2 APLICADOR PROF P CALAFETAR SELANTE E SILICONE AT177/2 ATLAS
1992,056304,FILTRO SEC 3/8 350X3 / 8S SOLDAVEL DML 163S 023Z5064 DANFOSS,023Z5064,DANFOS,2.0,Químicos / Solda e Limpeza,SEM FOTO,DANFOS 023Z5064 FILTRO SEC 3/8 350X3 / 8S SOLDAVEL DML 163S 023Z5064 DANFOSS
1993,056350,QUADRO DISTRIBUICAO 24P DIN IMBUTIR TAMPA BRANCA QD-EB24,QD-EB24,ENERBRAS,2.0,Elétrica / Comandos,SEM FOTO,ENERBRAS QD-EB24 QUADRO DISTRIBUICAO 24P DIN IMBUTIR TAMPA BRANCA QD-EB24
1994,056374,CAIXA DE DERIVAVACAO 02 SAIDAS RA FABRICACAO DE METAL,CD0002,RA FABRICACAO DE METAL,2.0,Elétrica / Comandos,SEM FOTO,RA FABRICACAO DE METAL CD0002 CAIXA DE DERIVAVACAO 02 SAIDAS RA FABRICACAO DE METAL
1995,056411,SUPORTE P TV FIXO UNIVERSAL ULTRA SLIM 10 A 85 POL SBRU859 B,SBRU859,BRASFORMA,2.0,Instalação de Ar-Condicionado,SEM FOTO,BRASFORMA SBRU859 SUPORTE P TV FIXO UNIVERSAL ULTRA SLIM 10 A 85 POL SBRU859 B
1996,056461,INTERRUPTOR CONJ PULSADOR 1TC CAMPAINHA ENERBRAS 1806-EC,1806-EC,ENERBRAS,2.0,Elétrica / Comandos,SEM FOTO,ENERBRAS 1806-EC INTERRUPTOR CONJ PULSADOR 1TC CAMPAINHA ENERBRAS 1806-EC
1997,056499,TOMADA P SISTEMA RJ 45 DUPLA 345-E2 ENERBRAS,345-E2,ENERBRAS,2.0,Elétrica / Comandos,SEM FOTO,ENERBRAS 345-E2 TOMADA P SISTEMA RJ 45 DUPLA 345-E2 ENERBRAS
1998,056556,SERRA TICO TICO 380W BRA 127V MODELO 4380 SKIL,F012.438.0AB,SKIL,2.0,Ferramentas / Instrumentos,SEM FOTO,SKIL F012.438.0AB SERRA TICO TICO 380W BRA 127V MODELO 4380 SKIL
1999,056573,LUMINARIA LED P EMBUTIR 24W 6500K LUZ BRANCA QUADRADA 30CM,519,TRIAL,2.0,Iluminação,SEM FOTO,TRIAL 519 LUMINARIA LED P EMBUTIR 24W 6500K LUZ BRANCA QUADRADA 30CM
2000,056579,LUMINARIA LED P SOBREPOR 12W 6500K LUZ BRANCA REDONDA 17CM,534,TRIAL,2.0,Iluminação,SEM FOTO,TRIAL 534 LUMINARIA LED P SOBREPOR 12W 6500K LUZ BRANCA REDONDA 17CM
2001,056584,"LAMPADA LED BULBO 9,9W 6500K",581,TRIAL,2.0,Iluminação,SEM FOTO,"TRIAL 581 LAMPADA LED BULBO 9,9W 6500K"
2002,056621,DISJUNTOR DIN MONO 1P 10A 3KA ENERBRAS,DT3-E1C10,ENERBRAS,2.0,Elétrica / Comandos,SEM FOTO,ENERBRAS DT3-E1C10 DISJUNTOR DIN MONO 1P 10A 3KA ENERBRAS
2003,056644,DISJUNTOR DIN TRIF 3P 63A 3KA ENERBRAS,DT3-E3C63,ENERBRAS,2.0,Elétrica / Comandos,SEM FOTO,ENERBRAS DT3-E3C63 DISJUNTOR DIN TRIF 3P 63A 3KA ENERBRAS
2004,056660,VISOR DE LIQUIDO 3/4 SOLDA SGI9S 014L0047 DANFOS,014L0047,DANFOS,2.0,Químicos / Solda e Limpeza,SEM FOTO,DANFOS 014L0047 VISOR DE LIQUIDO 3/4 SOLDA SGI9S 014L0047 DANFOS
2005,056677,CHAVETA CESTO ELECTROLUX LAC16/LT13B 41021538,65400634,ELECTROLUX,2.0,Ferramentas / Instrumentos,SEM FOTO,ELECTROLUX 65400634 CHAVETA CESTO ELECTROLUX LAC16/LT13B 41021538
2006,056706,SOLDA ALUMINIO OX12-3/32,OX12-3/32,BRASWELD,2.0,Químicos / Solda e Limpeza,SEM FOTO,BRASWELD OX12-3/32 SOLDA ALUMINIO OX12-3/32
2007,056757,LAVADORA SEM FIO 20V MAX BATERIA I ON LITIO BIVOLTE BLACK E,BCPC20DI-BR,BLACK & DECKER,2.0,Eletrônicos / Informática,SEM FOTO,BLACK & DECKER BCPC20DI-BR LAVADORA SEM FIO 20V MAX BATERIA I ON LITIO BIVOLTE BLACK E
2008,056758,BATERIA DE LITIO ION 20V 1.5AH BLACK + DECKER,LD120BAT,BLACK & DECKER,2.0,Eletrônicos / Informática,SEM FOTO,BLACK & DECKER LD120BAT BATERIA DE LITIO ION 20V 1.5AH BLACK + DECKER
2009,056828,LUMINARIA LED P SOBREPOR 12W 6500K LUZ BRANCA REDONDA ELGIN,48D12WSRBFHB,ELGIN,2.0,Iluminação,SEM FOTO,ELGIN 48D12WSRBFHB LUMINARIA LED P SOBREPOR 12W 6500K LUZ BRANCA REDONDA ELGIN
2010,056830,LUMINARIA LED P SOBREPOR 18W 6500K LUZ BRANCA QUADRADA ELGI,48D18WSQB000,ELGIN,2.0,Iluminação,SEM FOTO,ELGIN 48D18WSQB000 LUMINARIA LED P SOBREPOR 18W 6500K LUZ BRANCA QUADRADA ELGI
2011,056835,LUMINARIA LED P EMBUTIR 12W 6500K LUZ BRANCA QUADRADA ELGI,48D12WEQB000,ELGIN,2.0,Iluminação,SEM FOTO,ELGIN 48D12WEQB000 LUMINARIA LED P EMBUTIR 12W 6500K LUZ BRANCA QUADRADA ELGI
2012,056839,LAMPADA TUBO LED T8 10W BIVOLT 6500K LD ELGIN,48LTG102BF00,ELGIN,2.0,Iluminação,SEM FOTO,ELGIN 48LTG102BF00 LAMPADA TUBO LED T8 10W BIVOLT 6500K LD ELGIN
2013,056846,CARREGADOR DE PILHAS USB COM CABO ALIM5V1A ELGIN,46RSCUSB000,ELGIN,2.0,Eletrônicos / Informática,SEM FOTO,ELGIN 46RSCUSB000 CARREGADOR DE PILHAS USB COM CABO ALIM5V1A ELGIN
2014,056853,OLEO 3 IN ONE-30ML LIQUIDO - WD-40,201307,WD-40,2.0,Químicos / Solda e Limpeza,SEM FOTO,WD-40 201307 OLEO 3 IN ONE-30ML LIQUIDO - WD-40
2015,056857,WD40 PMU FLEXTOP AEROSOL 500ML - WD-40,340847,WD-40,2.0,Químicos / Solda e Limpeza,SEM FOTO,WD-40 340847 WD40 PMU FLEXTOP AEROSOL 500ML - WD-40
2016,056859,WD GRAXA BRANCA DE LITRO AEROS 400ML - WD-40,497681,WD-40,2.0,Químicos / Solda e Limpeza,SEM FOTO,WD-40 497681 WD GRAXA BRANCA DE LITRO AEROS 400ML - WD-40
2017,056867,"SIFAO 1.1/8 X 1,17MM HULTER",1520,HULTER,2.0,Hidráulica,SEM FOTO,"HULTER 1520 SIFAO 1.1/8 X 1,17MM HULTER"
2018,056896,REGULADOR DE GAS 504 MANGUEIRA 120CM - ALIANCA,504/01,ALIANCA,2.0,Gases Refrigerantes,SEM FOTO,ALIANCA 504/01 REGULADOR DE GAS 504 MANGUEIRA 120CM - ALIANCA
2019,056900,REGULADOR DE GAS 505 MANGUEIRA 80CM - ALIANCA,505/01,ALIANCA,2.0,Gases Refrigerantes,SEM FOTO,ALIANCA 505/01 REGULADOR DE GAS 505 MANGUEIRA 80CM - ALIANCA
2020,056901,REGULADOR DE GAS 904 BLINDADO - PAPAIZ,904P1,PAPAIZ,2.0,Gases Refrigerantes,SEM FOTO,PAPAIZ 904P1 REGULADOR DE GAS 904 BLINDADO - PAPAIZ
2021,056916,DISJUNTOR CAIXA MOLDADA 100A NXM (NOFUSE) CHINT,131362,CHINT,2.0,Elétrica / Comandos,SEM FOTO,CHINT 131362 DISJUNTOR CAIXA MOLDADA 100A NXM (NOFUSE) CHINT
2022,056929,CARCACA BIG SLIN 20 POL ROSCA 3/4 SEM REFIL PLANETA AGUA,6602,PLANETA AGUA,2.0,Filtros e Purificadores de Água,SEM FOTO,PLANETA AGUA 6602 CARCACA BIG SLIN 20 POL ROSCA 3/4 SEM REFIL PLANETA AGUA
2023,056940,PONTA DE PROVA PONTEIRA E ADAPTADOR MTL-1,MTL-1,MINIPA,2.0,Ferramentas / Instrumentos,SEM FOTO,MINIPA MTL-1 PONTA DE PROVA PONTEIRA E ADAPTADOR MTL-1
2024,056973,SIRENE ALARME INTELIGENTE WIFI SE232 MULTILASER,SE232,MULTILASER,2.0,Elétrica / Comandos,SEM FOTO,MULTILASER SE232 SIRENE ALARME INTELIGENTE WIFI SE232 MULTILASER
2025,056981,PORTEIRO ELETRONICO CONTROLE E FECHADURA SE401 MULTILASER,SE401,MULTILASER,2.0,Fixação e Acessórios,SEM FOTO,MULTILASER SE401 PORTEIRO ELETRONICO CONTROLE E FECHADURA SE401 MULTILASER
2026,056992,"GARRAFA RECARREGAVEL 13,6KG SURYHA",80150.059,SURYHA,2.0,Ferramentas / Instrumentos,SEM FOTO,"SURYHA 80150.059 GARRAFA RECARREGAVEL 13,6KG SURYHA"
2027,057000,VENT AXIAL UC 300MM 220V CONDENSADOR / EXAUS SURYHA,80160.001,SURYHA,2.0,Refrigeração / Componentes,SEM FOTO,SURYHA 80160.001 VENT AXIAL UC 300MM 220V CONDENSADOR / EXAUS SURYHA
2028,057050,PENDRIVE TWIST PRETO 64GB MULTILASER,PD590,MULTILASER,2.0,Eletrônicos / Informática,SEM FOTO,MULTILASER PD590 PENDRIVE TWIST PRETO 64GB MULTILASER
2029,057061,MOUSE BOX OTICO BRANCO USB,MO294,MULTILASER,2.0,Eletrônicos / Informática,SEM FOTO,MULTILASER MO294 MOUSE BOX OTICO BRANCO USB
2030,057067,FONE COM MICROFONE BUSINESS PRETO P2,PH294,MULTILASER,2.0,Eletrônicos / Informática,SEM FOTO,MULTILASER PH294 FONE COM MICROFONE BUSINESS PRETO P2
2031,057072,CABO HDMI 1.3 4K ULTRA HD GOLD 3M MULTILASER,WI134,MULTILASER,2.0,Eletrônicos / Informática,SEM FOTO,MULTILASER WI134 CABO HDMI 1.3 4K ULTRA HD GOLD 3M MULTILASER
2032,057075,SPLITTER HDMI 2X1 MULTILASER,WI357,MULTILASER,2.0,Outros,SEM FOTO,MULTILASER WI357 SPLITTER HDMI 2X1 MULTILASER
2033,057077,EXTENSAO HDMI 2.0 MULTILASER,WI360,MULTILASER,2.0,Elétrica / Comandos,SEM FOTO,MULTILASER WI360 EXTENSAO HDMI 2.0 MULTILASER
2034,057082,FONE DE OUVIDO TWS PULSE CONNECT BRANCO BLUETOOTH 5.1 PH369,PH369,PULSE,2.0,Eletrônicos / Informática,SEM FOTO,PULSE PH369 FONE DE OUVIDO TWS PULSE CONNECT BRANCO BLUETOOTH 5.1 PH369
2035,057098,PARAFUSADEIRA E FURADEIRA 12V HO032 MULTILASER,HO032,MULTILASER,2.0,Ferramentas / Instrumentos,SEM FOTO,MULTILASER HO032 PARAFUSADEIRA E FURADEIRA 12V HO032 MULTILASER
2036,057109,SPOT LED AUXILIAR 06W 6500K QUADRADO TRIAL,542,TRIAL,2.0,Iluminação,SEM FOTO,TRIAL 542 SPOT LED AUXILIAR 06W 6500K QUADRADO TRIAL
2037,057231,CAMERA EZVIZ EXTERNA CS-LC1C-A0-1F2WPFRL WI-FI,CS-LC1C-A0-1F2WPFRL,EZVIZ,2.0,Eletrônicos / Informática,SEM FOTO,EZVIZ CS-LC1C-A0-1F2WPFRL CAMERA EZVIZ EXTERNA CS-LC1C-A0-1F2WPFRL WI-FI
2038,057234,CAMERA EZVIZ INTERNA CS-BC1C WI-FI,CS-BC1C,EZVIZ,2.0,Eletrônicos / Informática,SEM FOTO,EZVIZ CS-BC1C CAMERA EZVIZ INTERNA CS-BC1C WI-FI
2039,057237,FECHADURA INTELIGENTE CS-L2-11FCP EZVIZ,CS-L2-11FCP,EZVIZ,2.0,Fixação e Acessórios,SEM FOTO,EZVIZ CS-L2-11FCP FECHADURA INTELIGENTE CS-L2-11FCP EZVIZ
2040,057364,ABRACADEIRA ZIN TIP U 1.1/4,7893537018173,INCA,2.0,Fixação e Acessórios,SEM FOTO,INCA 7893537018173 ABRACADEIRA ZIN TIP U 1.1/4
2041,057371,ABRACADEIRA ZIN TIP U 3,7893537018210,INCA,2.0,Fixação e Acessórios,SEM FOTO,INCA 7893537018210 ABRACADEIRA ZIN TIP U 3
2042,057451,CONDULETE METALICO NAO ROSCADO 1/2 - MODELO C,7893537012324,INCA,2.0,Elétrica / Comandos,SEM FOTO,INCA 7893537012324 CONDULETE METALICO NAO ROSCADO 1/2 - MODELO C
2043,057516,FLANGEADOR SPIN 1/4 HEX (F1014) - BLISTER,F1014,MIGRARE,2.0,Ferramentas / Instrumentos,SEM FOTO,MIGRARE F1014 FLANGEADOR SPIN 1/4 HEX (F1014) - BLISTER
2044,057518,FLANGEADOR SPIN 1/2 HEX (F1012) - BLISTER,F1012,MIGRARE,2.0,Ferramentas / Instrumentos,SEM FOTO,MIGRARE F1012 FLANGEADOR SPIN 1/2 HEX (F1012) - BLISTER
2045,057549,FITA DE LED SMD 2835 180 LEDS 6500K BRANCO 5MT IP20,441,ARCOSTAR,2.0,Iluminação,SEM FOTO,ARCOSTAR 441 FITA DE LED SMD 2835 180 LEDS 6500K BRANCO 5MT IP20
2046,057676,CABO FLEX 6.00MM METRO PRETO RPY,RPY CB 6P,RPY TECHNOLOGIES,2.0,Elétrica / Comandos,SEM FOTO,RPY TECHNOLOGIES RPY CB 6P CABO FLEX 6.00MM METRO PRETO RPY
2047,057694,LUVA LATEX LIGHT AMAR T . 09-G,C.A.38.090,KALIPSO,2.0,EPI / Segurança,SEM FOTO,KALIPSO C.A.38.090 LUVA LATEX LIGHT AMAR T . 09-G
2048,057794,"CHAVE DE FENDA SIMPLES OC:242 VDE 2170-3,5",091808,GEDORE,2.0,Ferramentas / Instrumentos,SEM FOTO,"GEDORE 091808 CHAVE DE FENDA SIMPLES OC:242 VDE 2170-3,5"
2049,057795,CHAVE DE FENDA SIMPLES OC:242 VDE 2170-4,091809,GEDORE,2.0,Ferramentas / Instrumentos,SEM FOTO,GEDORE 091809 CHAVE DE FENDA SIMPLES OC:242 VDE 2170-4
2050,057796,"CHAVE DE FENDA SIMPLES OC:242 VDE 2170-5,5",091810,GEDORE,2.0,Ferramentas / Instrumentos,SEM FOTO,"GEDORE 091810 CHAVE DE FENDA SIMPLES OC:242 VDE 2170-5,5"
2051,057802,CHAVE DE FENDA CRUZADA OC:242 VDE 2160 PH2,091799,GEDORE,2.0,Ferramentas / Instrumentos,SEM FOTO,GEDORE 091799 CHAVE DE FENDA CRUZADA OC:242 VDE 2160 PH2
2052,057815,JG SOQUETE ESTRIADOS 1/2 22 PÇS OC:242 D26-22 AM,060230,GEDORE,2.0,Ferramentas / Instrumentos,SEM FOTO,GEDORE 060230 JG SOQUETE ESTRIADOS 1/2 22 PÇS OC:242 D26-22 AM
2053,057826,LAMPADA LED BULBO ECO A60 12W AUTOVOLT 6500K E27,LLB612YB,LUMANTI,2.0,Iluminação,SEM FOTO,LUMANTI LLB612YB LAMPADA LED BULBO ECO A60 12W AUTOVOLT 6500K E27
2054,057854,LAMPADA PIN G9 LED SMD 3W 2400K 127V 360 LUMENS,LLG9S203Z,LUMANTI,2.0,Iluminação,SEM FOTO,LUMANTI LLG9S203Z LAMPADA PIN G9 LED SMD 3W 2400K 127V 360 LUMENS
2055,057863,SPOT DE EMBUTIR QUADRADO BRANCO COM RECUO BRANCO PARA AR111,SEBRB4,LUMANTI,2.0,Iluminação,SEM FOTO,LUMANTI SEBRB4 SPOT DE EMBUTIR QUADRADO BRANCO COM RECUO BRANCO PARA AR111
2056,057886,LUMINARIA EMBUTIR QUADRADA PRETA FLAT LED 18W AUTOVOLT 6500K,LLEQP618F,LUMANTI,2.0,Iluminação,SEM FOTO,LUMANTI LLEQP618F LUMINARIA EMBUTIR QUADRADA PRETA FLAT LED 18W AUTOVOLT 6500K
2057,057938,PLACA ELETRO W11345881 W10632488 SVC,W11634491,WHIRLPOOL,2.0,Refrigeração / Componentes,SEM FOTO,WHIRLPOOL W11634491 PLACA ELETRO W11345881 W10632488 SVC
2058,057956,TUPIA 6MM C/BASE ARTICULADA,3709-127V,MAKITA,2.0,Outros,SEM FOTO,MAKITA 3709-127V TUPIA 6MM C/BASE ARTICULADA
2059,057958,SERRA TICO-TICO 65MM,4327-127V,MAKITA,2.0,Ferramentas / Instrumentos,SEM FOTO,MAKITA 4327-127V SERRA TICO-TICO 65MM
2060,057962,PARAFUSADEIRA/FURADEIRA IMPACTO 13MM BATATERIA 3A 18V,DHP453SFX8,MAKITA,2.0,Ferramentas / Instrumentos,SEM FOTO,MAKITA DHP453SFX8 PARAFUSADEIRA/FURADEIRA IMPACTO 13MM BATATERIA 3A 18V
2061,057963,KIT PARAF./FURADEIRA + PARAFUSADEIRA IMP,DK1493,MAKITA,2.0,Ferramentas / Instrumentos,SEM FOTO,MAKITA DK1493 KIT PARAF./FURADEIRA + PARAFUSADEIRA IMP
2062,057971,MARTELETE COMBINADO 26MM,HR2630J-127V,MAKITA,2.0,Ferramentas / Instrumentos,SEM FOTO,MAKITA HR2630J-127V MARTELETE COMBINADO 26MM
2063,057992,SERRA SABRE A BATERIA,JR105DWYE,MAKITA,2.0,Ferramentas / Instrumentos,SEM FOTO,MAKITA JR105DWYE SERRA SABRE A BATERIA
2064,058008,SISTEMA DE SEGURANCA SMART ISS 1001 INTELBRAS - 789663764337,ASS 1001,INTELBRAS,2.0,Outros,SEM FOTO,INTELBRAS ASS 1001 SISTEMA DE SEGURANCA SMART ISS 1001 INTELBRAS - 789663764337
2065,058144,PRESSOST ALTA DANF KP 5 RM,060-117191,DANFOS,2.0,Outros,SEM FOTO,DANFOS 060-117191 PRESSOST ALTA DANF KP 5 RM
2066,058218,CAMERA DE VIDEO WIFI FULL HD IZC 1004,4545,INTELBRAS,2.0,Eletrônicos / Informática,SEM FOTO,INTELBRAS 4545 CAMERA DE VIDEO WIFI FULL HD IZC 1004
2067,058222,INTERRUPTOR ELETRICO SMART WI-FI TOUCH EWS 1006 BRANCO,EWS 1006,INTELBRAS,2.0,Elétrica / Comandos,SEM FOTO,INTELBRAS EWS 1006 INTERRUPTOR ELETRICO SMART WI-FI TOUCH EWS 1006 BRANCO
2068,058223,INTERRUPTOR SMART WIFI TOUCH EWS 1002 BR,4560,INTELBRAS,2.0,Elétrica / Comandos,SEM FOTO,INTELBRAS 4560 INTERRUPTOR SMART WIFI TOUCH EWS 1002 BR
2069,058231,FILTRO DE AR HEPA LITEF A07757201,41019899,ELECTROLUX,2.0,Refrigeração / Componentes,SEM FOTO,ELECTROLUX 41019899 FILTRO DE AR HEPA LITEF A07757201
2070,058234,FILTRO SAIDA AR MOBI A07760501,41024530,ELECTROLUX,2.0,Refrigeração / Componentes,SEM FOTO,ELECTROLUX 41024530 FILTRO SAIDA AR MOBI A07760501
2071,058296,FITA DE LED 3528 240 LEDS 3000K-12V BRANCO 5MT IP20,3511,ARCOSTAR,2.0,Iluminação,SEM FOTO,ARCOSTAR 3511 FITA DE LED 3528 240 LEDS 3000K-12V BRANCO 5MT IP20
2072,058331,BKS1 BALANCA 5KG DIGITAL BT A19098701,41042801,ELECTROLUX,2.0,Outros,SEM FOTO,ELECTROLUX 41042801 BKS1 BALANCA 5KG DIGITAL BT A19098701
2073,058532,PROTETOR TERMICO COMPRESSOR 2 HP 18KBTU,51080004,MIGRARE,2.0,Refrigeração / Componentes,SEM FOTO,MIGRARE 51080004 PROTETOR TERMICO COMPRESSOR 2 HP 18KBTU
2074,058534,PROTETOR TERMICO COMPRESSOR 3 HP 30KBTU,51080006,MIGRARE,2.0,Refrigeração / Componentes,SEM FOTO,MIGRARE 51080006 PROTETOR TERMICO COMPRESSOR 3 HP 30KBTU
2075,058575,TUBO ELASTOMERICO 1 5/8 M 042 ARMAFLEX TUBO ISOLACAO 19MM,FPIC1BR19042000,ARMACELL,2.0,Instalação de Ar-Condicionado,SEM FOTO,ARMACELL FPIC1BR19042000 TUBO ELASTOMERICO 1 5/8 M 042 ARMAFLEX TUBO ISOLACAO 19MM
2076,058584,TUBO ELASTOMERICO 3/4 H 018 ARMAFLEX ISOLAC TERMICA 13MM,FPIC1BR13018000,ARMACELL,2.0,Instalação de Ar-Condicionado,SEM FOTO,ARMACELL FPIC1BR13018000 TUBO ELASTOMERICO 3/4 H 018 ARMAFLEX ISOLAC TERMICA 13MM
2077,058597,POLIURETANO TIPO A-POLIOL 5KG,100281009,HULTER,2.0,Químicos / Solda e Limpeza,SEM FOTO,HULTER 100281009 POLIURETANO TIPO A-POLIOL 5KG
2078,058770,OLEO KIT PAG DYE VG100 COMPRE 1LT GANHE 250ML PAG 100 PREMIU,PAG 100,SESIL,2.0,Químicos / Solda e Limpeza,SEM FOTO,SESIL PAG 100 OLEO KIT PAG DYE VG100 COMPRE 1LT GANHE 250ML PAG 100 PREMIU
2079,058796,RETENTOR BAIXO TANQUE LR BRASTEMP CONSUL ( COMPATIVEL ),M690,SAMATEC,2.0,Peças para Lavadora e Bebedouro,SEM FOTO,SAMATEC M690 RETENTOR BAIXO TANQUE LR BRASTEMP CONSUL ( COMPATIVEL )
2080,058815,"CAPACITOR CBB60, 35UF +-5% X 250V COM TERMINAL WEG",M477,WEG,2.0,Capacitores,SEM FOTO,"WEG M477 CAPACITOR CBB60, 35UF +-5% X 250V COM TERMINAL WEG"
2081,058873,ALICATE UNIVERSAL 8 A.C,99BR.008.000,UNIFORT,2.0,Ferramentas / Instrumentos,SEM FOTO,UNIFORT 99BR.008.000 ALICATE UNIVERSAL 8 A.C
2082,058917,TERMOSTATO DC35A R600A 41046631,A21170401,ELECTROLUX,2.0,Gases Refrigerantes,SEM FOTO,ELECTROLUX A21170401 TERMOSTATO DC35A R600A 41046631
2083,058992,OSCILANTE PAREDE SUPER DELTA 65 CM BI-VOLT PRETO 160 FIO,75-6332,VENTI DELTA,2.0,Elétrica / Comandos,SEM FOTO,VENTI DELTA 75-6332 OSCILANTE PAREDE SUPER DELTA 65 CM BI-VOLT PRETO 160 FIO
2084,059014,"VALV ESFERA  5/8"" SOLDA SBV(M)-A5YHSY-1 SEM ACESSO SANHUA",TWSA5YHSY-1,SANHUA,2.0,Químicos / Solda e Limpeza,SEM FOTO,"SANHUA TWSA5YHSY-1 VALV ESFERA 5/8"" SOLDA SBV(M)-A5YHSY-1 SEM ACESSO SANHUA"
2085,059030,VISOR DE LIQUIDO ODF 7/8 SOLDA SYJ22H11 SANHUA,SYJ22H11,SANHUA,2.0,Químicos / Solda e Limpeza,SEM FOTO,SANHUA SYJ22H11 VISOR DE LIQUIDO ODF 7/8 SOLDA SYJ22H11 SANHUA
2086,059035,"VALV RETENCAO ODF 1-1/8""SOLDA YCVSH26-99GSHC-1 SANHUA",YCVSH26-99GSHC-1,SANHUA,2.0,Químicos / Solda e Limpeza,SEM FOTO,"SANHUA YCVSH26-99GSHC-1 VALV RETENCAO ODF 1-1/8""SOLDA YCVSH26-99GSHC-1 SANHUA"
2087,059051,TPM-30 TERMOMETRO DIGITAL PORTATIL BRANCO (-50 A 70oC),3004,ELITECH,2.0,Ferramentas / Instrumentos,SEM FOTO,ELITECH 3004 TPM-30 TERMOMETRO DIGITAL PORTATIL BRANCO (-50 A 70oC)
2088,059085,PLACA ELETRONICA POT CONT DIGIT COMPATIVEL C LTE12 64800657,72627610000,EMICOL,2.0,Refrigeração / Componentes,SEM FOTO,EMICOL 72627610000 PLACA ELETRONICA POT CONT DIGIT COMPATIVEL C LTE12 64800657
2089,059102,PLACA ELETR POT COMPATIVEL LTE08 70200433 BIV,72631510000,EMICOL,2.0,Refrigeração / Componentes,SEM FOTO,EMICOL 72631510000 PLACA ELETR POT COMPATIVEL LTE08 70200433 BIV
2090,059140,ALICATE UNIVERSAL ISOLADO OC:1408/2101,8280-200,GEDORE,2.0,Ferramentas / Instrumentos,SEM FOTO,GEDORE 8280-200 ALICATE UNIVERSAL ISOLADO OC:1408/2101
2091,059205,VALV ESFERA ODF 3/4 SOLDA SBV(M)-JA6YHSY-1 SANHUA,SBV(M)-JA6YHSY-1-SA,SANHUA,2.0,Químicos / Solda e Limpeza,SEM FOTO,SANHUA SBV(M)-JA6YHSY-1-SA VALV ESFERA ODF 3/4 SOLDA SBV(M)-JA6YHSY-1 SANHUA
2092,059303,PROTETOR TERMICO MRA5731 585 127V,W10186707,WHIRLPOOL,2.0,Refrigeração / Componentes,SEM FOTO,WHIRLPOOL W10186707 PROTETOR TERMICO MRA5731 585 127V
2093,059353,"CURVA CO 90 LONGA 1.1/2 X 1,40MM HULTER",100264065,HULTER,2.0,Instalação de Ar-Condicionado,SEM FOTO,"HULTER 100264065 CURVA CO 90 LONGA 1.1/2 X 1,40MM HULTER"
2094,059373,MANTA FILTRANTE 10MM CINZA ROLO C/ 10M P-210 3M G1 - P-210,S196682,3M,2.0,Instalação de Ar-Condicionado,SEM FOTO,3M S196682 MANTA FILTRANTE 10MM CINZA ROLO C/ 10M P-210 3M G1 - P-210
2095,059377,CONJUNTO MANIF R22/R134A/410A/ 404A (SEM MANGUEIRAS),CT-536-G,MIGRARE,2.0,Gases Refrigerantes,SEM FOTO,MIGRARE CT-536-G CONJUNTO MANIF R22/R134A/410A/ 404A (SEM MANGUEIRAS)
2096,059392,VALVULA DE EXPANSAO 5/8 X 3/4 ROSCA EQUAL EXT R22/R407 A/C,065998,EMERSON,2.0,Gases Refrigerantes,SEM FOTO,EMERSON 065998 VALVULA DE EXPANSAO 5/8 X 3/4 ROSCA EQUAL EXT R22/R407 A/C
2097,059415,CALCO DE BORRACHA QUADRADO VAZADO 100X100X25 HULTER,100272002,HULTER,2.0,Refrigeração / Componentes,SEM FOTO,HULTER 100272002 CALCO DE BORRACHA QUADRADO VAZADO 100X100X25 HULTER
2098,059504,COMP ELECTROLUX 220-240V 60HZ EL100H 1/3 R134A,41050031,ELECTROLUX,2.0,Gases Refrigerantes,SEM FOTO,ELECTROLUX 41050031 COMP ELECTROLUX 220-240V 60HZ EL100H 1/3 R134A
2099,059601,RELE TERMICO E SOBRECARGA NXR-25 AJUSTE 7-10A CHINT,837116,CHINT,2.0,Elétrica / Comandos,SEM FOTO,CHINT 837116 RELE TERMICO E SOBRECARGA NXR-25 AJUSTE 7-10A CHINT
2100,059613,VALV RETENCAO MAG ODF 7/8 SOLDA CCV25-020 SANHUA,CCV25-020,SANHUA,2.0,Químicos / Solda e Limpeza,SEM FOTO,SANHUA CCV25-020 VALV RETENCAO MAG ODF 7/8 SOLDA CCV25-020 SANHUA
2101,059632,AUTO TRAFO 2000 VA TECNO BIVIOLT 2P+ T (TRANSFORMADOR) FIOLU,10103123111,FIOLUX,2.0,Elétrica / Comandos,SEM FOTO,FIOLUX 10103123111 AUTO TRAFO 2000 VA TECNO BIVIOLT 2P+ T (TRANSFORMADOR) FIOLU
2102,059730,"MALA COM BASE EMBORRACHADA DA 16""  400MM IRWIN",1868231_REV1,IRWIN,2.0,Ferramentas / Instrumentos,SEM FOTO,"IRWIN 1868231_REV1 MALA COM BASE EMBORRACHADA DA 16"" 400MM IRWIN"
2103,059749,"CURVA CO 90 LONGA 1.5/8 X 1,40MM HULTER",100220748,HULTER,2.0,Instalação de Ar-Condicionado,SEM FOTO,"HULTER 100220748 CURVA CO 90 LONGA 1.5/8 X 1,40MM HULTER"
2104,059762,"CAPACITOR DUPLO CBB65, 45UF + 2.5UF X 450VAC TONGFENG",05706081T,TONGFENG,2.0,Capacitores,SEM FOTO,"TONGFENG 05706081T CAPACITOR DUPLO CBB65, 45UF + 2.5UF X 450VAC TONGFENG"
2105,059832,DUTO FLEXIVEL SEM ISOLAMENTO 8 X 10M MODEL NO - FD08S,FD08S,ELECTROLUX,2.0,Instalação de Ar-Condicionado,SEM FOTO,ELECTROLUX FD08S DUTO FLEXIVEL SEM ISOLAMENTO 8 X 10M MODEL NO - FD08S
2106,059894,VALVULA EXPANSAO TERMOST P R404 EQUALIZACAO EXTER ELGIN,45TVEY200000,ELGIN,2.0,Gases Refrigerantes,SEM FOTO,ELGIN 45TVEY200000 VALVULA EXPANSAO TERMOST P R404 EQUALIZACAO EXTER ELGIN
2107,059940,CARCACA 1.1/8 S HULTER REF. HT2STAS-489T,HT2STAS-489T,DUGOLD,2.0,Peças para Lavadora e Bebedouro,SEM FOTO,DUGOLD HT2STAS-489T CARCACA 1.1/8 S HULTER REF. HT2STAS-489T
2108,060033,PISTOLA DE LIMPEZA PREMIUM PARA AR CONDICIONADO SURYHA,80150.198,SURYHA,2.0,Outros,SEM FOTO,SURYHA 80150.198 PISTOLA DE LIMPEZA PREMIUM PARA AR CONDICIONADO SURYHA
2109,060034,MANOMETRO DE ALTA PARA GAS R410/R32 SURYHA,80150.054,SURYHA,2.0,Gases Refrigerantes,SEM FOTO,SURYHA 80150.054 MANOMETRO DE ALTA PARA GAS R410/R32 SURYHA
2110,060055,FITA ISOLANTE DECORLUX 18MMX10M BRANCO,FI0103,DECORLUX,2.0,Instalação de Ar-Condicionado,SEM FOTO,DECORLUX FI0103 FITA ISOLANTE DECORLUX 18MMX10M BRANCO
2111,060361,PRESSOSTATO DUPLA PRESSAO REARME AUT. PS15AAL-S51,PS15AAL-S51,SANHUA,2.0,Automação / Temporizadores,SEM FOTO,SANHUA PS15AAL-S51 PRESSOSTATO DUPLA PRESSAO REARME AUT. PS15AAL-S51
2112,060379,"VALVULA OTIMIZADORA C/ REMOVEDOR DE NUCLEO 5/16""",80150.234,SURYHA,2.0,Refrigeração / Componentes,SEM FOTO,"SURYHA 80150.234 VALVULA OTIMIZADORA C/ REMOVEDOR DE NUCLEO 5/16"""
2113,060395,"VALVULA DE SERVICO PARA CONDENSADORA DE 5/8"" R22",80170.023,SURYHA,2.0,Gases Refrigerantes,SEM FOTO,"SURYHA 80170.023 VALVULA DE SERVICO PARA CONDENSADORA DE 5/8"" R22"
2114,060398,"UNIAO FLANGEADA DE LATAO 3/8""",80170.011,SURYHA,2.0,Instalação de Ar-Condicionado,SEM FOTO,"SURYHA 80170.011 UNIAO FLANGEADA DE LATAO 3/8"""
2115,060488,"KIT MANGUEIRA MANIFOLD 1,5M - R22, R134, R 404 - 600-3000 PS",R10011360201001001,GALLANT,2.0,Gases Refrigerantes,SEM FOTO,"GALLANT R10011360201001001 KIT MANGUEIRA MANIFOLD 1,5M - R22, R134, R 404 - 600-3000 PS"
2116,060491,"FLANGEADOR EXCENTRICO COM CATRACA 1/4"" A 3/4""",80150.079,SURYHA,2.0,Ferramentas / Instrumentos,SEM FOTO,"SURYHA 80150.079 FLANGEADOR EXCENTRICO COM CATRACA 1/4"" A 3/4"""
2117,060498,"CURVADOR DE TUBO 5/8""",80150.040,SURYHA,2.0,Ferramentas / Instrumentos,SEM FOTO,"SURYHA 80150.040 CURVADOR DE TUBO 5/8"""
2118,060499,PENTE PARA ALETAS 6 MEDIDAS,80150.043,SURYHA,2.0,Ferramentas / Instrumentos,SEM FOTO,SURYHA 80150.043 PENTE PARA ALETAS 6 MEDIDAS
2119,060501,BICO MACARICO AUTOMATICO COM EXTENSAO,80150.067,SURYHA,2.0,Químicos / Solda e Limpeza,SEM FOTO,SURYHA 80150.067 BICO MACARICO AUTOMATICO COM EXTENSAO
2120,060507,MANIFOLD COM MANGUEIRA 90CM R22 R134 R404,80150.030,SURYHA,2.0,Gases Refrigerantes,SEM FOTO,SURYHA 80150.030 MANIFOLD COM MANGUEIRA 90CM R22 R134 R404
2121,060518,"CORTADOR DE TUBOS 1/8""A 1 1/8""",80150.032,SURYHA,2.0,Ferramentas / Instrumentos,SEM FOTO,"SURYHA 80150.032 CORTADOR DE TUBOS 1/8""A 1 1/8"""
2122,060534,COLETOR DE LIMPEZA SPLIT DESMONTAVEL COM BOLSA 18 A 30 BTUS,CL001D30BT,SPAZIO,2.0,Refrigeração / Componentes,SEM FOTO,SPAZIO CL001D30BT COLETOR DE LIMPEZA SPLIT DESMONTAVEL COM BOLSA 18 A 30 BTUS
2123,060565,FITA ALUMINIZADA 45MMX45M HULTER,15915,HULTER,2.0,Instalação de Ar-Condicionado,SEM FOTO,HULTER 15915 FITA ALUMINIZADA 45MMX45M HULTER
2124,060571,CONTROLE DE AR SPLIT MIDEA/LIVA  FBG-9069,FBG-9069,FBG,2.0,Refrigeração / Componentes,SEM FOTO,FBG FBG-9069 CONTROLE DE AR SPLIT MIDEA/LIVA FBG-9069
2125,060575,CONTROLE AR CONDICIONADO SAMSUNG MAXX-7068,MAXX-7068,FBG,2.0,Refrigeração / Componentes,SEM FOTO,FBG MAXX-7068 CONTROLE AR CONDICIONADO SAMSUNG MAXX-7068
2126,060604,BATERIA ALCALINA FOXLUX LR44,LR44,FBG,2.0,Eletrônicos / Informática,SEM FOTO,FBG LR44 BATERIA ALCALINA FOXLUX LR44
2127,060640,ALICATE AMPERIMETRO DIGITAL HULTER DG26 CATII 750V/DC1000V,HT5266F,FACON,2.0,Ferramentas / Instrumentos,SEM FOTO,FACON HT5266F ALICATE AMPERIMETRO DIGITAL HULTER DG26 CATII 750V/DC1000V
2128,060281,GAS R22 13.6 KG ONU 1018 BLUE,00011583,TOTALINE,1.528,Gases Refrigerantes,SEM FOTO,TOTALINE 00011583 GAS R22 13.6 KG ONU 1018 BLUE
2129,005025,MANGUEIRA TRANCADA 5/8 METRO,370020600,AFA PLASTICOS,1.5,Instalação de Ar-Condicionado,SEM FOTO,AFA PLASTICOS 370020600 MANGUEIRA TRANCADA 5/8 METRO
2130,000474,CORPO VALVULA EXPANSAO TEX2 R22 3/8X1/2 ROSCA - 068Z3209,068Z3209,DANFOS,1.0,Gases Refrigerantes,SEM FOTO,DANFOS 068Z3209 CORPO VALVULA EXPANSAO TEX2 R22 3/8X1/2 ROSCA - 068Z3209
2131,000475,CORPO VALVULA EXPANSAO TS2 R404A/R507 3/8X1/2 ROSCA,068Z3400,DANFOS,1.0,Gases Refrigerantes,SEM FOTO,DANFOS 068Z3400 CORPO VALVULA EXPANSAO TS2 R404A/R507 3/8X1/2 ROSCA
2132,001263,COMP SCROLL PANASSONIC 220V R22 48000 BTUS TRIF CSB303H6B,CSB303H6B,PANASSONIC,1.0,Gases Refrigerantes,SEM FOTO,PANASSONIC CSB303H6B COMP SCROLL PANASSONIC 220V R22 48000 BTUS TRIF CSB303H6B
2133,001583,PILHA ALCALINA PALITO AAA PAR PANASSONIC,LR03-2BT,PANASSONIC,1.0,Eletrônicos / Informática,SEM FOTO,PANASSONIC LR03-2BT PILHA ALCALINA PALITO AAA PAR PANASSONIC
2134,002126,MACARICO PORTATIL AUTOMATICO SURYHA,80150.016,SURYHA,1.0,Químicos / Solda e Limpeza,SEM FOTO,SURYHA 80150.016 MACARICO PORTATIL AUTOMATICO SURYHA
2135,002424,TUBO DE COBRE FLEX 3/8X1/32 ST TTLN,000753,TOTALINE,1.0,Instalação de Ar-Condicionado,SEM FOTO,TOTALINE 000753 TUBO DE COBRE FLEX 3/8X1/32 ST TTLN
2136,003515,CHAVE PHILIPS 1/4X4 GEDORE,36310,GEDORE,1.0,Ferramentas / Instrumentos,SEM FOTO,GEDORE 36310 CHAVE PHILIPS 1/4X4 GEDORE
2137,003516,CHAVE PHILIPS 1/4X6 GEDORE,36320,GEDORE,1.0,Ferramentas / Instrumentos,SEM FOTO,GEDORE 36320 CHAVE PHILIPS 1/4X6 GEDORE
2138,003520,CHAVE PHILIPS 1/4X14 GEDORE,36326,GEDORE,1.0,Ferramentas / Instrumentos,SEM FOTO,GEDORE 36326 CHAVE PHILIPS 1/4X14 GEDORE
2139,003521,CHAVE PHILIPS 1/4X12 GEDORE,36284,GEDORE,1.0,Ferramentas / Instrumentos,SEM FOTO,GEDORE 36284 CHAVE PHILIPS 1/4X12 GEDORE
2140,005193,PLACA UNIVERSAL PRA AR COND C/CONTROLE VDISPLAY NUMER SURYHA,80150.064,SURYHA,1.0,Refrigeração / Componentes,SEM FOTO,SURYHA 80150.064 PLACA UNIVERSAL PRA AR COND C/CONTROLE VDISPLAY NUMER SURYHA
2141,005281,CHAVE TORQUE JOGO PRETA TIPO CHAVEIRO 8 PECAS - SECURITY,47578.20,SECURITY,1.0,Ferramentas / Instrumentos,SEM FOTO,SECURITY 47578.20 CHAVE TORQUE JOGO PRETA TIPO CHAVEIRO 8 PECAS - SECURITY
2142,051753,CHAVE ALLEM JOGO 7 PECAS - SECURITY,7A145-WL023-P,SECURITY,1.0,Ferramentas / Instrumentos,SEM FOTO,SECURITY 7A145-WL023-P CHAVE ALLEM JOGO 7 PECAS - SECURITY
2143,051840,OLEO MONTREAL BOMBA DE VACUO ISO VG 46 1LT,0004.1,MONTREAL,1.0,Químicos / Solda e Limpeza,SEM FOTO,MONTREAL 0004.1 OLEO MONTREAL BOMBA DE VACUO ISO VG 46 1LT
2144,051857,CAPACITOR ELETROLITICO 1/4 161/193 220V EOS,D2002,EOS,1.0,Capacitores,SEM FOTO,EOS D2002 CAPACITOR ELETROLITICO 1/4 161/193 220V EOS
2145,051863,CAPACITOR  ELETROLITICO 1HP 460/552 1100V EOS,D1995,EOS,1.0,Capacitores,SEM FOTO,EOS D1995 CAPACITOR ELETROLITICO 1HP 460/552 1100V EOS
2146,051873,CONTROLADOR DE TEMPERATURA ICEMATIC FULL GAUGE,C21468,FULL GAUGE,1.0,Automação / Temporizadores,SEM FOTO,FULL GAUGE C21468 CONTROLADOR DE TEMPERATURA ICEMATIC FULL GAUGE
2147,051957,CONTROLADOR NEW ANASOL GRAUS FULL GAUGE 115/230V,C26624,FULL GAUGE,1.0,Automação / Temporizadores,SEM FOTO,FULL GAUGE C26624 CONTROLADOR NEW ANASOL GRAUS FULL GAUGE 115/230V
2148,052009,PLACA POTEN COMPATIVEL LM06/LF80 BIVOLT 64800160,CP0138,CP PLACAS,1.0,Refrigeração / Componentes,SEM FOTO,CP PLACAS CP0138 PLACA POTEN COMPATIVEL LM06/LF80 BIVOLT 64800160
2149,052025,MODULO COMP REFRIGER 127V BRM 35/41A B CRM 35/38 A B/ BRM36,592,CP PLACAS,1.0,Elétrica / Comandos,SEM FOTO,CP PLACAS 592 MODULO COMP REFRIGER 127V BRM 35/41A B CRM 35/38 A B/ BRM36
2150,052043,PLACA POTEN COMPATIVEL LTC10_V1 - AW BIVOLT,1433,CP PLACAS,1.0,Refrigeração / Componentes,SEM FOTO,CP PLACAS 1433 PLACA POTEN COMPATIVEL LTC10_V1 - AW BIVOLT
2151,052134,"CAPACITOR DUPLO CBB65, 60UF + 8UF X 380VAC EOS",D150930,EOS,1.0,Capacitores,SEM FOTO,"EOS D150930 CAPACITOR DUPLO CBB65, 60UF + 8UF X 380VAC EOS"
2152,052171,"INTERFACE LAVAD ELETRON CWL10B10,2KG/CWL75A 7,5KG WHIRLPOOL",W10344774,WHIRLPOOL,1.0,Peças para Lavadora e Bebedouro,SEM FOTO,"WHIRLPOOL W10344774 INTERFACE LAVAD ELETRON CWL10B10,2KG/CWL75A 7,5KG WHIRLPOOL"
2153,052181,CONTR ELETR REFR 2 PT BRE49B/BRE49C BIV W10314647 WHIRLPOOL,326061172,WHIRLPOOL,1.0,Outros,SEM FOTO,WHIRLPOOL 326061172 CONTR ELETR REFR 2 PT BRE49B/BRE49C BIV W10314647 WHIRLPOOL
2154,052199,COMP EMBRACO 220V 60HZ R134A 1/3HP 937BTU EGAS100HLR,W10393815,EMBRACO,1.0,Gases Refrigerantes,SEM FOTO,EMBRACO W10393815 COMP EMBRACO 220V 60HZ R134A 1/3HP 937BTU EGAS100HLR
2155,052233,MICRO MOTOR 1/40 N5-13/527BR HELICE PLASTICA BIVOLT ELCO,N5-13/527BR,ELCO,1.0,Refrigeração / Componentes,SEM FOTO,ELCO N5-13/527BR MICRO MOTOR 1/40 N5-13/527BR HELICE PLASTICA BIVOLT ELCO
2156,052282,KIT DETECTOR VAZAMENTO LEAK REPAIR 15ML BW,202,BRASWELD,1.0,Ferramentas / Instrumentos,SEM FOTO,BRASWELD 202 KIT DETECTOR VAZAMENTO LEAK REPAIR 15ML BW
2157,052291,CANALETA HELACLIMA AC6050,AC6050,HELLERMANNTYTON,1.0,Elétrica / Comandos,SEM FOTO,HELLERMANNTYTON AC6050 CANALETA HELACLIMA AC6050
2158,052324,MOTOR ALETA SUINGUE ELECTROLUX BI18F/BI18R/TI18R/TI18F,15012086,ELECTROLUX,1.0,Refrigeração / Componentes,SEM FOTO,ELECTROLUX 15012086 MOTOR ALETA SUINGUE ELECTROLUX BI18F/BI18R/TI18R/TI18F
2159,052380,KIT SENSOR REFRIGERADOR ELECTROLUX DFF36/44,B916770,SAMATEC,1.0,Refrigeração / Componentes,SEM FOTO,SAMATEC B916770 KIT SENSOR REFRIGERADOR ELECTROLUX DFF36/44
2160,052382,REDE ELECTROLUX C SENSOR DFW51/DF50 10K SAMATEC,B70295125,SAMATEC,1.0,Refrigeração / Componentes,SEM FOTO,SAMATEC B70295125 REDE ELECTROLUX C SENSOR DFW51/DF50 10K SAMATEC
2161,052445,VISOR DE LIQUIDO 1/2R MACHO 014L0009,014L0009,DANFOS,1.0,Refrigeração / Componentes,SEM FOTO,DANFOS 014L0009 VISOR DE LIQUIDO 1/2R MACHO 014L0009
2162,052459,RELE KLIXON 1/3 110V/60HZ SERIE R6 MODELO B FACON,187,FACON,1.0,Refrigeração / Componentes,SEM FOTO,FACON 187 RELE KLIXON 1/3 110V/60HZ SERIE R6 MODELO B FACON
2163,052469,RELE E PROT TERMICO CONJUG EMBRACO 1/8 110V MOD PW-A 18 ESSE,R018,ESSEK,1.0,Peças para Lavadora e Bebedouro,SEM FOTO,ESSEK R018 RELE E PROT TERMICO CONJUG EMBRACO 1/8 110V MOD PW-A 18 ESSE
2164,052531,VALVULA ENTRADA DAGUA 1 VIAS LAV ELECTR 8KG127V EMIC 6428113,M26441,EMICOL,1.0,Elétrica / Comandos,SEM FOTO,EMICOL M26441 VALVULA ENTRADA DAGUA 1 VIAS LAV ELECTR 8KG127V EMIC 6428113
2165,052532,FILTRO SEC 3/4X350 ROSCA DCL166S / DML 166S DANFOSS,023Z5071,DANFOS,1.0,Refrigeração / Componentes,SEM FOTO,DANFOS 023Z5071 FILTRO SEC 3/4X350 ROSCA DCL166S / DML 166S DANFOSS
2166,052534,PRESSOSTATO 4 NIVEIS LAV LT12F ELECTROLUX 41021551,64502001,ELECTROLUX,1.0,Automação / Temporizadores,SEM FOTO,ELECTROLUX 64502001 PRESSOSTATO 4 NIVEIS LAV LT12F ELECTROLUX 41021551
2167,052540,PLACA INTERFACE REFR ELECTROLUX DC49X 41044997,64800243,ELECTROLUX,1.0,Refrigeração / Componentes,SEM FOTO,ELECTROLUX 64800243 PLACA INTERFACE REFR ELECTROLUX DC49X 41044997
2168,052652,PRESSOSTATO 4 NIVEIS LAV ELECTROLUX LTC10/LT11F 41004298,64500235,ELECTROLUX,1.0,Automação / Temporizadores,SEM FOTO,ELECTROLUX 64500235 PRESSOSTATO 4 NIVEIS LAV ELECTROLUX LTC10/LT11F 41004298
2169,052695,"CAPACITOR DUPLO CBB65, 40UF + 6UF X 440VAC ONDA POSITIVA",CPTOP0400006044,ONDA POSITIVA,1.0,Capacitores,SEM FOTO,"ONDA POSITIVA CPTOP0400006044 CAPACITOR DUPLO CBB65, 40UF + 6UF X 440VAC ONDA POSITIVA"
2170,052701,CONTROLE UNIVERSAL P AR CONDICIONADO DG109II DUGOLD,DG109II,DUGOLD,1.0,Refrigeração / Componentes,SEM FOTO,DUGOLD DG109II CONTROLE UNIVERSAL P AR CONDICIONADO DG109II DUGOLD
2171,052703,AGITADOR  ELECTROLUX FIXO LM08/LTR12/LF11/LBT12,LBT12,BURDOG,1.0,Peças para Lavadora e Bebedouro,SEM FOTO,BURDOG LBT12 AGITADOR ELECTROLUX FIXO LM08/LTR12/LF11/LBT12
2172,052719,"TUBO CAPILAR 0,80X3M FACON",0080,FACON,1.0,Instalação de Ar-Condicionado,SEM FOTO,"FACON 0080 TUBO CAPILAR 0,80X3M FACON"
2173,052819,CONTROLE UNIVERSAL P AR CONDICIONADO KT-9018E FACON,KT-9018E,FACON,1.0,Refrigeração / Componentes,SEM FOTO,FACON KT-9018E CONTROLE UNIVERSAL P AR CONDICIONADO KT-9018E FACON
2174,052848,SIFAO 1.1/8 FRIVEN,20003.1606.05,FRIVEN,1.0,Hidráulica,SEM FOTO,FRIVEN 20003.1606.05 SIFAO 1.1/8 FRIVEN
2175,052898,PLACA SUPERIOR PERFIL LAVADORA LM08/LM08A/LF90/LQ90 41011957,64800201,ELECTROLUX,1.0,Peças para Lavadora e Bebedouro,SEM FOTO,ELECTROLUX 64800201 PLACA SUPERIOR PERFIL LAVADORA LM08/LM08A/LF90/LQ90 41011957
2176,052903,SUSPENSAO TRASEIRA PU LADO MOT TOP08/LM08A/LF90 41005391,70092466,ELECTROLUX,1.0,Peças para Lavadora e Bebedouro,SEM FOTO,ELECTROLUX 70092466 SUSPENSAO TRASEIRA PU LADO MOT TOP08/LM08A/LF90 41005391
2177,052932,MULTIMETRO DIGITAL MY63 20KHZ 1000V FACON,MY63,FACON,1.0,Ferramentas / Instrumentos,SEM FOTO,FACON MY63 MULTIMETRO DIGITAL MY63 20KHZ 1000V FACON
2178,052965,PROGRAMADOR COEL HORARIO ELETRONICO 220V RTM - 11.249.014,11249014,COEL,1.0,Automação / Temporizadores,SEM FOTO,COEL 11249014 PROGRAMADOR COEL HORARIO ELETRONICO 220V RTM - 11.249.014
2179,052996,CHAVE T 8MMX42CM LONGA ELECTROLUX,3299,SAMATEC,1.0,Ferramentas / Instrumentos,SEM FOTO,SAMATEC 3299 CHAVE T 8MMX42CM LONGA ELECTROLUX
2180,053035,TRAVA TAMPA LAV BRASTEMP BRASTEMP/BWH15 BWS15 W10829873,W10829873,WHIRLPOOL,1.0,Refrigeração / Componentes,SEM FOTO,WHIRLPOOL W10829873 TRAVA TAMPA LAV BRASTEMP BRASTEMP/BWH15 BWS15 W10829873
2181,053077,TERMOSTATO BEBEDOURO/ESPOSITOR/REFRESQ RC45000-2 IMEXPORT,W-R RC45000-2,FACON,1.0,Peças para Lavadora e Bebedouro,SEM FOTO,FACON W-R RC45000-2 TERMOSTATO BEBEDOURO/ESPOSITOR/REFRESQ RC45000-2 IMEXPORT
2182,053098,FURADEIRA DE IMPACTO 10MM 2 VELOC 550W 127V MODELO 6662 SKIL,F012.666.2AB-000,SKIL,1.0,Ferramentas / Instrumentos,SEM FOTO,SKIL F012.666.2AB-000 FURADEIRA DE IMPACTO 10MM 2 VELOC 550W 127V MODELO 6662 SKIL
2183,053100,MANGUEIRA PRA LAVADORA DRENAGEM 35MM BWB08A/BWB09A/BWB11A,326031817,WHIRLPOOL,1.0,Peças para Lavadora e Bebedouro,SEM FOTO,WHIRLPOOL 326031817 MANGUEIRA PRA LAVADORA DRENAGEM 35MM BWB08A/BWB09A/BWB11A
2184,053262,TUBO CENTRIFUGACAO (COMPLETO) CONJ LAVAD BRAST 11KG BWL11ARA,326012774,WHIRLPOOL,1.0,Peças para Lavadora e Bebedouro,SEM FOTO,WHIRLPOOL 326012774 TUBO CENTRIFUGACAO (COMPLETO) CONJ LAVAD BRAST 11KG BWL11ARA
2185,053289,MANGUEIRA PRA LAVADORA DRENAGEM 35MM BWB08A/BWB09A AFA PLAST,326031817,AFA PLASTICOS,1.0,Peças para Lavadora e Bebedouro,SEM FOTO,AFA PLASTICOS 326031817 MANGUEIRA PRA LAVADORA DRENAGEM 35MM BWB08A/BWB09A AFA PLAST
2186,053293,REDE MOTOR ELECT C SENSOR DFF40/DF45/DFW45/DF48X/DW48X/DF38/,70292360,ELECTROLUX,1.0,Refrigeração / Componentes,SEM FOTO,ELECTROLUX 70292360 REDE MOTOR ELECT C SENSOR DFF40/DF45/DFW45/DF48X/DW48X/DF38/
2187,053315,"TUBO CAPILAR 0,036X3M FACON",0036,FACON,1.0,Instalação de Ar-Condicionado,SEM FOTO,"FACON 0036 TUBO CAPILAR 0,036X3M FACON"
2188,053339,DEFLETOR DE MACARICO TURBO TOCH INOX 16MM,B950820,SAMATEC,1.0,Químicos / Solda e Limpeza,SEM FOTO,SAMATEC B950820 DEFLETOR DE MACARICO TURBO TOCH INOX 16MM
2189,053348,COOLER 120X120X38 EOS,12038HS-2N,EOS,1.0,Outros,SEM FOTO,EOS 12038HS-2N COOLER 120X120X38 EOS
2190,053422,TERMOSTATO K50-P1133,K50-P1133,EVERWELL,1.0,Refrigeração / Componentes,SEM FOTO,EVERWELL K50-P1133 TERMOSTATO K50-P1133
2191,053440,RETENTOR DO CAMBIO ELECT LTE07/08 LTD06/09 LT09B 65400924,952257,SAMATEC,1.0,Peças para Lavadora e Bebedouro,SEM FOTO,SAMATEC 952257 RETENTOR DO CAMBIO ELECT LTE07/08 LTD06/09 LT09B 65400924
2192,053459,BOTINA ELESTICO BIDENSIDADE SEM BICO 39 MOD10 CARTON,002186,CARTON,1.0,EPI / Segurança,SEM FOTO,CARTON 002186 BOTINA ELESTICO BIDENSIDADE SEM BICO 39 MOD10 CARTON
2193,053519,FITA ISOLANTE DECORLUX 18MMX20M VERMELHO,FI0207,DECORLUX,1.0,Instalação de Ar-Condicionado,SEM FOTO,DECORLUX FI0207 FITA ISOLANTE DECORLUX 18MMX20M VERMELHO
2194,053540,CHAVE PHILIPS TOCO 1/4X1.1/2 GEDORE,36420,GEDORE,1.0,Ferramentas / Instrumentos,SEM FOTO,GEDORE 36420 CHAVE PHILIPS TOCO 1/4X1.1/2 GEDORE
2195,053549,CHAVE BIELA 10 ROBUST,064001,GEDORE,1.0,Ferramentas / Instrumentos,SEM FOTO,GEDORE 064001 CHAVE BIELA 10 ROBUST
2196,053598,SUPORTE COM CUNHA MONDIAL BRASTEMP - ALADO,7112119,ALADO,1.0,Instalação de Ar-Condicionado,SEM FOTO,ALADO 7112119 SUPORTE COM CUNHA MONDIAL BRASTEMP - ALADO
2197,053600,CUNHA COM PARAFUSO INOX MONDIAL BRASTEMP/CONSUL - ALADO,7112121,ALADO,1.0,Fixação e Acessórios,SEM FOTO,ALADO 7112121 CUNHA COM PARAFUSO INOX MONDIAL BRASTEMP/CONSUL - ALADO
2198,053609,CONTROLE SIMILAR P AR COND KOMECO/AR FREE/MIDEA/YORK SEL-9-8,SEL-9-8081,SEL,1.0,Refrigeração / Componentes,SEM FOTO,SEL SEL-9-8081 CONTROLE SIMILAR P AR COND KOMECO/AR FREE/MIDEA/YORK SEL-9-8
2199,053636,TERMOSTATO BEBEDOURO/REFRESQUEIRA STANDARD W-R-43600-2,W-R-43600-2,EOS,1.0,Peças para Lavadora e Bebedouro,SEM FOTO,EOS W-R-43600-2 TERMOSTATO BEBEDOURO/REFRESQUEIRA STANDARD W-R-43600-2
2200,053764,CONTROLE UNIVERSAL P AR CONDICION GREE Y512F2/Y512F/Y512,Y512F2/Y512F/Y512,MXT,1.0,Refrigeração / Componentes,SEM FOTO,MXT Y512F2/Y512F/Y512 CONTROLE UNIVERSAL P AR CONDICION GREE Y512F2/Y512F/Y512
2201,053787,LUVA DE PANO MALHA 3 FIOS BRANCA WORKER,8117,WORKER,1.0,EPI / Segurança,SEM FOTO,WORKER 8117 LUVA DE PANO MALHA 3 FIOS BRANCA WORKER
2202,053885,CONTROLE ELETRONICO LAVADORA CONSUL CWE08/CWE09 W10818971,W10818971,WHIRLPOOL,1.0,Peças para Lavadora e Bebedouro,SEM FOTO,WHIRLPOOL W10818971 CONTROLE ELETRONICO LAVADORA CONSUL CWE08/CWE09 W10818971
2203,053916,DISJUNTOR DIN TRI 3P 80A DZ158-125 6KA CHINT,158070,CHINT,1.0,Elétrica / Comandos,SEM FOTO,CHINT 158070 DISJUNTOR DIN TRI 3P 80A DZ158-125 6KA CHINT
2204,053998,BOTINA AMA 3 G NOBUCK CAFE 38 S BICO BI TP092 CARTON,003956,CARTON,1.0,EPI / Segurança,SEM FOTO,CARTON 003956 BOTINA AMA 3 G NOBUCK CAFE 38 S BICO BI TP092 CARTON
2205,053999,TENIS AMA 3 UNISEX G NOBUCK CAFE  38 S BICO BI TOP053FN CART,003956,CARTON,1.0,EPI / Segurança,SEM FOTO,CARTON 003956 TENIS AMA 3 UNISEX G NOBUCK CAFE 38 S BICO BI TOP053FN CART
2206,054001,TENIS AMA 3 UNISEX G NOBUCK CAFE  40 S BICO BI TOP053FN CART,006645,CARTON,1.0,EPI / Segurança,SEM FOTO,CARTON 006645 TENIS AMA 3 UNISEX G NOBUCK CAFE 40 S BICO BI TOP053FN CART
2207,054002,TENIS AMA 3 UNISEX G NOBUCK CAFE  41 S BICO BI TOP053FN CART,006646,CARTON,1.0,EPI / Segurança,SEM FOTO,CARTON 006646 TENIS AMA 3 UNISEX G NOBUCK CAFE 41 S BICO BI TOP053FN CART
2208,054045,VALVULA DIRECIONADORA FLUXO LAVAD ELECTR LB12Q/LF11 41005526,A10268301,ELECTROLUX,1.0,Químicos / Solda e Limpeza,SEM FOTO,ELECTROLUX A10268301 VALVULA DIRECIONADORA FLUXO LAVAD ELECTR LB12Q/LF11 41005526
2209,054112,RELE PROTETOR EMBRACO SERIE R9 1/4HP 110V/60HZ FACON,R9 1/4HP,FACON,1.0,Refrigeração / Componentes,SEM FOTO,FACON R9 1/4HP RELE PROTETOR EMBRACO SERIE R9 1/4HP 110V/60HZ FACON
2210,054170,DISJUNTOR DIN MONOPOLAR 1P C10A 3KA - REF: 185442,185442,CHINT,1.0,Elétrica / Comandos,SEM FOTO,CHINT 185442 DISJUNTOR DIN MONOPOLAR 1P C10A 3KA - REF: 185442
2211,054179,CAIXA CONTROLE DO REFRIG ELECTROLUX DC49X 110V 41015000,70292464,ELECTROLUX,1.0,Elétrica / Comandos,SEM FOTO,ELECTROLUX 70292464 CAIXA CONTROLE DO REFRIG ELECTROLUX DC49X 110V 41015000
2212,054292,TUBO CENTRIFUGACAO LAVADORA BRASTEMP E CONSUL RFW3005 ALADO,7112101,ALADO,1.0,Peças para Lavadora e Bebedouro,SEM FOTO,ALADO 7112101 TUBO CENTRIFUGACAO LAVADORA BRASTEMP E CONSUL RFW3005 ALADO
2213,054301,DISJUNTOR DIN BIPOLAR 2P C40A 3KA CH REF: 185460,185460,CHINT,1.0,Elétrica / Comandos,SEM FOTO,CHINT 185460 DISJUNTOR DIN BIPOLAR 2P C40A 3KA CH REF: 185460
2214,054324,UNIAO RETA TUBO 1/4 BRANCA,CN017,PLANETA AGUA,1.0,Instalação de Ar-Condicionado,SEM FOTO,PLANETA AGUA CN017 UNIAO RETA TUBO 1/4 BRANCA
2215,054335,"PARAFUSADEIRA RETA BOSCH GO 3,6V COM KIT",0 601 9H2 0E1-805,BOSCH,1.0,Ferramentas / Instrumentos,SEM FOTO,"BOSCH 0 601 9H2 0E1-805 PARAFUSADEIRA RETA BOSCH GO 3,6V COM KIT"
2216,054345,CAPACETE VERMELHO,WPS0876,DELTAPLUS,1.0,EPI / Segurança,SEM FOTO,DELTAPLUS WPS0876 CAPACETE VERMELHO
2217,054369,TERMINAL PINO VERMELHO PRE ISOLADO 10MM 50A,TP-4107,DECORLUX,1.0,Elétrica / Comandos,SEM FOTO,DECORLUX TP-4107 TERMINAL PINO VERMELHO PRE ISOLADO 10MM 50A
2218,054392,RESISTENCIA DO EVAPORADOR ELECTROLUX DF35 127V 70002042,LD50,MJ IND E COMERCIO,1.0,Refrigeração / Componentes,SEM FOTO,MJ IND E COMERCIO LD50 RESISTENCIA DO EVAPORADOR ELECTROLUX DF35 127V 70002042
2219,054459,KIT SENSOR DE CAMPO 10K REFR/GELAD BRAST/CONSUL WHIRLPOOL,326005854,WHIRLPOOL,1.0,Refrigeração / Componentes,SEM FOTO,WHIRLPOOL 326005854 KIT SENSOR DE CAMPO 10K REFR/GELAD BRAST/CONSUL WHIRLPOOL
2220,054479,CHAVE AJUSTAVEL 8 POLEGADAS SECURITY,GWB-1203-8,SECURITY,1.0,Ferramentas / Instrumentos,SEM FOTO,SECURITY GWB-1203-8 CHAVE AJUSTAVEL 8 POLEGADAS SECURITY
2221,054480,CHAVE AJUSTAVEL 10 POLEGADAS SECURITY GWB-1253-10,A010-HD-B10,SECURITY,1.0,Ferramentas / Instrumentos,SEM FOTO,SECURITY A010-HD-B10 CHAVE AJUSTAVEL 10 POLEGADAS SECURITY GWB-1253-10
2222,054490,TORNEIRA PRA BEBEDOURO TIPO JATO COPO MADASA BELLIERE,1295060,MADASA,1.0,Peças para Lavadora e Bebedouro,SEM FOTO,MADASA 1295060 TORNEIRA PRA BEBEDOURO TIPO JATO COPO MADASA BELLIERE
2223,054493,CONTROLE SIMILAR P AR COND LG LE-7425 LELONG,LE-7425,LELONG,1.0,Refrigeração / Componentes,SEM FOTO,LELONG LE-7425 CONTROLE SIMILAR P AR COND LG LE-7425 LELONG
2224,054497,CURVA CO 90 LONGA 3/4 FRIVEN,20003.1602.05,FRIVEN,1.0,Instalação de Ar-Condicionado,SEM FOTO,FRIVEN 20003.1602.05 CURVA CO 90 LONGA 3/4 FRIVEN
2225,054532,VALVULA ENTRADA D´AGUA 2 VIAS LAV LTE09/LM06/LF80/LF75/LQ75,64287483,ELECTROLUX,1.0,Elétrica / Comandos,SEM FOTO,ELECTROLUX 64287483 VALVULA ENTRADA D´AGUA 2 VIAS LAV LTE09/LM06/LF80/LF75/LQ75
2226,054542,MICRO MOTOR ELCO 1/20 220V EXAUSTOR FIXACAO TRASEIRA,VN16-30/396F,ELCO,1.0,Refrigeração / Componentes,SEM FOTO,ELCO VN16-30/396F MICRO MOTOR ELCO 1/20 220V EXAUSTOR FIXACAO TRASEIRA
2227,054550,VALVULA ENTRADA D´AGUA 3 VIAS LAV ELECT LBU15/LUC10 41016782,A10244101,ELECTROLUX,1.0,Elétrica / Comandos,SEM FOTO,ELECTROLUX A10244101 VALVULA ENTRADA D´AGUA 3 VIAS LAV ELECT LBU15/LUC10 41016782
2228,054559,PRESSOSTATO 4 NIVEIS LAV ELECTROLUX LTE06 41002669,67496251,ELECTROLUX,1.0,Automação / Temporizadores,SEM FOTO,ELECTROLUX 67496251 PRESSOSTATO 4 NIVEIS LAV ELECTROLUX LTE06 41002669
2229,054569,MOTOR 1/4 4P 127V/60 LAVADORA ELECTROLUX 41004170,64300003,ELECTROLUX,1.0,Peças para Lavadora e Bebedouro,SEM FOTO,ELECTROLUX 64300003 MOTOR 1/4 4P 127V/60 LAVADORA ELECTROLUX 41004170
2230,054603,DOBRADICA CENTRAL REFRG ELECTROLUX FTR35S/DF35/DF46 41000407,62545864,ELECTROLUX,1.0,Fixação e Acessórios,SEM FOTO,ELECTROLUX 62545864 DOBRADICA CENTRAL REFRG ELECTROLUX FTR35S/DF35/DF46 41000407
2231,054676,TERMOSTATO REFRIGERADOR ELECTROL DC33/DC35/DCW35 41012759,64786914,ELECTROLUX,1.0,Refrigeração / Componentes,SEM FOTO,ELECTROLUX 64786914 TERMOSTATO REFRIGERADOR ELECTROL DC33/DC35/DCW35 41012759
2232,054698,MANGUEIRA DO PRESSOSTATO ELECT LTR15 41015602,67401381,ELECTROLUX,1.0,Automação / Temporizadores,SEM FOTO,ELECTROLUX 67401381 MANGUEIRA DO PRESSOSTATO ELECT LTR15 41015602
2233,054721,VALVULA ENTRADA D´AGUA 2 VIAS LAV ELECT LT09E/LT60L/TE07 410,64287509,ELECTROLUX,1.0,Elétrica / Comandos,SEM FOTO,ELECTROLUX 64287509 VALVULA ENTRADA D´AGUA 2 VIAS LAV ELECT LT09E/LT60L/TE07 410
2234,054746,PRESSOSTATO 4 NIVEIS LAV ELECTROL LTE08 41015815,64500307,ELECTROLUX,1.0,Automação / Temporizadores,SEM FOTO,ELECTROLUX 64500307 PRESSOSTATO 4 NIVEIS LAV ELECTROL LTE08 41015815
2235,054754,MALA PARA FERRAMENTAS COM ALCA INOX AZUL FACON,BS004,FACON,1.0,Ferramentas / Instrumentos,SEM FOTO,FACON BS004 MALA PARA FERRAMENTAS COM ALCA INOX AZUL FACON
2236,054757,COLETE PARA FERRAMENTAS FACON,BS007,FACON,1.0,Outros,SEM FOTO,FACON BS007 COLETE PARA FERRAMENTAS FACON
2237,054773,CHAVE AJUSTAVEL 08 GEDORE RED,R03800008,GEDORE,1.0,Ferramentas / Instrumentos,SEM FOTO,GEDORE R03800008 CHAVE AJUSTAVEL 08 GEDORE RED
2238,054792,CAPACITOR ELETROLITICO DE PARTIDA 243 X 292 250V SURYHA,80151.079,SURYHA,1.0,Capacitores,SEM FOTO,SURYHA 80151.079 CAPACITOR ELETROLITICO DE PARTIDA 243 X 292 250V SURYHA
2239,054799,CAPACITOR ELETROLITICO DE PARTIDA 145 X 175 127V SURYHA,80151.087,SURYHA,1.0,Capacitores,SEM FOTO,SURYHA 80151.087 CAPACITOR ELETROLITICO DE PARTIDA 145 X 175 127V SURYHA
2240,054818,BOTINA AMARRAR NOBUCK PRETA 39 S BICO BI TP200P CARTON,4536,CARTON,1.0,EPI / Segurança,SEM FOTO,CARTON 4536 BOTINA AMARRAR NOBUCK PRETA 39 S BICO BI TP200P CARTON
2241,054819,BOTINA AMARRAR NOBUCK PRETA 40 S BICO BI TP200P CARTON,4537,CARTON,1.0,EPI / Segurança,SEM FOTO,CARTON 4537 BOTINA AMARRAR NOBUCK PRETA 40 S BICO BI TP200P CARTON
2242,054820,BOTINA AMARRAR NOBUCK PRETA 41 S BICO BI TP200P CARTON,4538,CARTON,1.0,EPI / Segurança,SEM FOTO,CARTON 4538 BOTINA AMARRAR NOBUCK PRETA 41 S BICO BI TP200P CARTON
2243,054832,BOTINA AMARRAR 3 GOMOS 39 S BICO BI MOD20 CARTON,2874,CARTON,1.0,EPI / Segurança,SEM FOTO,CARTON 2874 BOTINA AMARRAR 3 GOMOS 39 S BICO BI MOD20 CARTON
2244,054835,BOTINA AMARRAR 3 GOMOS 42 S BICO BI MOD20 CARTON,2877,CARTON,1.0,EPI / Segurança,SEM FOTO,CARTON 2877 BOTINA AMARRAR 3 GOMOS 42 S BICO BI MOD20 CARTON
2245,054836,BOTINA AMARRAR 3 GOMOS 43 S BICO BI MOD20 CARTON,2878,CARTON,1.0,EPI / Segurança,SEM FOTO,CARTON 2878 BOTINA AMARRAR 3 GOMOS 43 S BICO BI MOD20 CARTON
2246,054846,CONTROLADOR DIG TEMP P REFRIG Z31AHR 100 A 240V TIC-17 COEL,Z31AHR-P-01,COEL,1.0,Automação / Temporizadores,SEM FOTO,COEL Z31AHR-P-01 CONTROLADOR DIG TEMP P REFRIG Z31AHR 100 A 240V TIC-17 COEL
2247,054855,CONTROLADOR DIG TEMP P REFR CERVEJEIRA P03C FAZ CJ COM B05,P03C-BARR-S-0----,COEL,1.0,Automação / Temporizadores,SEM FOTO,COEL P03C-BARR-S-0---- CONTROLADOR DIG TEMP P REFR CERVEJEIRA P03C FAZ CJ COM B05
2248,054914,VEDANTE ESPUMA 190X5X2.5 GRAFITE EOS,S2259,EOS,1.0,Instalação de Ar-Condicionado,SEM FOTO,EOS S2259 VEDANTE ESPUMA 190X5X2.5 GRAFITE EOS
2249,054929,RESISTENCIA DE DEGELO 3000W DUPLA 2.90 METROS 220V PONTA RET,T8708,MJ IND E COMERCIO,1.0,Refrigeração / Componentes,SEM FOTO,MJ IND E COMERCIO T8708 RESISTENCIA DE DEGELO 3000W DUPLA 2.90 METROS 220V PONTA RET
2250,054956,EVAP GWC18QD-D3NNB4C/I DCR2017/20324-0 18.000 BTUS GREE,CA434N11000,GREE,1.0,Outros,SEM FOTO,GREE CA434N11000 EVAP GWC18QD-D3NNB4C/I DCR2017/20324-0 18.000 BTUS GREE
2251,054957,COND GWC18QD-D3NNB4C/O DCR2017/20324-0 18.000 BTUS GREE,CA434W11000,GREE,1.0,Outros,SEM FOTO,GREE CA434W11000 COND GWC18QD-D3NNB4C/O DCR2017/20324-0 18.000 BTUS GREE
2252,054975,CONTROLADOR DIG TEMP P REFRIG Z31AGR 24VAC TIC-17 COEL,Z31AGR-----P--01,COEL,1.0,Automação / Temporizadores,SEM FOTO,COEL Z31AGR-----P--01 CONTROLADOR DIG TEMP P REFRIG Z31AGR 24VAC TIC-17 COEL
2253,055024,MOTOR VENT SAMATEC CONTINENTAL/GE/BOSCH 110V YJF48/08,YJF48/08,SAMATEC,1.0,Refrigeração / Componentes,SEM FOTO,SAMATEC YJF48/08 MOTOR VENT SAMATEC CONTINENTAL/GE/BOSCH 110V YJF48/08
2254,055129,RELE TERMICO E SOBRECARGA NR2-93 AJUSTE 80-93A CHINT,268122,CHINT,1.0,Elétrica / Comandos,SEM FOTO,CHINT 268122 RELE TERMICO E SOBRECARGA NR2-93 AJUSTE 80-93A CHINT
2255,055146,MOTOR VENTILADOR P GELAD BRAST INVERSE BRE49BB/BRE49BE,326061300,WHIRLPOOL,1.0,Refrigeração / Componentes,SEM FOTO,WHIRLPOOL 326061300 MOTOR VENTILADOR P GELAD BRAST INVERSE BRE49BB/BRE49BE
2256,055154,CHAVE DE TESTE DE CONTINUIDADE E TENSAO AZUL 130MM,TT-1502P,DECORLUX,1.0,Ferramentas / Instrumentos,SEM FOTO,DECORLUX TT-1502P CHAVE DE TESTE DE CONTINUIDADE E TENSAO AZUL 130MM
2257,055155,CHAVE DE TESTE DE CONTINUIDADE E TENSAO DIGITAL PRETA 127MM,TT-5105,DECORLUX,1.0,Ferramentas / Instrumentos,SEM FOTO,DECORLUX TT-5105 CHAVE DE TESTE DE CONTINUIDADE E TENSAO DIGITAL PRETA 127MM
2258,055177,MOTOR EVAP SPLIT TI07F/TI09F/TI07R/TI09R FN10B-PG 41021414,1501211501,ELECTROLUX,1.0,Refrigeração / Componentes,SEM FOTO,ELECTROLUX 1501211501 MOTOR EVAP SPLIT TI07F/TI09F/TI07R/TI09R FN10B-PG 41021414
2259,055227,CABO PP 4X1.5MM METRO SPAZIO,CCP0014AM,SPAZIO,1.0,Elétrica / Comandos,SEM FOTO,SPAZIO CCP0014AM CABO PP 4X1.5MM METRO SPAZIO
2260,055334,TERMOMETRO HIGROMETRO DIGITAL MT-241A,MT-241A,MINIPA,1.0,Ferramentas / Instrumentos,SEM FOTO,MINIPA MT-241A TERMOMETRO HIGROMETRO DIGITAL MT-241A
2261,055365,ESCOVA DE CARVAO P LIXA BOSCH MOD ANTIGO C146G,C146G,CARBOMPEÇA,1.0,Ferramentas / Instrumentos,SEM FOTO,CARBOMPEÇA C146G ESCOVA DE CARVAO P LIXA BOSCH MOD ANTIGO C146G
2262,055425,HASTE ENCAIXE TIPO SDS PLUS COM PINO GUIA 200MM CORTAG,61904,CORTAG,1.0,Outros,SEM FOTO,CORTAG 61904 HASTE ENCAIXE TIPO SDS PLUS COM PINO GUIA 200MM CORTAG
2263,055435,SERRA COPO BI-METALICA 64MM - 2.1/2 CORTAG,61216,CORTAG,1.0,Ferramentas / Instrumentos,SEM FOTO,CORTAG 61216 SERRA COPO BI-METALICA 64MM - 2.1/2 CORTAG
2264,055438,SERRA COPO DIAMANTADA C HASTE E PINO GUIA P ALVENARIA 35MM,61417,CORTAG,1.0,Ferramentas / Instrumentos,SEM FOTO,CORTAG 61417 SERRA COPO DIAMANTADA C HASTE E PINO GUIA P ALVENARIA 35MM
2265,055487,CONTROLADOR DIG TEMP ESTUFA/CHOCAD Y39UHRRR---PTH 100/240V,Y39UHRRR---PTH,COEL,1.0,Automação / Temporizadores,SEM FOTO,COEL Y39UHRRR---PTH CONTROLADOR DIG TEMP ESTUFA/CHOCAD Y39UHRRR---PTH 100/240V
2266,055540,QUADRO COMANDO ELGIN 2 A 3.5HP CONGELADO BIFASICO,23.047.2L,ELGIN,1.0,Elétrica / Comandos,SEM FOTO,ELGIN 23.047.2L QUADRO COMANDO ELGIN 2 A 3.5HP CONGELADO BIFASICO
2267,055559,VALVULA SOLENOIDE 3/8 ROSCA SEM BOBINA MDF3 MDF-A03-3L003,MDF-A03-3L003,SANHUA,1.0,Refrigeração / Componentes,SEM FOTO,SANHUA MDF-A03-3L003 VALVULA SOLENOIDE 3/8 ROSCA SEM BOBINA MDF3 MDF-A03-3L003
2268,055579,CHAVE ALLEN JOGO 9 PECAS CURTA (HEXAGONAL) GEDORE RED,R36605109,GEDORE,1.0,Ferramentas / Instrumentos,SEM FOTO,GEDORE R36605109 CHAVE ALLEN JOGO 9 PECAS CURTA (HEXAGONAL) GEDORE RED
2269,055603,"CAPACITOR CBB60, 25UF +-5% X 250V COM FIO WEG",M422,WEG,1.0,Capacitores,SEM FOTO,"WEG M422 CAPACITOR CBB60, 25UF +-5% X 250V COM FIO WEG"
2270,055654,MANGUEIRA BRANCA P LAVADORA SAIDA DE AGUA 19MM 2000MM,530220-200,INDUSMACK,1.0,Peças para Lavadora e Bebedouro,SEM FOTO,INDUSMACK 530220-200 MANGUEIRA BRANCA P LAVADORA SAIDA DE AGUA 19MM 2000MM
2271,055681,ROLAMENTO 6201 2RS FACON,6201 2RS,FACON,1.0,Peças para Lavadora e Bebedouro,SEM FOTO,FACON 6201 2RS ROLAMENTO 6201 2RS FACON
2272,055725,MALA PARA FERRAMENTAS COM FUNDO REFOCADO BLACK FACON,MF005FRSB,FACON,1.0,Ferramentas / Instrumentos,SEM FOTO,FACON MF005FRSB MALA PARA FERRAMENTAS COM FUNDO REFOCADO BLACK FACON
2273,055786,ALICATE UNIVERSAL 8 FERTAK,ZLP008A-N,SECURITY,1.0,Ferramentas / Instrumentos,SEM FOTO,SECURITY ZLP008A-N ALICATE UNIVERSAL 8 FERTAK
2274,055864,"FRITADEIRA SEM OLEO BRANCA 3,5 LITROS 127/60HZ MIDEA",FRA31,MIDEA,1.0,Químicos / Solda e Limpeza,SEM FOTO,"MIDEA FRA31 FRITADEIRA SEM OLEO BRANCA 3,5 LITROS 127/60HZ MIDEA"
2275,055866,CAIXA DE FERRAMENTA PLASTICA 12.5 SERIE 2000 TOOL STANLEY,13-013,STANLEY,1.0,Elétrica / Comandos,SEM FOTO,STANLEY 13-013 CAIXA DE FERRAMENTA PLASTICA 12.5 SERIE 2000 TOOL STANLEY
2276,055869,JOGO CHAVE CATRACA ACESS E ESTOJO 11PC BLACK + DECKER,BD7262-LA,BLACK & DECKER,1.0,Ferramentas / Instrumentos,SEM FOTO,BLACK & DECKER BD7262-LA JOGO CHAVE CATRACA ACESS E ESTOJO 11PC BLACK + DECKER
2277,055870,PARAFUSADEIRA A BATERIA 3.6V LITHIUM LANTERNA LED BLACK + DE,BDCS36F-BR,BLACK & DECKER,1.0,Iluminação,SEM FOTO,BLACK & DECKER BDCS36F-BR PARAFUSADEIRA A BATERIA 3.6V LITHIUM LANTERNA LED BLACK + DE
2278,055880,JOGO DE BROCA B+D 50 PECAS BLACK + DECKER,A7232-XJ,BLACK & DECKER,1.0,Ferramentas / Instrumentos,SEM FOTO,BLACK & DECKER A7232-XJ JOGO DE BROCA B+D 50 PECAS BLACK + DECKER
2279,055893,PRESSOSTATO 4 NIVEIS LAV ELECTROL LTE08 41042023,A99010202,ELECTROLUX,1.0,Automação / Temporizadores,SEM FOTO,ELECTROLUX A99010202 PRESSOSTATO 4 NIVEIS LAV ELECTROL LTE08 41042023
2280,055894,RESISTENCIA DO EVAPORADOR ELECTROLUX 127V 41043895,A20118201,ELECTROLUX,1.0,Refrigeração / Componentes,SEM FOTO,ELECTROLUX A20118201 RESISTENCIA DO EVAPORADOR ELECTROLUX 127V 41043895
2281,055909,VENT AXIAL UC 350MM 220V CONDENSADOR / EXAUS SURYHA,80130.002,SURYHA,1.0,Refrigeração / Componentes,SEM FOTO,SURYHA 80130.002 VENT AXIAL UC 350MM 220V CONDENSADOR / EXAUS SURYHA
2282,055916,FERRO DE PASSAR A SECO 1 127V COM ANTIAD BLACK + DECKER,F300-BR,BLACK & DECKER,1.0,Outros,SEM FOTO,BLACK & DECKER F300-BR FERRO DE PASSAR A SECO 1 127V COM ANTIAD BLACK + DECKER
2283,055952,CHAVE DE PARTIDA DIRETA 7-10A 220V CNC-LE112 - 2CV,LE112B,CNC,1.0,Ferramentas / Instrumentos,SEM FOTO,CNC LE112B CHAVE DE PARTIDA DIRETA 7-10A 220V CNC-LE112 - 2CV
2284,055959,CHAVE COMUTADORA 2 POSICOES CNC ED21,LAY5-ED21,CNC,1.0,Ferramentas / Instrumentos,SEM FOTO,CNC LAY5-ED21 CHAVE COMUTADORA 2 POSICOES CNC ED21
2285,055965,BOTAO DE EMERGENCIA VERMELHO COM TRAVA CNC-ES542,LAY5-ES542,CNC,1.0,Elétrica / Comandos,SEM FOTO,CNC LAY5-ES542 BOTAO DE EMERGENCIA VERMELHO COM TRAVA CNC-ES542
2286,055968,BOTAO DE COMANDO DE PULSO PRETO CNC-EA21,LAY5-EA21,CNC,1.0,Elétrica / Comandos,SEM FOTO,CNC LAY5-EA21 BOTAO DE COMANDO DE PULSO PRETO CNC-EA21
2287,055975,BOTAO DE COMANDO DE PULSO ILUMUNADO VERDE CNC-EW3361,LAY5-EW3361,CNC,1.0,Elétrica / Comandos,SEM FOTO,CNC LAY5-EW3361 BOTAO DE COMANDO DE PULSO ILUMUNADO VERDE CNC-EW3361
2288,055987,DISJUNTOR MOTOR NS2-25 9-14A CHINT,495128,CHINT,1.0,Elétrica / Comandos,SEM FOTO,CHINT 495128 DISJUNTOR MOTOR NS2-25 9-14A CHINT
2289,055993,DISJUNTOR DIN BIPOLAR 2P C50A 3KA CH REF: 185461,185461,CHINT,1.0,Elétrica / Comandos,SEM FOTO,CHINT 185461 DISJUNTOR DIN BIPOLAR 2P C50A 3KA CH REF: 185461
2290,055995,DISJUNTOR CAIXA MOLDADA 50A NXM (NOFUSE) CHINT,844302,CHINT,1.0,Elétrica / Comandos,SEM FOTO,CHINT 844302 DISJUNTOR CAIXA MOLDADA 50A NXM (NOFUSE) CHINT
2291,055997,DISJUNTOR CAIXA MOLDADA 225A NXM (NOFUSE) CHINT,126587,CHINT,1.0,Elétrica / Comandos,SEM FOTO,CHINT 126587 DISJUNTOR CAIXA MOLDADA 225A NXM (NOFUSE) CHINT
2292,056044,ANTENA TV DIGITAL INTERNA HDTY BASTAO CABO 2.5M DTV-100,DTV-100,AQUARIO,1.0,Eletrônicos / Informática,SEM FOTO,AQUARIO DTV-100 ANTENA TV DIGITAL INTERNA HDTY BASTAO CABO 2.5M DTV-100
2293,056104,CHAVE CANHAO 10MM GEDORE RED R38491024,R38491024,GEDORE,1.0,Ferramentas / Instrumentos,SEM FOTO,GEDORE R38491024 CHAVE CANHAO 10MM GEDORE RED R38491024
2294,056133,TRINCO MAC - TMT -  TRIMAC,TMT,TRIMAC,1.0,Fixação e Acessórios,SEM FOTO,TRIMAC TMT TRINCO MAC - TMT - TRIMAC
2295,056246,MONITOR AUTO TESTE2 P LAVADORA/REFRIG ELECTROLUX 41041531,A12389501,ELECTROLUX,1.0,Peças para Lavadora e Bebedouro,SEM FOTO,ELECTROLUX A12389501 MONITOR AUTO TESTE2 P LAVADORA/REFRIG ELECTROLUX 41041531
2296,056251,CONECTOR PARALELO 1P 10-70MM,CPA-1,TRIAL,1.0,Elétrica / Comandos,SEM FOTO,TRIAL CPA-1 CONECTOR PARALELO 1P 10-70MM
2297,056266,SACA E COLOCA ROLAMENTO BASE MUNDIAL BRAST/CON/LM SAMATEC,B917817,SAMATEC,1.0,Ferramentas / Instrumentos,SEM FOTO,SAMATEC B917817 SACA E COLOCA ROLAMENTO BASE MUNDIAL BRAST/CON/LM SAMATEC
2298,056346,CAIXA SOPREPOR PADRAO LINHA E BRANCA 355-E/P,355-E/P,ENERBRAS,1.0,Elétrica / Comandos,SEM FOTO,ENERBRAS 355-E/P CAIXA SOPREPOR PADRAO LINHA E BRANCA 355-E/P
2299,056348,QUADRO DISTRIBUICAO 12P DIN IMBUTIR TAMPA BRANCA QD-EB12,QD-EB12,ENERBRAS,1.0,Elétrica / Comandos,SEM FOTO,ENERBRAS QD-EB12 QUADRO DISTRIBUICAO 12P DIN IMBUTIR TAMPA BRANCA QD-EB12
2300,056386,CAIXA DE COMANDO 60X40X20 CM RA FABRICACAO DE METAL,CM0004,RA FABRICACAO DE METAL,1.0,Elétrica / Comandos,SEM FOTO,RA FABRICACAO DE METAL CM0004 CAIXA DE COMANDO 60X40X20 CM RA FABRICACAO DE METAL
2301,056418,SUPORTE P FORNO MICROONDAS SBR5.0 BRASFORMA,SBR5.0,BRASFORMA,1.0,Peças para Lavadora e Bebedouro,SEM FOTO,BRASFORMA SBR5.0 SUPORTE P FORNO MICROONDAS SBR5.0 BRASFORMA
2302,056467,MODULO TOMADA 20A BRANCA ENERBRAS 1729-EN,1729-EN,ENERBRAS,1.0,Elétrica / Comandos,SEM FOTO,ENERBRAS 1729-EN MODULO TOMADA 20A BRANCA ENERBRAS 1729-EN
2303,056480,PLACA ESPELHO 4X4 P 4 MODULOS ENERBRAS 1712-E5,1712-E5,ENERBRAS,1.0,Elétrica / Comandos,SEM FOTO,ENERBRAS 1712-E5 PLACA ESPELHO 4X4 P 4 MODULOS ENERBRAS 1712-E5
2304,056506,DIMMER C CX PADRAO ENERBRAS 344-E127/CP 127V,344-E127/CP,ENERBRAS,1.0,Elétrica / Comandos,SEM FOTO,ENERBRAS 344-E127/CP DIMMER C CX PADRAO ENERBRAS 344-E127/CP 127V
2305,056520,LUVA COBRE 1.1/8 POL SOLDA HULTER,56,HULTER,1.0,EPI / Segurança,SEM FOTO,HULTER 56 LUVA COBRE 1.1/8 POL SOLDA HULTER
2306,056576,"LUMINARIA LED P EMBUTIR 18W 6500K LUZ BRANCA REDONDA 22,5CM",528,TRIAL,1.0,Iluminação,SEM FOTO,"TRIAL 528 LUMINARIA LED P EMBUTIR 18W 6500K LUZ BRANCA REDONDA 22,5CM"
2307,056586,LAMPADA LED BULBO 20W 6500K,585,TRIAL,1.0,Iluminação,SEM FOTO,TRIAL 585 LAMPADA LED BULBO 20W 6500K
2308,056587,LUMINARIA LED TARTARUGA BIVOLT 12W 6500K,590,TRIAL,1.0,Iluminação,SEM FOTO,TRIAL 590 LUMINARIA LED TARTARUGA BIVOLT 12W 6500K
2309,056589,LAMPADA TUBOLAR LED T8 9W 6500K,595,TRIAL,1.0,Iluminação,SEM FOTO,TRIAL 595 LAMPADA TUBOLAR LED T8 9W 6500K
2310,056594,TERMINAL DE COMPRESSAO OLHAL 35MM,TC-35,TRIAL,1.0,Elétrica / Comandos,SEM FOTO,TRIAL TC-35 TERMINAL DE COMPRESSAO OLHAL 35MM
2311,056631,DISJUNTOR DIN BIF 2P 25A 3KA ENERBRAS,DT3-E2C25,ENERBRAS,1.0,Elétrica / Comandos,SEM FOTO,ENERBRAS DT3-E2C25 DISJUNTOR DIN BIF 2P 25A 3KA ENERBRAS
2312,056654,VALVULA ESFERICA GBC 7/8 SOLDA C PORTA DE ACESS 22S/009L7055,22S/009L7055,DANFOS,1.0,Químicos / Solda e Limpeza,SEM FOTO,DANFOS 22S/009L7055 VALVULA ESFERICA GBC 7/8 SOLDA C PORTA DE ACESS 22S/009L7055
2313,056674,PONTEIRA SDS PLUS 250MM,2608.578.516-000,BOSCH,1.0,Ferramentas / Instrumentos,SEM FOTO,BOSCH 2608.578.516-000 PONTEIRA SDS PLUS 250MM
2314,056681,CUBO CESTO LAVAD ELECT 15KG CHAV VERTICAL LTP16 41033573,72002111,ELECTROLUX,1.0,Peças para Lavadora e Bebedouro,SEM FOTO,ELECTROLUX 72002111 CUBO CESTO LAVAD ELECT 15KG CHAV VERTICAL LTP16 41033573
2315,056759,JOGO DE 6 CABEC DE FERRAMENTAS COMBINDAS 20V BIV MATRIX,MTX20K6A-BR,BLACK & DECKER,1.0,Ferramentas / Instrumentos,SEM FOTO,BLACK & DECKER MTX20K6A-BR JOGO DE 6 CABEC DE FERRAMENTAS COMBINDAS 20V BIV MATRIX
2316,056797,CABO FLEX 1.5MM METRO AMARELO 450/750V FLEXCABOS,00000000000361,FLEXCABOS,1.0,Elétrica / Comandos,SEM FOTO,FLEXCABOS 00000000000361 CABO FLEX 1.5MM METRO AMARELO 450/750V FLEXCABOS
2317,056812,MIXER VERTICAL 300W 127V BLACK E BACKER,M300-BR,BLACK & DECKER,1.0,Outros,SEM FOTO,BLACK & DECKER M300-BR MIXER VERTICAL 300W 127V BLACK E BACKER
2318,056815,ASPIRADOR DE PO/AGUA BIV BATATERIA LITIO 3.6V BLACK E DACKE,APB3600-BR,BLACK & DECKER,1.0,Ferramentas / Instrumentos,SEM FOTO,BLACK & DECKER APB3600-BR ASPIRADOR DE PO/AGUA BIV BATATERIA LITIO 3.6V BLACK E DACKE
2319,056818,FORNO ELETRICO 16 LITROS 1200W 127V BLACK E DACKER,FT16-BR,BLACK & DECKER,1.0,Outros,SEM FOTO,BLACK & DECKER FT16-BR FORNO ELETRICO 16 LITROS 1200W 127V BLACK E DACKER
2320,056833,LUMINARIA LED P EMBUTIR 18W 6500K LUZ BRANCA REDONDO ELGIN,48D18WERB000,ELGIN,1.0,Iluminação,SEM FOTO,ELGIN 48D18WERB000 LUMINARIA LED P EMBUTIR 18W 6500K LUZ BRANCA REDONDO ELGIN
2321,056852,RELE DE TEMPO AEG-UDM 94 A 240VAC/24VAC/VCC 6 MINITOS COEL,AEG-UDM---P----,COEL,1.0,Automação / Temporizadores,SEM FOTO,COEL AEG-UDM---P---- RELE DE TEMPO AEG-UDM 94 A 240VAC/24VAC/VCC 6 MINITOS COEL
2322,056873,"SIFAO 7/8 X 1,04MM HULTER",1528,HULTER,1.0,Hidráulica,SEM FOTO,"HULTER 1528 SIFAO 7/8 X 1,04MM HULTER"
2323,056877,UNIAO REDUTORA 5/16 SAE X 1/4 SAE HULTER,CLUR01,HULTER,1.0,Instalação de Ar-Condicionado,SEM FOTO,HULTER CLUR01 UNIAO REDUTORA 5/16 SAE X 1/4 SAE HULTER
2324,056904,ESPREMEDOR FRUITMAX 127V MALLORY,B92400291,MALLORY,1.0,Outros,SEM FOTO,MALLORY B92400291 ESPREMEDOR FRUITMAX 127V MALLORY
2325,056905,VENTILADOR NEO AIR 15 TOTAL CONTROL PR-DR 127V MALLORY,B94401631,MALLORY,1.0,Refrigeração / Componentes,SEM FOTO,MALLORY B94401631 VENTILADOR NEO AIR 15 TOTAL CONTROL PR-DR 127V MALLORY
2326,056920,REFIL FILTRO PA200 FIT ESPECIAL PLANETA AGUA,1090A,PLANETA AGUA,1.0,Filtros e Purificadores de Água,SEM FOTO,PLANETA AGUA 1090A REFIL FILTRO PA200 FIT ESPECIAL PLANETA AGUA
2327,056922,REFIL FILTRO DE AGUA PURIFICADOR IBBL EVOLUX/FR600/FRQ600/PF,1100,PLANETA AGUA,1.0,Fixação e Acessórios,SEM FOTO,PLANETA AGUA 1100 REFIL FILTRO DE AGUA PURIFICADOR IBBL EVOLUX/FR600/FRQ600/PF
2328,056927,GAS R134A LATA 750G BLACK UV RLX,002313,RLX,1.0,Gases Refrigerantes,SEM FOTO,RLX 002313 GAS R134A LATA 750G BLACK UV RLX
2329,056933,ALICATE AMPERIMETRO 1000A AC/DC TEMPERATURA CAT IV 600V,ET-3367C,MINIPA,1.0,Ferramentas / Instrumentos,SEM FOTO,MINIPA ET-3367C ALICATE AMPERIMETRO 1000A AC/DC TEMPERATURA CAT IV 600V
2330,056939,TERMOMETRO HIGROMETRO DIGITAL MTH-1360A,MTH-1360A,MINIPA,1.0,Ferramentas / Instrumentos,SEM FOTO,MINIPA MTH-1360A TERMOMETRO HIGROMETRO DIGITAL MTH-1360A
2331,056962,DETERGENTE LAVA LOUCAS MACA 500ML QUALYBRILL,15221,QUALYBRILL,1.0,Químicos / Solda e Limpeza,SEM FOTO,QUALYBRILL 15221 DETERGENTE LAVA LOUCAS MACA 500ML QUALYBRILL
2332,056966,DESINFETANTE PERFUMADO FLORAL 2L QUALYBRILL,11162,QUALYBRILL,1.0,Outros,SEM FOTO,QUALYBRILL 11162 DESINFETANTE PERFUMADO FLORAL 2L QUALYBRILL
2333,056967,MULTIUSO TRADICIONAL 500ML QUALYBRILL,11311,QUALYBRILL,1.0,Químicos / Solda e Limpeza,SEM FOTO,QUALYBRILL 11311 MULTIUSO TRADICIONAL 500ML QUALYBRILL
2334,056969,CAMERA SMART WIFI 1080P PORTATIL A BATERIA SE227 MULTILASER,SE227,MULTILASER,1.0,Eletrônicos / Informática,SEM FOTO,MULTILASER SE227 CAMERA SMART WIFI 1080P PORTATIL A BATERIA SE227 MULTILASER
2335,057021,BALANCA DE COZINHA ATE 5 KG BLACK E DACKER,BC500-BR,BLACK & DECKER,1.0,Outros,SEM FOTO,BLACK & DECKER BC500-BR BALANCA DE COZINHA ATE 5 KG BLACK E DACKER
2336,057034,CX SOM PULSE WAVE 2 20W BT/AUX/MICRO SD/TWS IPX6 RESIST AGUA,SP355,PULSE,1.0,Elétrica / Comandos,SEM FOTO,PULSE SP355 CX SOM PULSE WAVE 2 20W BT/AUX/MICRO SD/TWS IPX6 RESIST AGUA
2337,057044,HEADPHONE BLUETOOTH FIT BT 5.0 PULSE PRETO PH346,PH346,PULSE,1.0,Outros,SEM FOTO,PULSE PH346 HEADPHONE BLUETOOTH FIT BT 5.0 PULSE PRETO PH346
2338,057056,CARREGADOR PORT POWER BANK 8.000 MAH POLIMERO CONCEPT PRATA,CB133,MULTILASER,1.0,Eletrônicos / Informática,SEM FOTO,MULTILASER CB133 CARREGADOR PORT POWER BANK 8.000 MAH POLIMERO CONCEPT PRATA
2339,057058,CARREGADOR PORT POWER BANK 20000 MAH POLIMERO CONCEPT PTRETO,CB144,MULTILASER,1.0,Eletrônicos / Informática,SEM FOTO,MULTILASER CB144 CARREGADOR PORT POWER BANK 20000 MAH POLIMERO CONCEPT PTRETO
2340,057062,MOUSE CLASSIC BOX OPTICO FULL BLACK USB,MO300,MULTILASER,1.0,Eletrônicos / Informática,SEM FOTO,MULTILASER MO300 MOUSE CLASSIC BOX OPTICO FULL BLACK USB
2341,057066,FONE DE OUVIDO SMARTOGO BLUETOOH AZUL,PH261,MULTILASER,1.0,Eletrônicos / Informática,SEM FOTO,MULTILASER PH261 FONE DE OUVIDO SMARTOGO BLUETOOH AZUL
2342,057079,"CABO DE DADOS PRETO SMARTOGO TIPO-C BLINDADO 1,2M PRETO",WI396,MULTILASER,1.0,Eletrônicos / Informática,SEM FOTO,"MULTILASER WI396 CABO DE DADOS PRETO SMARTOGO TIPO-C BLINDADO 1,2M PRETO"
2343,057080,"CABO DE DADOS SMARTOGO MICRO USB BLINDADO 1,2M PRETO",WI404,MULTILASER,1.0,Eletrônicos / Informática,SEM FOTO,"MULTILASER WI404 CABO DE DADOS SMARTOGO MICRO USB BLINDADO 1,2M PRETO"
2344,057081,FONE DE OUVIDO TWS PULSE CONNECT PRETO BLUETOOTH 5.1 PH359,PH359,PULSE,1.0,Eletrônicos / Informática,SEM FOTO,PULSE PH359 FONE DE OUVIDO TWS PULSE CONNECT PRETO BLUETOOTH 5.1 PH359
2345,057086,CX SOM PULSE BAZOOKA 80W RMS BT/AUX/SD/USB/LED - SP361,SP361,PULSE,1.0,Iluminação,SEM FOTO,PULSE SP361 CX SOM PULSE BAZOOKA 80W RMS BT/AUX/SD/USB/LED - SP361
2346,057100,SUPERKIT 20 BROCAS 30 BITS HO062 MULTILASER,HO062,MULTILASER,1.0,Ferramentas / Instrumentos,SEM FOTO,MULTILASER HO062 SUPERKIT 20 BROCAS 30 BITS HO062 MULTILASER
2347,057107,PARAFUSADEIRA E FURADEIRA IMPACTO 12V MICHELIN 2 BATRIAS,MI006,MULTILASER,1.0,Ferramentas / Instrumentos,SEM FOTO,MULTILASER MI006 PARAFUSADEIRA E FURADEIRA IMPACTO 12V MICHELIN 2 BATRIAS
2348,057110,SPOT LED AUXILIAR 06W 3000K REDONDO TRIAL,543,TRIAL,1.0,Iluminação,SEM FOTO,TRIAL 543 SPOT LED AUXILIAR 06W 3000K REDONDO TRIAL
2349,057111,SPOT LED AUXILIAR 06W 3000K QUADRADO TRIAL,544,TRIAL,1.0,Iluminação,SEM FOTO,TRIAL 544 SPOT LED AUXILIAR 06W 3000K QUADRADO TRIAL
2350,057131,BOCAL E27 PORCELANA TRIAL,BP-E27,TRIAL,1.0,Iluminação,SEM FOTO,TRIAL BP-E27 BOCAL E27 PORCELANA TRIAL
2351,057229,CAMERA EZVIZ CS-C3N-B0-3H2WFRL/CKD (WI-FI),CS-C3N-B0-3H2WFRL/CK,EZVIZ,1.0,Eletrônicos / Informática,SEM FOTO,EZVIZ CS-C3N-B0-3H2WFRL/CK CAMERA EZVIZ CS-C3N-B0-3H2WFRL/CKD (WI-FI)
2352,057236,CAMERA EZVIZ INTERNA CS-C6W WI-FI,CS-C6W,EZVIZ,1.0,Eletrônicos / Informática,SEM FOTO,EZVIZ CS-C6W CAMERA EZVIZ INTERNA CS-C6W WI-FI
2353,057241,ELEMENTO FILTRANTE CUCCAO COM GAXETA EOS - F48,C149325,EOS,1.0,Filtros e Purificadores de Água,SEM FOTO,EOS C149325 ELEMENTO FILTRANTE CUCCAO COM GAXETA EOS - F48
2354,057267,"MANGUEIRA SAIDA DRENO AR COND. BCO 5/8"" X 50MM PLASBOM",003939,PLASBOHN,1.0,Instalação de Ar-Condicionado,SEM FOTO,"PLASBOHN 003939 MANGUEIRA SAIDA DRENO AR COND. BCO 5/8"" X 50MM PLASBOM"
2355,057283,PARAFUSADEIRA E FURADEIRA 12V FUNCAO IMPACTO MULTILASER,HO097,MULTILASER,1.0,Ferramentas / Instrumentos,SEM FOTO,MULTILASER HO097 PARAFUSADEIRA E FURADEIRA 12V FUNCAO IMPACTO MULTILASER
2356,057290,BROCA AR HAMMER PLUS 6X143MM,7898181495233,BOMCORTE,1.0,Ferramentas / Instrumentos,SEM FOTO,BOMCORTE 7898181495233 BROCA AR HAMMER PLUS 6X143MM
2357,057308,TRENA COMBATT 5M X 16MM,7898181495677,BOMCORTE,1.0,Ferramentas / Instrumentos,SEM FOTO,BOMCORTE 7898181495677 TRENA COMBATT 5M X 16MM
2358,057351,ABRACADEIRA ZIN TIP D C/ CUN 1.1/2,7893537017961,INCA,1.0,Fixação e Acessórios,SEM FOTO,INCA 7893537017961 ABRACADEIRA ZIN TIP D C/ CUN 1.1/2
2359,057362,ADITIVO BLOCA PERDA TOTAL 30ML NOVA GERACAO REVOPRO 70525R,QUI0051,NEVADA,1.0,Químicos / Solda e Limpeza,SEM FOTO,NEVADA QUI0051 ADITIVO BLOCA PERDA TOTAL 30ML NOVA GERACAO REVOPRO 70525R
2360,057367,ADITIVO CONTRASTE UV 45ML RECARGA REVOPRO MULTIGAS 80532IR,QUI0069,NEVADA,1.0,Químicos / Solda e Limpeza,SEM FOTO,NEVADA QUI0069 ADITIVO CONTRASTE UV 45ML RECARGA REVOPRO MULTIGAS 80532IR
2361,057368,ABRACADEIRA ZIN TIP U 2,7893537018197,INCA,1.0,Fixação e Acessórios,SEM FOTO,INCA 7893537018197 ABRACADEIRA ZIN TIP U 2
2362,057370,ABRACADEIRA ZIN TIP U 2.1/2,7893537018203,INCA,1.0,Fixação e Acessórios,SEM FOTO,INCA 7893537018203 ABRACADEIRA ZIN TIP U 2.1/2
2363,057458,CONDULETE METALICO NAO ROSCADO 3/4 - MODELO C,7893537012393,INCA,1.0,Elétrica / Comandos,SEM FOTO,INCA 7893537012393 CONDULETE METALICO NAO ROSCADO 3/4 - MODELO C
2364,057484,CONDULETE METALICO MULTIPLO 1,7893537014205,INCA,1.0,Elétrica / Comandos,SEM FOTO,INCA 7893537014205 CONDULETE METALICO MULTIPLO 1
2365,057485,CONDULETE METALICO MULTIPLO 1,7893537014229,INCA,1.0,Elétrica / Comandos,SEM FOTO,INCA 7893537014229 CONDULETE METALICO MULTIPLO 1
2366,057522,PORCA USINADA 5/16 SEA HULTER,65,HULTER,1.0,Fixação e Acessórios,SEM FOTO,HULTER 65 PORCA USINADA 5/16 SEA HULTER
2367,057533,TUBEX AC BLINDADO BRANCO 1/4 (10X06MM) C/2M FG,C160033,ARMACELL,1.0,Instalação de Ar-Condicionado,SEM FOTO,ARMACELL C160033 TUBEX AC BLINDADO BRANCO 1/4 (10X06MM) C/2M FG
2368,057578,TUBO DE COBRE FLEX 1/2 X 1/32 ST DG,100232675,COBRESUL,1.0,Instalação de Ar-Condicionado,SEM FOTO,COBRESUL 100232675 TUBO DE COBRE FLEX 1/2 X 1/32 ST DG
2369,057580,TUBO DE COBRE FLEX COBRESUL 5/8 X 1/32 ST - BOBINA DG / FP,100232676,COBRESUL,1.0,Instalação de Ar-Condicionado,SEM FOTO,COBRESUL 100232676 TUBO DE COBRE FLEX COBRESUL 5/8 X 1/32 ST - BOBINA DG / FP
2370,057597,PASTILA AROMATIZANTE FLORES DO CAMPO DE AR-CONDICIONADO,109075,DALAI,1.0,Outros,SEM FOTO,DALAI 109075 PASTILA AROMATIZANTE FLORES DO CAMPO DE AR-CONDICIONADO
2371,057618,CONTROLE SIMILAR P AR COND SPRINGER/MIDEA LE-7295,LE-7295,LELONG,1.0,Refrigeração / Componentes,SEM FOTO,LELONG LE-7295 CONTROLE SIMILAR P AR COND SPRINGER/MIDEA LE-7295
2372,057655,FITA DE LED IP20 FW-3535-96NV-HB RGB+KZQ 96SMD12V 18W/M 12LM,VLX-0299,PROMESSA ILUMINACAO,1.0,Iluminação,SEM FOTO,PROMESSA ILUMINACAO VLX-0299 FITA DE LED IP20 FW-3535-96NV-HB RGB+KZQ 96SMD12V 18W/M 12LM
2373,057664,TUBO DE COBRE FLEX 3/4X1/32 ST DG,100232677,COBRESUL,1.0,Instalação de Ar-Condicionado,SEM FOTO,COBRESUL 100232677 TUBO DE COBRE FLEX 3/4X1/32 ST DG
2374,057718,PERFIL ALUNINIO SOBREPOR BR 12X10 2MT,BR 12X10 SP,PROMESSA ILUMINACAO,1.0,Outros,SEM FOTO,PROMESSA ILUMINACAO BR 12X10 SP PERFIL ALUNINIO SOBREPOR BR 12X10 2MT
2375,057757,SEPARADOR DE OLEO 1.1/8 SOLDA HERMETICO DSOW-55889X DUGOLD,DSOW-55889X,DUGOLD,1.0,Químicos / Solda e Limpeza,SEM FOTO,DUGOLD DSOW-55889X SEPARADOR DE OLEO 1.1/8 SOLDA HERMETICO DSOW-55889X DUGOLD
2376,057784,ALICATE UNIVERSAL VDE 8250-200 H,VDE 8250-200 H,GEDORE,1.0,Ferramentas / Instrumentos,SEM FOTO,GEDORE VDE 8250-200 H ALICATE UNIVERSAL VDE 8250-200 H
2377,057793,CHAVE DE FENDA SIMPLES OC:242 VDE 2170-3,091890,GEDORE,1.0,Ferramentas / Instrumentos,SEM FOTO,GEDORE 091890 CHAVE DE FENDA SIMPLES OC:242 VDE 2170-3
2378,057816,COMP ROTATIVO GMCC 220V R410 12000BTUS KSK103D33UEZ3,KSK103D33UEZ3,GMCC,1.0,Gases Refrigerantes,SEM FOTO,GMCC KSK103D33UEZ3 COMP ROTATIVO GMCC 220V R410 12000BTUS KSK103D33UEZ3
2379,057825,LAMPADA LED BULBO ECO A55 9W AUTOVOLT 6500K E27,LLB609YB,LUMANTI,1.0,Iluminação,SEM FOTO,LUMANTI LLB609YB LAMPADA LED BULBO ECO A55 9W AUTOVOLT 6500K E27
2380,057843,"LAMPADA PAR30 LED E27 9,9W 4000K 36 AUTOVOLT",PAR304099,LUMANTI,1.0,Iluminação,SEM FOTO,"LUMANTI PAR304099 LAMPADA PAR30 LED E27 9,9W 4000K 36 AUTOVOLT"
2381,057844,"LAMPADA CLEAR T22 LED FILAMENTO 1,5W 7200K E-14 127V 150 LUM",LLFT7015WZ,LUMANTI,1.0,Iluminação,SEM FOTO,"LUMANTI LLFT7015WZ LAMPADA CLEAR T22 LED FILAMENTO 1,5W 7200K E-14 127V 150 LUM"
2382,057858,SPOT DE EMBUTIR QUADRADO BRANCO COM RECUO PRETO PARA MR11,SEBRP1,LUMANTI,1.0,Iluminação,SEM FOTO,LUMANTI SEBRP1 SPOT DE EMBUTIR QUADRADO BRANCO COM RECUO PRETO PARA MR11
2383,057865,SPOT DE EMBUTIR QUADRADO BRANCO COM RECUO BRANCO PARA PAR20,SEBRB5,LUMANTI,1.0,Iluminação,SEM FOTO,LUMANTI SEBRB5 SPOT DE EMBUTIR QUADRADO BRANCO COM RECUO BRANCO PARA PAR20
2384,057867,SPOT DE EMBUTIR QUADRADO BRANCO COM RECUO BRANCO PARA PAR30,SEBRB6,LUMANTI,1.0,Iluminação,SEM FOTO,LUMANTI SEBRB6 SPOT DE EMBUTIR QUADRADO BRANCO COM RECUO BRANCO PARA PAR30
2385,057869,ACESSORIO CONECTA DE JUNCAO PARA SPOT MR11,ACS0,LUMANTI,1.0,Iluminação,SEM FOTO,LUMANTI ACS0 ACESSORIO CONECTA DE JUNCAO PARA SPOT MR11
2386,057877,LUMINARIA SOBREPOR QUADRADA PRETA FLAT LED 12W AUTOVOLT 6500,LLSQP612F,LUMANTI,1.0,Iluminação,SEM FOTO,LUMANTI LLSQP612F LUMINARIA SOBREPOR QUADRADA PRETA FLAT LED 12W AUTOVOLT 6500
2387,057878,LUMINARIA SOBREPOR QUADRADA BRANCA FLAT LED 18W AUTOVOLT 650,LLSQ618F,LUMANTI,1.0,Iluminação,SEM FOTO,LUMANTI LLSQ618F LUMINARIA SOBREPOR QUADRADA BRANCA FLAT LED 18W AUTOVOLT 650
2388,057885,LUMINARIA EMBUTIR QUADRADA BRANCA FLAT LED 18W AUTOVOLT 6500,LLEQ618F,LUMANTI,1.0,Iluminação,SEM FOTO,LUMANTI LLEQ618F LUMINARIA EMBUTIR QUADRADA BRANCA FLAT LED 18W AUTOVOLT 6500
2389,057890,LUMINARIA SOBREPOR REDONDA BRANCA FLAT LED 18W AUTOVOLT 6500,LLSR618F,LUMANTI,1.0,Iluminação,SEM FOTO,LUMANTI LLSR618F LUMINARIA SOBREPOR REDONDA BRANCA FLAT LED 18W AUTOVOLT 6500
2390,057896,LUMINARIA SLIM FIT LED 18W AUTOVOLT 6500K 600X75X25 1600LM,LLSF618C,LUMANTI,1.0,Iluminação,SEM FOTO,LUMANTI LLSF618C LUMINARIA SLIM FIT LED 18W AUTOVOLT 6500K 600X75X25 1600LM
2391,057898,LUMINARIA SLIM FIT LED 72W AUTOVOLT 6500K 2400X75X25 6480LM,LLSF672C,LUMANTI,1.0,Iluminação,SEM FOTO,LUMANTI LLSF672C LUMINARIA SLIM FIT LED 72W AUTOVOLT 6500K 2400X75X25 6480LM
2392,057917,TRILHO CONECTOR TIPO L BRANCO,TCLB,LUMANTI,1.0,Elétrica / Comandos,SEM FOTO,LUMANTI TCLB TRILHO CONECTOR TIPO L BRANCO
2393,057968,FURADEIRA DE IMPACTO,HP1640KX1-127V,MAKITA,1.0,Ferramentas / Instrumentos,SEM FOTO,MAKITA HP1640KX1-127V FURADEIRA DE IMPACTO
2394,057980,*UNIDADE CONDENSADORA 12K CO,38AGVCC12M5,MIDEA,1.0,Refrigeração / Componentes,SEM FOTO,MIDEA 38AGVCC12M5 *UNIDADE CONDENSADORA 12K CO
2395,057995,INTERRUPTOR INTELIGENTE WI-FI EWS 201 E,EWS 201 E,INTELBRAS,1.0,Elétrica / Comandos,SEM FOTO,INTELBRAS EWS 201 E INTERRUPTOR INTELIGENTE WI-FI EWS 201 E
2396,057998,INTERRUPTOR SMART WIFI TOUCH 3 TECLA PRETO EWS 1003,EWS 1003,INTELBRAS,1.0,Elétrica / Comandos,SEM FOTO,INTELBRAS EWS 1003 INTERRUPTOR SMART WIFI TOUCH 3 TECLA PRETO EWS 1003
2397,057999,INTERRUPTOR SMART WI-FI TOUCH 1 TECLA PRETO,EWS 1001,INTELBRAS,1.0,Elétrica / Comandos,SEM FOTO,INTELBRAS EWS 1001 INTERRUPTOR SMART WI-FI TOUCH 1 TECLA PRETO
2398,058009,RADIO COMUNICADOR RC 4102,3328,INTELBRAS,1.0,Outros,SEM FOTO,INTELBRAS 3328 RADIO COMUNICADOR RC 4102
2399,058010,WEBCAM CAM HD 720 P,5489,INTELBRAS,1.0,Outros,SEM FOTO,INTELBRAS 5489 WEBCAM CAM HD 720 P
2400,058013,TELEFONE IP - TIP 125 I,TIP 125 I,INTELBRAS,1.0,Outros,SEM FOTO,INTELBRAS TIP 125 I TELEFONE IP - TIP 125 I
2401,058043,PORCA RED 1/2 X 3/8 HULTER,100221825,HULTER,1.0,Fixação e Acessórios,SEM FOTO,HULTER 100221825 PORCA RED 1/2 X 3/8 HULTER
2402,058158,"LUMINARIA DE EMERGENCIA LED 2 FAROIS 1200 LUMENS BATERIA 3,7",LLE1200E,LUMANTI,1.0,Iluminação,SEM FOTO,"LUMANTI LLE1200E LUMINARIA DE EMERGENCIA LED 2 FAROIS 1200 LUMENS BATERIA 3,7"
2403,058162,LAMPADA TUBULAR LED T8 120CM 20W AUTOVOLT 270 4000K1850 LM,LLT420C,LUMANTI,1.0,Iluminação,SEM FOTO,LUMANTI LLT420C LAMPADA TUBULAR LED T8 120CM 20W AUTOVOLT 270 4000K1850 LM
2404,058211,SPOT DE SOBREPOR QUADRADO BRANCO PARA MR16,SSBQ16,LUMANTI,1.0,Iluminação,SEM FOTO,LUMANTI SSBQ16 SPOT DE SOBREPOR QUADRADO BRANCO PARA MR16
2405,058217,CAMERA DE TV P/SIST. SEG. VHD 1220 B,4376,INTELBRAS,1.0,Eletrônicos / Informática,SEM FOTO,INTELBRAS 4376 CAMERA DE TV P/SIST. SEG. VHD 1220 B
2406,058219,CAMERA DE VIDEO WIFI FULL HD IZC 1005,4546,INTELBRAS,1.0,Eletrônicos / Informática,SEM FOTO,INTELBRAS 4546 CAMERA DE VIDEO WIFI FULL HD IZC 1005
2407,058220,CAMERA DE VIDEO WIFI SMART IZC 1003,4133,INTELBRAS,1.0,Eletrônicos / Informática,SEM FOTO,INTELBRAS 4133 CAMERA DE VIDEO WIFI SMART IZC 1003
2408,058247,SBENE SACO DE PO PARA ASP A20810901,41044031,ELECTROLUX,1.0,Outros,SEM FOTO,ELECTROLUX 41044031 SBENE SACO DE PO PARA ASP A20810901
2409,058256,PE NIVELADOR TRAS MEL CORE PARA FUGAO 41043059,67403136,ELECTROLUX,1.0,Ferramentas / Instrumentos,SEM FOTO,ELECTROLUX 67403136 PE NIVELADOR TRAS MEL CORE PARA FUGAO 41043059
2410,058365,PLUGUE 2P 10A PRETO EMB GRANEL CONNECT,003-EP,ENERBRAS,1.0,Elétrica / Comandos,SEM FOTO,ENERBRAS 003-EP PLUGUE 2P 10A PRETO EMB GRANEL CONNECT
2411,058378,TOMADA MOVEL 2P T 20A 90 BR EMB GRANEL CONNECT,086-EB,ENERBRAS,1.0,Elétrica / Comandos,SEM FOTO,ENERBRAS 086-EB TOMADA MOVEL 2P T 20A 90 BR EMB GRANEL CONNECT
2412,058384,"CONJ MANG P/GAS 1,80M 1/4X5/16 800-4000PSI JG C/3 P/R410A HU",HT372HF,HULTER,1.0,Gases Refrigerantes,SEM FOTO,"HULTER HT372HF CONJ MANG P/GAS 1,80M 1/4X5/16 800-4000PSI JG C/3 P/R410A HU"
2413,058400,PONTA DE PROVA PARA MULTIMETRO FACON,1067-DT5808,FACON,1.0,Ferramentas / Instrumentos,SEM FOTO,FACON 1067-DT5808 PONTA DE PROVA PARA MULTIMETRO FACON
2414,058416,PORCA CURTA LATAO FORJADA NORMAL - 5/8 FRIVEN,20003.1002.12,FRIVEN,1.0,Fixação e Acessórios,SEM FOTO,FRIVEN 20003.1002.12 PORCA CURTA LATAO FORJADA NORMAL - 5/8 FRIVEN
2415,058472,MULT LIMP AUTO DESENGRAXANTE  DA-10 5L,12083,CV AMAZONIA,1.0,Químicos / Solda e Limpeza,SEM FOTO,CV AMAZONIA 12083 MULT LIMP AUTO DESENGRAXANTE DA-10 5L
2416,058548,BOMBA DE VACUO VP290D 9CFM DUPLO ESTAGIO 255L/MIN 1HP,20003.0301.47,FRIVEN,1.0,Ferramentas / Instrumentos,SEM FOTO,FRIVEN 20003.0301.47 BOMBA DE VACUO VP290D 9CFM DUPLO ESTAGIO 255L/MIN 1HP
2417,058565,TUBO ELASTOMERICO 1 1/8  M 028 ARMAFLEX TUBO ISOLACAO 19MM,FPIC1BR19028000,ARMACELL,1.0,Instalação de Ar-Condicionado,SEM FOTO,ARMACELL FPIC1BR19028000 TUBO ELASTOMERICO 1 1/8 M 028 ARMAFLEX TUBO ISOLACAO 19MM
2418,058566,TUBO ELASTOMERICO 1 3/8 M 035 ARMAFLEX TUBO ISOLACAO 19MM,FPIC1BR19035000,ARMACELL,1.0,Instalação de Ar-Condicionado,SEM FOTO,ARMACELL FPIC1BR19035000 TUBO ELASTOMERICO 1 3/8 M 035 ARMAFLEX TUBO ISOLACAO 19MM
2419,058630,BOMBA DE DRENAGEM P/LAVAD UNIVERSAL S/CARC 110V C/ PROTECAO,M184565,EOS,1.0,Peças para Lavadora e Bebedouro,SEM FOTO,EOS M184565 BOMBA DE DRENAGEM P/LAVAD UNIVERSAL S/CARC 110V C/ PROTECAO
2420,058631,BOMBA DRENAGEM P/LAVAD UNIVERSAL S/CARC 110V C/ PROTECAO,M175870,ASKOL,1.0,Peças para Lavadora e Bebedouro,SEM FOTO,ASKOL M175870 BOMBA DRENAGEM P/LAVAD UNIVERSAL S/CARC 110V C/ PROTECAO
2421,058690,ENGATE ROSQUEADO JARDIM 78513000 TRAMONTINA,78513/000,TRAMONTINA,1.0,Hidráulica,SEM FOTO,TRAMONTINA 78513/000 ENGATE ROSQUEADO JARDIM 78513000 TRAMONTINA
2422,058813,"CAPACITOR CBB60, 25UF +-5% X 250V COM TERMINAL WEG",M475,WEG,1.0,Capacitores,SEM FOTO,"WEG M475 CAPACITOR CBB60, 25UF +-5% X 250V COM TERMINAL WEG"
2423,058879,CHAVE L TORX C/ GUIA T10 C.V,99BR.060.001,UNIFORT,1.0,Ferramentas / Instrumentos,SEM FOTO,UNIFORT 99BR.060.001 CHAVE L TORX C/ GUIA T10 C.V
2424,058889,"JOGO CHAVE L ALLEN 1,5 A 8MM 8PC C.V",99BR.079.005,UNIFORT,1.0,Ferramentas / Instrumentos,SEM FOTO,"UNIFORT 99BR.079.005 JOGO CHAVE L ALLEN 1,5 A 8MM 8PC C.V"
2425,058892,"TRENA METRICA EMBORRACHADA 7,5M X 25MM",99BR.707.000,UNIFORT,1.0,Ferramentas / Instrumentos,SEM FOTO,"UNIFORT 99BR.707.000 TRENA METRICA EMBORRACHADA 7,5M X 25MM"
2426,058941,FILTRO AGUA ABS CARVAO ATIVADO BRANCO 5 X 10 C/PORCAS - ZF22,D22843,FRIGELAR,1.0,Filtros e Purificadores de Água,SEM FOTO,FRIGELAR D22843 FILTRO AGUA ABS CARVAO ATIVADO BRANCO 5 X 10 C/PORCAS - ZF22
2427,058984,"COM ROTATIVO RECHI 220V 60HZ R22 1,90 TR 22.775 BTUS",S158385,RECHI,1.0,Gases Refrigerantes,SEM FOTO,"RECHI S158385 COM ROTATIVO RECHI 220V 60HZ R22 1,90 TR 22.775 BTUS"
2428,058989,OSCILANTE PAREDE 50 CM BI-VOLT PRETO 60 FIOS VENTURA,79-5425,VENTI DELTA,1.0,Elétrica / Comandos,SEM FOTO,VENTI DELTA 79-5425 OSCILANTE PAREDE 50 CM BI-VOLT PRETO 60 FIOS VENTURA
2429,058999,EXAUSTOR 50 CM 127 V CINZA AXIAL INDUSTRIAL,80-5001,VENTI DELTA,1.0,Refrigeração / Componentes,SEM FOTO,VENTI DELTA 80-5001 EXAUSTOR 50 CM 127 V CINZA AXIAL INDUSTRIAL
2430,059018,"VALV ESFERA  2-1/8"" SOLDA SBV(M)-A17YHSY-1 SEM ACESSO SANHUA",TWSA17YHSY-1,SANHUA,1.0,Químicos / Solda e Limpeza,SEM FOTO,"SANHUA TWSA17YHSY-1 VALV ESFERA 2-1/8"" SOLDA SBV(M)-A17YHSY-1 SEM ACESSO SANHUA"
2431,059019,"VISOR DE LIQUIDO ODF 3/4"" SOLDA SYJ19H11 SANHUA",TWSSYJ19H11,SANHUA,1.0,Químicos / Solda e Limpeza,SEM FOTO,"SANHUA TWSSYJ19H11 VISOR DE LIQUIDO ODF 3/4"" SOLDA SYJ19H11 SANHUA"
2432,059034,VALV RETENCAO ODF 7/8 SOLDA YCVSH20-77GSHC-1 SANHUA,YCVSH20-77GSHC-1,SANHUA,1.0,Químicos / Solda e Limpeza,SEM FOTO,SANHUA YCVSH20-77GSHC-1 VALV RETENCAO ODF 7/8 SOLDA YCVSH20-77GSHC-1 SANHUA
2433,059036,VALV RETENCAO MAG 3/8 SOLDA CCV10-019,CCV10-019,SANHUA,1.0,Químicos / Solda e Limpeza,SEM FOTO,SANHUA CCV10-019 VALV RETENCAO MAG 3/8 SOLDA CCV10-019
2434,059038,ELEMENTO FILTRANTE HTG-B00-010002 (48 F) SANHUA,HTG-B00-010002,SANHUA,1.0,Filtros e Purificadores de Água,SEM FOTO,SANHUA HTG-B00-010002 ELEMENTO FILTRANTE HTG-B00-010002 (48 F) SANHUA
2435,059039,"VALV RETENCAO ODF 3/4"" SOLDA YCVSH17-66GSHC-1 SANHUA",TWSYCVSH17-66,SANHUA,1.0,Químicos / Solda e Limpeza,SEM FOTO,"SANHUA TWSYCVSH17-66 VALV RETENCAO ODF 3/4"" SOLDA YCVSH17-66GSHC-1 SANHUA"
2436,059064,TORNEIRA BEBEDOURO 1120 1/2  CROMADA C-33 1/4 VOLTA,4439,ART METAIS,1.0,Peças para Lavadora e Bebedouro,SEM FOTO,ART METAIS 4439 TORNEIRA BEBEDOURO 1120 1/2 CROMADA C-33 1/4 VOLTA
2437,059109,PLACA ELETR POTENCIA COMPATIVEL REFRIGERADOR DF34A BIV,72636910000,EMICOL,1.0,Refrigeração / Componentes,SEM FOTO,EMICOL 72636910000 PLACA ELETR POTENCIA COMPATIVEL REFRIGERADOR DF34A BIV
2438,059121,VALVULA DUPLA COMPATIVEL C LAVAD ELECTROL  LF75 / LTE09 127V,97682110000,EMICOL,1.0,Peças para Lavadora e Bebedouro,SEM FOTO,EMICOL 97682110000 VALVULA DUPLA COMPATIVEL C LAVAD ELECTROL LF75 / LTE09 127V
2439,059125,VALVULA SIMPLES COMP CWH11/12 CWB/CWE08/09 CWC08 W10696195/W,97710810000,EMICOL,1.0,Refrigeração / Componentes,SEM FOTO,EMICOL 97710810000 VALVULA SIMPLES COMP CWH11/12 CWB/CWE08/09 CWC08 W10696195/W
2440,059138,FILTRO DML 164FS 1/2 ORING,023Z0246,DANFOS,1.0,Refrigeração / Componentes,SEM FOTO,DANFOS 023Z0246 FILTRO DML 164FS 1/2 ORING
2441,059152,REFRICLEAN AR DA TERRA 200 ML,PL00373,AR DA TERRA,1.0,Químicos / Solda e Limpeza,SEM FOTO,AR DA TERRA PL00373 REFRICLEAN AR DA TERRA 200 ML
2442,059203,FILTRO SECADOR DANFOSS DML166 350 X 3/4 ROSCA - DML166 / 023,C189732,DANFOS,1.0,Refrigeração / Componentes,SEM FOTO,DANFOS C189732 FILTRO SECADOR DANFOSS DML166 350 X 3/4 ROSCA - DML166 / 023
2443,059226,COMP SCROLL COPELAND 220V TRIF R22 75000BTUS ZR72,100243903,COPELAND,1.0,Gases Refrigerantes,SEM FOTO,COPELAND 100243903 COMP SCROLL COPELAND 220V TRIF R22 75000BTUS ZR72
2444,059260,GRELHA CASSETTE DX GRANDE 40KWFL,40KWFL,MIDEA / SPRINGER,1.0,Outros,SEM FOTO,MIDEA / SPRINGER 40KWFL GRELHA CASSETTE DX GRANDE 40KWFL
2445,059354,"CURVA CO 90 LONGA 1.1/4 X 1,17MM  HULTER",100264066,HULTER,1.0,Instalação de Ar-Condicionado,SEM FOTO,"HULTER 100264066 CURVA CO 90 LONGA 1.1/4 X 1,17MM HULTER"
2446,059414,CALCO DE BORRACHA MINI C/ PARAFUSO 44X35 HULTER,100272001,HULTER,1.0,Fixação e Acessórios,SEM FOTO,HULTER 100272001 CALCO DE BORRACHA MINI C/ PARAFUSO 44X35 HULTER
2447,059420,TUBO ISOLANTE ELASTOMERICO 1/4 M 006 ARMAFLEX 19MM AR,FPIC1BR19006000,ARMACELL,1.0,Instalação de Ar-Condicionado,SEM FOTO,ARMACELL FPIC1BR19006000 TUBO ISOLANTE ELASTOMERICO 1/4 M 006 ARMAFLEX 19MM AR
2448,059426,UNIDADE EVAPORADORA TETO 36K CONVENCIONAL Q/F-42ZQA36S5,42ZQA36S5,MIDEA / SPRINGER,1.0,Refrigeração / Componentes,SEM FOTO,MIDEA / SPRINGER 42ZQA36S5 UNIDADE EVAPORADORA TETO 36K CONVENCIONAL Q/F-42ZQA36S5
2449,059427,UNIDADE CONDENSADOR 36K P GAS R410 FR 220-1-60-38CCU036515MS,38CCU036515MS,MIDEA / SPRINGER,1.0,Gases Refrigerantes,SEM FOTO,MIDEA / SPRINGER 38CCU036515MS UNIDADE CONDENSADOR 36K P GAS R410 FR 220-1-60-38CCU036515MS
2450,059473,VALVULA EXPANSAO 7/8 X 1.1/8 SOLDA EQUAL EXTERNA R22/R407C A,057318,EMERSON,1.0,Gases Refrigerantes,SEM FOTO,EMERSON 057318 VALVULA EXPANSAO 7/8 X 1.1/8 SOLDA EQUAL EXTERNA R22/R407C A
2451,059507,COMP ELECTROLUX 220-240V 60HZ 60HZ EL70C 1/5 R600A,41050035,ELECTROLUX,1.0,Gases Refrigerantes,SEM FOTO,ELECTROLUX 41050035 COMP ELECTROLUX 220-240V 60HZ 60HZ EL70C 1/5 R600A
2452,059528,FILTRO HML 164R 350X1/2R HULTER,100274831,HULTER,1.0,Refrigeração / Componentes,SEM FOTO,HULTER 100274831 FILTRO HML 164R 350X1/2R HULTER
2453,059572,CORTINA DE AR 90CM ONE BR 220V VIX,VIXONE90,VIX,1.0,Outros,SEM FOTO,VIX VIXONE90 CORTINA DE AR 90CM ONE BR 220V VIX
2454,059583,KIT ALICATE UNIV SPAZIO P UNIAO DE TUBO DE COBRE E ALUMIN,APUTCATSUCHV,SPAZIO,1.0,Ferramentas / Instrumentos,SEM FOTO,SPAZIO APUTCATSUCHV KIT ALICATE UNIV SPAZIO P UNIAO DE TUBO DE COBRE E ALUMIN
2455,059594,MILTIMETRO ALICATE DIGITAL CTA IV 300V MINIPA ET-3201A,ET-3201A,MINIPA,1.0,Ferramentas / Instrumentos,SEM FOTO,MINIPA ET-3201A MILTIMETRO ALICATE DIGITAL CTA IV 300V MINIPA ET-3201A
2456,059597,COMP SCROLL PANASSONIC 124.9KBTU 11HP R410 220-3-60 10TR,C-SCP360H36A,PANASSONIC,1.0,Gases Refrigerantes,SEM FOTO,PANASSONIC C-SCP360H36A COMP SCROLL PANASSONIC 124.9KBTU 11HP R410 220-3-60 10TR
2457,059604,TUBO DE COBRE FLEXIVEL 7/8 X 1/32 TTLN,00011854,COBRESUL,1.0,Instalação de Ar-Condicionado,SEM FOTO,COBRESUL 00011854 TUBO DE COBRE FLEXIVEL 7/8 X 1/32 TTLN
2458,059615,VALV RETENCAO MAG ODF 1.3/8 SOLDA CCV38-001 SANHUA,CCV38-001,SANHUA,1.0,Químicos / Solda e Limpeza,SEM FOTO,SANHUA CCV38-001 VALV RETENCAO MAG ODF 1.3/8 SOLDA CCV38-001 SANHUA
2459,059633,AUTO TRAFO 3000 VA TECNO BIVIOLT 2P+ T (TRANSFORMADOR) FIOLU,10103124111,FIOLUX,1.0,Elétrica / Comandos,SEM FOTO,FIOLUX 10103124111 AUTO TRAFO 3000 VA TECNO BIVIOLT 2P+ T (TRANSFORMADOR) FIOLU
2460,059634,AUTO TRAFO 5000 VA TECNO BIVIOLT 2P+ T (TRANSFORMADOR) FIOLU,10103126111,FIOLUX,1.0,Elétrica / Comandos,SEM FOTO,FIOLUX 10103126111 AUTO TRAFO 5000 VA TECNO BIVIOLT 2P+ T (TRANSFORMADOR) FIOLU
2461,059656,TORNEIRA BEBEDOURO C/CONECTOR C/ROSCA CURTA BCO/BCO - 32355,32355,DE PLASTIC,1.0,Elétrica / Comandos,SEM FOTO,DE PLASTIC 32355 TORNEIRA BEBEDOURO C/CONECTOR C/ROSCA CURTA BCO/BCO - 32355
2462,059665,COMP SCROLL DANFOS 440V TRIF 6.8TR 81570BTUS R22 SOLDA MINER,S111626,DANFOS,1.0,Gases Refrigerantes,SEM FOTO,DANFOS S111626 COMP SCROLL DANFOS 440V TRIF 6.8TR 81570BTUS R22 SOLDA MINER
2463,059677,PLACA UNIVERSAL PRA AR COND C/CONTR 7000 A 60000 BTUS HULTER,HT1U03CA,HULTER,1.0,Refrigeração / Componentes,SEM FOTO,HULTER HT1U03CA PLACA UNIVERSAL PRA AR COND C/CONTR 7000 A 60000 BTUS HULTER
2464,059682,CONTROLE REMOTO ROSSI TX HCS 433MHZ AZUL  - 76472,76472,ROSSI,1.0,Refrigeração / Componentes,SEM FOTO,ROSSI 76472 CONTROLE REMOTO ROSSI TX HCS 433MHZ AZUL - 76472
2465,059742,"CAPACITOR CBB65, 10UF +-5% X 380VAC 50-60HZ FRIVEN",20003.1700.30,FRIVEN,1.0,Capacitores,SEM FOTO,"FRIVEN 20003.1700.30 CAPACITOR CBB65, 10UF +-5% X 380VAC 50-60HZ FRIVEN"
2466,059743,"CAPACITOR DUPLO CBB65, 30UF + 6UF X 380VAC FRIVEN",20003.1683.20,FRIVEN,1.0,Capacitores,SEM FOTO,"FRIVEN 20003.1683.20 CAPACITOR DUPLO CBB65, 30UF + 6UF X 380VAC FRIVEN"
2467,059753,BOMBA DE VACUO VP115 1.5CFM ESTAGIO SIMPLE 1/4HP FRIVEN,20003.0301.38,FRIVEN,1.0,Ferramentas / Instrumentos,SEM FOTO,FRIVEN 20003.0301.38 BOMBA DE VACUO VP115 1.5CFM ESTAGIO SIMPLE 1/4HP FRIVEN
2468,059772,COMP ROTATIVO HIGHLY 30000BTU P GAS R410 60HZ 208-230,S146102,HIGHLY,1.0,Gases Refrigerantes,SEM FOTO,HIGHLY S146102 COMP ROTATIVO HIGHLY 30000BTU P GAS R410 60HZ 208-230
2469,059781,"TUBO DE COBRE FLEX 1/2=12,7MM X 1/32=0,79MM BOB/PAN",T191991,TERMOMECANICA,1.0,Instalação de Ar-Condicionado,SEM FOTO,"TERMOMECANICA T191991 TUBO DE COBRE FLEX 1/2=12,7MM X 1/32=0,79MM BOB/PAN"
2470,059782,"TUBO DE COBRE FLEX 1/4=6,35MM X 1/32=0,79MM BOB/PAN",T191988,TERMOMECANICA,1.0,Instalação de Ar-Condicionado,SEM FOTO,"TERMOMECANICA T191988 TUBO DE COBRE FLEX 1/4=6,35MM X 1/32=0,79MM BOB/PAN"
2471,059821,GAS R32 LATA 650G FRIVEN,20003.0100.86,FRIVEN,1.0,Gases Refrigerantes,SEM FOTO,FRIVEN 20003.0100.86 GAS R32 LATA 650G FRIVEN
2472,059823,GAS R600A LATA 400G HC - 2.1 - ONU: 1969 FRIVEN,20003.0120.20,FRIVEN,1.0,Gases Refrigerantes,SEM FOTO,FRIVEN 20003.0120.20 GAS R600A LATA 400G HC - 2.1 - ONU: 1969 FRIVEN
2473,059827,PRESSOSTATO DANFOS DE BAIXA MANUAL KP1 060-110391,KP1 060-110391,DANFOS,1.0,Automação / Temporizadores,SEM FOTO,DANFOS KP1 060-110391 PRESSOSTATO DANFOS DE BAIXA MANUAL KP1 060-110391
2474,059829,MOTOR 1/20 220V EXAUSTOR C HEL ALUM HT2YJF18P HULTER,HT2YJF18P,HULTER,1.0,Refrigeração / Componentes,SEM FOTO,HULTER HT2YJF18P MOTOR 1/20 220V EXAUSTOR C HEL ALUM HT2YJF18P HULTER
2475,059834,DUTO FLEXIVEL SEM ISOLAMENTO 12 X 10M MODEL NO - FD12D,FD12D,ELECTROLUX,1.0,Instalação de Ar-Condicionado,SEM FOTO,ELECTROLUX FD12D DUTO FLEXIVEL SEM ISOLAMENTO 12 X 10M MODEL NO - FD12D
2476,059838,DUTO FLEXIVEL ISOLADO 12 X 10M MODEL NO - FD12SI-10,FD12SI-10,ELECTROLUX,1.0,Outros,SEM FOTO,ELECTROLUX FD12SI-10 DUTO FLEXIVEL ISOLADO 12 X 10M MODEL NO - FD12SI-10
2477,059842,PRESSOSTATO DE ALTA E BAIXA AUTOMATICOL KP15 P15-1241 ZERO,P15-1241,ZERO,1.0,Automação / Temporizadores,SEM FOTO,ZERO P15-1241 PRESSOSTATO DE ALTA E BAIXA AUTOMATICOL KP15 P15-1241 ZERO
2478,059881,TUBO DE COBRE FLEX COBRESUL 5/8 X 1/32 ST DG,100260709,COBRESUL,1.0,Instalação de Ar-Condicionado,SEM FOTO,COBRESUL 100260709 TUBO DE COBRE FLEX COBRESUL 5/8 X 1/32 ST DG
2479,059897,ORIFICIO VALVULA EXPANSAO N.4 ELGIN,45ORIFICI004,ELGIN,1.0,Refrigeração / Componentes,SEM FOTO,ELGIN 45ORIFICI004 ORIFICIO VALVULA EXPANSAO N.4 ELGIN
2480,059912,"TUBO DE COBRE FLEX 1/4=6,35MM X 1/32=0,79MM (BOBINA) FRVX",10024244,TERMOMECANICA,1.0,Instalação de Ar-Condicionado,SEM FOTO,"TERMOMECANICA 10024244 TUBO DE COBRE FLEX 1/4=6,35MM X 1/32=0,79MM (BOBINA) FRVX"
2481,059913,"TUBO DE COBRE FLEX 1/2=12,7MM X 1/32=0,79MM (BOBINA) FRVX",1002948,TERMOMECANICA,1.0,Instalação de Ar-Condicionado,SEM FOTO,"TERMOMECANICA 1002948 TUBO DE COBRE FLEX 1/2=12,7MM X 1/32=0,79MM (BOBINA) FRVX"
2482,059956,DRIVE 24W BIV LED MASS,100972,OK BRASIL,1.0,Iluminação,SEM FOTO,OK BRASIL 100972 DRIVE 24W BIV LED MASS
2483,060024,CONTROLE REMOTO UNIVERSAL SPLIT HI WALL 4000 CODIGOS SURYHA,80150.063,SURYHA,1.0,Refrigeração / Componentes,SEM FOTO,SURYHA 80150.063 CONTROLE REMOTO UNIVERSAL SPLIT HI WALL 4000 CODIGOS SURYHA
2484,060035,BOMBA DE VACUO 5CFM DUPLO ESTAGIO A BATERIA SURYHA,80155.036,SURYHA,1.0,Ferramentas / Instrumentos,SEM FOTO,SURYHA 80155.036 BOMBA DE VACUO 5CFM DUPLO ESTAGIO A BATERIA SURYHA
2485,060036,TERMOMETRO DIGITAL C/5 SENSENSOR (PENTA) SURYHA,80150.193,SURYHA,1.0,Ferramentas / Instrumentos,SEM FOTO,SURYHA 80150.193 TERMOMETRO DIGITAL C/5 SENSENSOR (PENTA) SURYHA
2486,060044,COMP ROTAT RECHI 18000 BTUS 220V 60HZ R410 50A492P TIPI,20003.0229.41,RECHI,1.0,Gases Refrigerantes,SEM FOTO,RECHI 20003.0229.41 COMP ROTAT RECHI 18000 BTUS 220V 60HZ R410 50A492P TIPI
2487,060089,CAIXA STOP SLIM SOBREPOR 1 TOMADA 20A TRAMONTINA,20662,TRAMONTINA,1.0,Elétrica / Comandos,SEM FOTO,TRAMONTINA 20662 CAIXA STOP SLIM SOBREPOR 1 TOMADA 20A TRAMONTINA
2488,060148,VISOR DE LIQUIDO 3/8 ROSCA SYJ10L11 SANHUA,SYJ10L11,SANHUA,1.0,Refrigeração / Componentes,SEM FOTO,SANHUA SYJ10L11 VISOR DE LIQUIDO 3/8 ROSCA SYJ10L11 SANHUA
2489,060151,BOBINA RETANCIA P/ SOLENOIDE MQ-A0322G-00000 SANHUA,MQ-A0322G-000001,SANHUA,1.0,Outros,SEM FOTO,SANHUA MQ-A0322G-000001 BOBINA RETANCIA P/ SOLENOIDE MQ-A0322G-00000 SANHUA
2490,060238,CAPACITOR VENTILADOR 6UF 450V 4 PINOS FRIVEN,8737,FRIVEN,1.0,Capacitores,SEM FOTO,FRIVEN 8737 CAPACITOR VENTILADOR 6UF 450V 4 PINOS FRIVEN
2491,060248,PLACA UNIVERSAL SPLIT HI WALL QD-U02B+ SNG,8350,SNG,1.0,Refrigeração / Componentes,SEM FOTO,SNG 8350 PLACA UNIVERSAL SPLIT HI WALL QD-U02B+ SNG
2492,060253,CAPACITOR DUPLO 60+6uF 250VAC P2,GW05706047,TONGFENG,1.0,Capacitores,SEM FOTO,TONGFENG GW05706047 CAPACITOR DUPLO 60+6uF 250VAC P2
2493,060293,PROTETOR TERMICO 4TM PTC 1/4 110V EOS,D114912,EOS,1.0,Refrigeração / Componentes,SEM FOTO,EOS D114912 PROTETOR TERMICO 4TM PTC 1/4 110V EOS
2494,060300,RETENTOR ACCURATOR DUPLO 3/8 SAE (VALVULA DE EXPANSAO 6000BT,34760,NUCLEO DO FRIO,1.0,Peças para Lavadora e Bebedouro,SEM FOTO,NUCLEO DO FRIO 34760 RETENTOR ACCURATOR DUPLO 3/8 SAE (VALVULA DE EXPANSAO 6000BT
2495,060320,"PISTAO ORIFICIO 0,078 MM COMPATIVEL ( EA52PJ078 )",IC129,DE PLASTIC,1.0,Peças para Lavadora e Bebedouro,SEM FOTO,"DE PLASTIC IC129 PISTAO ORIFICIO 0,078 MM COMPATIVEL ( EA52PJ078 )"
2496,060322,"PISTAO ORIFICIO 0,080 MM COMPATIVEL ( EA52PJ080 )",IC131,DE PLASTIC,1.0,Peças para Lavadora e Bebedouro,SEM FOTO,"DE PLASTIC IC131 PISTAO ORIFICIO 0,080 MM COMPATIVEL ( EA52PJ080 )"
2497,060325,SUPORTE SPLIT 800MM CHAPA 2MM REFORCADO,SA0022,RA METAL E COMPONENTES,1.0,Instalação de Ar-Condicionado,SEM FOTO,RA METAL E COMPONENTES SA0022 SUPORTE SPLIT 800MM CHAPA 2MM REFORCADO
2498,060331,MOTOR VENT. REF. BOSCH / CONT. 110V S/ HELICE COMP. 710,47088,NUCLEO DO FRIO,1.0,Refrigeração / Componentes,SEM FOTO,NUCLEO DO FRIO 47088 MOTOR VENT. REF. BOSCH / CONT. 110V S/ HELICE COMP. 710
2499,060334,GAS R290 LATA 295G ONU 1978 PROPANO EOS,G127312,EOS,1.0,Gases Refrigerantes,SEM FOTO,EOS G127312 GAS R290 LATA 295G ONU 1978 PROPANO EOS
2500,060340,"BOMBA VACUO VIX PREM 5,5CFM 1 ESTAG BIV",1016348,VIX,1.0,Ferramentas / Instrumentos,SEM FOTO,"VIX 1016348 BOMBA VACUO VIX PREM 5,5CFM 1 ESTAG BIV"
2501,060355,"ABRACADEIRA DE NYLON 200X3,6MM PRETO -",1836.0,SHALL,1.0,Fixação e Acessórios,SEM FOTO,"SHALL 1836.0 ABRACADEIRA DE NYLON 200X3,6MM PRETO -"
2502,060384,"VALVULA REGISTRO 1/4"" PARA LATA FLUIDO REFRIGERANTE",80150.057,SURYHA,1.0,Refrigeração / Componentes,SEM FOTO,"SURYHA 80150.057 VALVULA REGISTRO 1/4"" PARA LATA FLUIDO REFRIGERANTE"
2503,060392,"VALVULA DE SERVICO PARA CONDENSADORA DE 1/4"" R22",80170.020,SURYHA,1.0,Gases Refrigerantes,SEM FOTO,"SURYHA 80170.020 VALVULA DE SERVICO PARA CONDENSADORA DE 1/4"" R22"
2504,060426,DESCONTAMINANTE PRO ECOTEC CILINDRO COM 10KG,20240207,OBAGAS,1.0,Químicos / Solda e Limpeza,SEM FOTO,OBAGAS 20240207 DESCONTAMINANTE PRO ECOTEC CILINDRO COM 10KG
2505,060453,RECIPIENTE DE EVAPORACAO REFRIGERADOR ELECTROLUX ECLA002,D185056,DE PLASTIC,1.0,Refrigeração / Componentes,SEM FOTO,DE PLASTIC D185056 RECIPIENTE DE EVAPORACAO REFRIGERADOR ELECTROLUX ECLA002
2506,060464,VALV ESFERA 3/8 SOLDA SBV03-319,SBV03-319,SANHUA,1.0,Químicos / Solda e Limpeza,SEM FOTO,SANHUA SBV03-319 VALV ESFERA 3/8 SOLDA SBV03-319
2507,060484,ALICATE AMPERIMETRO DIGITAL GALLANT - GLT202+ GLT202+,I51360010100101012,GALLANT,1.0,Ferramentas / Instrumentos,SEM FOTO,GALLANT I51360010100101012 ALICATE AMPERIMETRO DIGITAL GALLANT - GLT202+ GLT202+
2508,060486,BOMBA DE VACUO GALLANT PRO 15CFM DUPLO ESTAGIO - BIVOLT - G,R40011360105001001,GALLANT,1.0,Ferramentas / Instrumentos,SEM FOTO,GALLANT R40011360105001001 BOMBA DE VACUO GALLANT PRO 15CFM DUPLO ESTAGIO - BIVOLT - G
2509,060496,ALICATE AMPERIMETRO DIGITAL,80150.048,SURYHA,1.0,Ferramentas / Instrumentos,SEM FOTO,SURYHA 80150.048 ALICATE AMPERIMETRO DIGITAL
2510,060504,FLANGEADOR EXCENTRICO COM CATRACA CORTADOR ESCAREADOR MALETA,80150.053,SURYHA,1.0,Ferramentas / Instrumentos,SEM FOTO,SURYHA 80150.053 FLANGEADOR EXCENTRICO COM CATRACA CORTADOR ESCAREADOR MALETA
2511,060511,BOMBA VACUO 12CFM DUPLO ESTAGIO,80155.034,SURYHA,1.0,Ferramentas / Instrumentos,SEM FOTO,SURYHA 80155.034 BOMBA VACUO 12CFM DUPLO ESTAGIO
2512,060513,RECOLHEDORA RECICLADORA COM SEPARADOR OLEO 1/2HP,80150.175,SURYHA,1.0,Químicos / Solda e Limpeza,SEM FOTO,SURYHA 80150.175 RECOLHEDORA RECICLADORA COM SEPARADOR OLEO 1/2HP
2513,060514,BOMBA VACUO 5CFM DUPLO ESTAGIO DIGITAL  BATERIA PREMIUM,80155.039,SURYHA,1.0,Ferramentas / Instrumentos,SEM FOTO,SURYHA 80155.039 BOMBA VACUO 5CFM DUPLO ESTAGIO DIGITAL BATERIA PREMIUM
2514,060516,MANOMETRO PRESSURIZACAO,80150.223,SURYHA,1.0,Ferramentas / Instrumentos,SEM FOTO,SURYHA 80150.223 MANOMETRO PRESSURIZACAO
2515,060523,FITA ADESIVA ELASTOMERICA PVC PRETA 45MMX10M NUCLEO DO FRIO,383,NUCLEO DO FRIO,1.0,Instalação de Ar-Condicionado,SEM FOTO,NUCLEO DO FRIO 383 FITA ADESIVA ELASTOMERICA PVC PRETA 45MMX10M NUCLEO DO FRIO
2516,060556,CUBO DO CESTO LAVADORA ELECTROLUX 12KG LAC13 LES13 LM13Q,SPDC12KG,SPAZIO,1.0,Peças para Lavadora e Bebedouro,SEM FOTO,SPAZIO SPDC12KG CUBO DO CESTO LAVADORA ELECTROLUX 12KG LAC13 LES13 LM13Q
2517,002499,GAS R22 QUILO EOS (C RED) MANAUS,I2180,EOS,0.786,Gases Refrigerantes,SEM FOTO,EOS I2180 GAS R22 QUILO EOS (C RED) MANAUS
2518,053027,"MANGUEIRA PARA BEBEDOURO 6,35 X 1,00MM IBBL",10250084,IBBL,0.5,Peças para Lavadora e Bebedouro,SEM FOTO,"IBBL 10250084 MANGUEIRA PARA BEBEDOURO 6,35 X 1,00MM IBBL"
2519,058337,SOLDA FOSCOPER BANHADA 2.40MM X 460MM BRASIL SOLDAS,BR-FOS 3,BRASIL SOLDAS METAL NOBRE,0.5,Químicos / Solda e Limpeza,SEM FOTO,BRASIL SOLDAS METAL NOBRE BR-FOS 3 SOLDA FOSCOPER BANHADA 2.40MM X 460MM BRASIL SOLDAS
2520,001105,CURVA CO 90 CURTA 1/2,,FACON,2650.0,Instalação de Ar-Condicionado,SEM FOTO,FACON CURVA CO 90 CURTA 1/2
2521,052891,CURVA CO 90 CURTA 1/4,,FACON,2226.0,Instalação de Ar-Condicionado,SEM FOTO,FACON CURVA CO 90 CURTA 1/4
2522,000990,ARRUELA LISA ZIN 5/16 UNIDADE,,JOMARCA,1771.0,Fixação e Acessórios,SEM FOTO,JOMARCA ARRUELA LISA ZIN 5/16 UNIDADE
2523,055193,NUCLEO DA VALVULA SCHIRIDER VALVULA FACON,,FACON,1610.0,Refrigeração / Componentes,SEM FOTO,FACON NUCLEO DA VALVULA SCHIRIDER VALVULA FACON
2524,003433,ARRUELA LISA ZIN 1/4 UNIDADE,,JOMARCA,1195.0,Fixação e Acessórios,SEM FOTO,JOMARCA ARRUELA LISA ZIN 1/4 UNIDADE
2525,053180,"CAPACITOR PLACA CBB61, 3UF  X 300VAC FACON",,FACON,1000.0,Capacitores,SEM FOTO,"FACON CAPACITOR PLACA CBB61, 3UF X 300VAC FACON"
2526,001758,PF RO SOB SXTV 3/16X45,,JOMARCA,825.0,Fixação e Acessórios,SEM FOTO,JOMARCA PF RO SOB SXTV 3/16X45
2527,053816,SENSOR DUPLO DEGELO 5K / TEMPERATURA 5K MIDEA FACON,,FACON,814.0,Refrigeração / Componentes,SEM FOTO,FACON SENSOR DUPLO DEGELO 5K / TEMPERATURA 5K MIDEA FACON
2528,052806,"CAPACITOR VENTILADOR CBB61, 1.5UF  X 450VAC FACON",,FACON,791.0,Capacitores,SEM FOTO,"FACON CAPACITOR VENTILADOR CBB61, 1.5UF X 450VAC FACON"
2529,059520,"TERMINAL OLHAL PRE ISOLADO 1,5MM-2,5MM - AZUL",,FACON,765.0,Elétrica / Comandos,SEM FOTO,"FACON TERMINAL OLHAL PRE ISOLADO 1,5MM-2,5MM - AZUL"
2530,000633,CABO FLEX 4MM METRO FLEXCABLES,,FLEXCABLES,750.0,Elétrica / Comandos,SEM FOTO,FLEXCABLES CABO FLEX 4MM METRO FLEXCABLES
2531,054145,KIT REPARO PARA MANGUEIRA DE GAS R22/R134/R407 FACON,,FACON,742.0,Gases Refrigerantes,SEM FOTO,FACON KIT REPARO PARA MANGUEIRA DE GAS R22/R134/R407 FACON
2532,001107,CURVA CO 90 CURTA 3/8,,FACON,680.0,Instalação de Ar-Condicionado,SEM FOTO,FACON CURVA CO 90 CURTA 3/8
2533,054498,CURVA CO 90 LONGA 1/4 FRIVEN,,FRIVEN,541.0,Instalação de Ar-Condicionado,SEM FOTO,FRIVEN CURVA CO 90 LONGA 1/4 FRIVEN
2534,052807,"CAPACITOR VENTILADOR CBB61, 2UF  X 450VAC FACON",,FACON,513.0,Capacitores,SEM FOTO,"FACON CAPACITOR VENTILADOR CBB61, 2UF X 450VAC FACON"
2535,052805,"CAPACITOR PLACA CBB61, 2UF  X 250VAC-370VAC FACON",,FACON,470.0,Capacitores,SEM FOTO,"FACON CAPACITOR PLACA CBB61, 2UF X 250VAC-370VAC FACON"
2536,007214,CABO PP 2X2.5MM METRO TOPCABLES,,FLEXCABLES,406.0,Elétrica / Comandos,SEM FOTO,FLEXCABLES CABO PP 2X2.5MM METRO TOPCABLES
2537,004665,CHUMBADOR COM PARAFUSO CB 5/16X2.1/4 UNIDADE,,JOMARCA,390.0,Fixação e Acessórios,SEM FOTO,JOMARCA CHUMBADOR COM PARAFUSO CB 5/16X2.1/4 UNIDADE
2538,056902,CONECTOR MACHO RJ45 8 VIAS - LIEGE,,LIEGE,390.0,Elétrica / Comandos,SEM FOTO,LIEGE CONECTOR MACHO RJ45 8 VIAS - LIEGE
2539,055275,DISJUNTOR DIN MONO 16A GONBRE CURVA COM 6KA,,GONBRE,358.0,Elétrica / Comandos,SEM FOTO,GONBRE DISJUNTOR DIN MONO 16A GONBRE CURVA COM 6KA
2540,004458,CABO FLEX 6MM METRO FLEXCABLES,,FLEXCABLES,348.0,Elétrica / Comandos,SEM FOTO,FLEXCABLES CABO FLEX 6MM METRO FLEXCABLES
2541,052810,"CAPACITOR VENTILADOR CBB61, 3.5UF  X 450VAC FACON",,FACON,319.0,Capacitores,SEM FOTO,"FACON CAPACITOR VENTILADOR CBB61, 3.5UF X 450VAC FACON"
2542,052689,FITA ISOLANTE CELTA 18MMX20M,,CELTA,296.0,Instalação de Ar-Condicionado,SEM FOTO,CELTA FITA ISOLANTE CELTA 18MMX20M
2543,052809,"CAPACITOR VENTILADOR CBB61, 3UF  X 450VAC FACON",,FACON,294.0,Capacitores,SEM FOTO,"FACON CAPACITOR VENTILADOR CBB61, 3UF X 450VAC FACON"
2544,056079,UNIAO DE ACESSO PARA EVAPORADOR DE A/C 1/4 X 70MM REP AMAZO,,REP AMAZONAS,290.0,Instalação de Ar-Condicionado,SEM FOTO,REP AMAZONAS UNIAO DE ACESSO PARA EVAPORADOR DE A/C 1/4 X 70MM REP AMAZO
2545,053415,SENSOR DUPLO DEGELO 5K / TEMPERATURA 10K LG FACON,,FACON,273.0,Refrigeração / Componentes,SEM FOTO,FACON SENSOR DUPLO DEGELO 5K / TEMPERATURA 10K LG FACON
2546,055276,DISJUNTOR DIN MONO 20A GONBRE CURVA COM 6KA,,GONBRE,261.0,Elétrica / Comandos,SEM FOTO,GONBRE DISJUNTOR DIN MONO 20A GONBRE CURVA COM 6KA
2547,055496,"CAPACITOR VENTILADOR CBB61, 5UF X 380VAC MIGRARE",,MIGRARE,253.0,Capacitores,SEM FOTO,"MIGRARE CAPACITOR VENTILADOR CBB61, 5UF X 380VAC MIGRARE"
2548,060067,GAS R32 LATA - FLUIDO REFRIGERANTE PRO32 - 300G OBAGAS,,OBAGAS,245.0,Gases Refrigerantes,SEM FOTO,OBAGAS GAS R32 LATA - FLUIDO REFRIGERANTE PRO32 - 300G OBAGAS
2549,055280,DISJUNTOR DIN MONO 32A GONBRE CURVA COM 6KA,,GONBRE,204.0,Elétrica / Comandos,SEM FOTO,GONBRE DISJUNTOR DIN MONO 32A GONBRE CURVA COM 6KA
2550,052688,PF RO TOT 1/4X2 SXTV UND,,JOMARCA,194.0,Fixação e Acessórios,SEM FOTO,JOMARCA PF RO TOT 1/4X2 SXTV UND
2551,054507,LUVA CO REDUTORA 5/8X1/4,,FRIVEN,182.0,EPI / Segurança,SEM FOTO,FRIVEN LUVA CO REDUTORA 5/8X1/4
2552,000888,ABRACADEIRA TIPO D C/CUNHA 1/2 INCA,,INCA,176.0,Fixação e Acessórios,SEM FOTO,INCA ABRACADEIRA TIPO D C/CUNHA 1/2 INCA
2553,056565,"CAPACITOR PLACA CBB61, 1.2UF  X 370VAC FACON",,FACON,176.0,Capacitores,SEM FOTO,"FACON CAPACITOR PLACA CBB61, 1.2UF X 370VAC FACON"
2554,001607,PORCA CURTA LT 3/8 FORJADA REP AMAZONAS,,REP AMAZONAS,168.0,Fixação e Acessórios,SEM FOTO,REP AMAZONAS PORCA CURTA LT 3/8 FORJADA REP AMAZONAS
2555,052687,CHUMBADOR COM PARAFUSO CB 3/8X2.1/2 UNIDADE,,JOMARCA,165.0,Fixação e Acessórios,SEM FOTO,JOMARCA CHUMBADOR COM PARAFUSO CB 3/8X2.1/2 UNIDADE
2556,053179,"CAPACITOR PLACA CBB61, 2.5UF  X 300VAC FACON",,FACON,159.0,Capacitores,SEM FOTO,"FACON CAPACITOR PLACA CBB61, 2.5UF X 300VAC FACON"
2557,055467,CABO PP 3X1.0MM METRO SPAZIO,,SPAZIO,158.0,Elétrica / Comandos,SEM FOTO,SPAZIO CABO PP 3X1.0MM METRO SPAZIO
2558,056702,PORCA CURTA LT 1/4 FORJADA REP AMAZONAS,,REP AMAZONAS,156.0,Fixação e Acessórios,SEM FOTO,REP AMAZONAS PORCA CURTA LT 1/4 FORJADA REP AMAZONAS
2559,052812,"CAPACITOR VENTILADOR CBB61, 4.5UF  X 450VAC FACON",,FACON,153.0,Capacitores,SEM FOTO,"FACON CAPACITOR VENTILADOR CBB61, 4.5UF X 450VAC FACON"
2560,054449,UNIAO DE ACESSO PARA EVAPORADOR DE A/C 1/2 X 70MM,,FACON,152.0,Instalação de Ar-Condicionado,SEM FOTO,FACON UNIAO DE ACESSO PARA EVAPORADOR DE A/C 1/2 X 70MM
2561,059932,PORCA CURTA LT 3/4 FACON,,FACON,143.0,Fixação e Acessórios,SEM FOTO,FACON PORCA CURTA LT 3/4 FACON
2562,056564,"CAPACITOR PLACA CBB61, 0.9UF  X 370VAC FACON",,FACON,137.0,Capacitores,SEM FOTO,"FACON CAPACITOR PLACA CBB61, 0.9UF X 370VAC FACON"
2563,054144,VALVULA ADAPTADORA P GAS R410 FACON,,FACON,134.0,Gases Refrigerantes,SEM FOTO,FACON VALVULA ADAPTADORA P GAS R410 FACON
2564,053811,"CAPACITOR PLACA CBB61, 0.9UF  X 250VAC-370VAC FACON",,FACON,131.0,Capacitores,SEM FOTO,"FACON CAPACITOR PLACA CBB61, 0.9UF X 250VAC-370VAC FACON"
2565,053837,VALVULA DE SERVICO DA CONDENSADORA GAS R22 3/8,,FACON,129.0,Gases Refrigerantes,SEM FOTO,FACON VALVULA DE SERVICO DA CONDENSADORA GAS R22 3/8
2566,053695,ORIFICIO VALVULA EXPANSAO N.5 FACON,,FACON,114.0,Refrigeração / Componentes,SEM FOTO,FACON ORIFICIO VALVULA EXPANSAO N.5 FACON
2567,001108,CURVA CO 90 CURTA 5/8,,FACON,112.0,Instalação de Ar-Condicionado,SEM FOTO,FACON CURVA CO 90 CURTA 5/8
2568,055584,LUVA CO REDUTORA 3/4X3/8,,FRIVEN,110.0,EPI / Segurança,SEM FOTO,FRIVEN LUVA CO REDUTORA 3/4X3/8
2569,054433,CABO FLEX 6MM PRETO METRO ANT CHAMA 750V LUZZANO,,LUZZANO,109.0,Elétrica / Comandos,SEM FOTO,LUZZANO CABO FLEX 6MM PRETO METRO ANT CHAMA 750V LUZZANO
2570,055277,DISJUNTOR DIN MONO 25A GONBRE CURVA COM 6KA,,GONBRE,108.0,Elétrica / Comandos,SEM FOTO,GONBRE DISJUNTOR DIN MONO 25A GONBRE CURVA COM 6KA
2571,052481,SENSOR DE TEMPERATURA PARA A/C 5K FACON,,FACON,97.0,Refrigeração / Componentes,SEM FOTO,FACON SENSOR DE TEMPERATURA PARA A/C 5K FACON
2572,055350,"CAPACITOR CBB60, 55UF +-5% X 250V FACON",,FACON,97.0,Capacitores,SEM FOTO,"FACON CAPACITOR CBB60, 55UF +-5% X 250V FACON"
2573,060594,"GAS R22 13,6KG DUGOLD/EOS/FRIVEN R-22 REFRIGERANTE AMZ",,MULTIMARCAS,92.442,Gases Refrigerantes,SEM FOTO,"MULTIMARCAS GAS R22 13,6KG DUGOLD/EOS/FRIVEN R-22 REFRIGERANTE AMZ"
2574,002504,GAS R134A REFRIGERANTE QUILO EOS,,EOS,91.76,Gases Refrigerantes,SEM FOTO,EOS GAS R134A REFRIGERANTE QUILO EOS
2575,052803,"CAPACITOR PLACA CBB61, 1.2UF  X 250VAC-370VAC FACON",,FACON,88.0,Capacitores,SEM FOTO,"FACON CAPACITOR PLACA CBB61, 1.2UF X 250VAC-370VAC FACON"
2576,053247,ROLAMENTO 6005 2RS EOS,,EOS,84.0,Peças para Lavadora e Bebedouro,SEM FOTO,EOS ROLAMENTO 6005 2RS EOS
2577,054505,LUVA CO REDUTORA 1/2X1/4,,FRIVEN,73.0,EPI / Segurança,SEM FOTO,FRIVEN LUVA CO REDUTORA 1/2X1/4
2578,052071,UNIAO REDUTORA 3/4X1/2 RED CONEXOES,,RED CONEXOES,72.0,Instalação de Ar-Condicionado,SEM FOTO,RED CONEXOES UNIAO REDUTORA 3/4X1/2 RED CONEXOES
2579,054312,"TUBO CAPILAR 0,064X3M LEAS",,LEAS,71.0,Instalação de Ar-Condicionado,SEM FOTO,"LEAS TUBO CAPILAR 0,064X3M LEAS"
2580,055793,CABO DE ALIMENTECAO DO COMPRESSOR 3X1.5MM 60CM,,REP AMAZONAS,69.0,Elétrica / Comandos,SEM FOTO,REP AMAZONAS CABO DE ALIMENTECAO DO COMPRESSOR 3X1.5MM 60CM
2581,052801,"CAPACITOR DUPLO CBB65, 62UF + 5UF X 440VAC FACON",,FACON,68.0,Capacitores,SEM FOTO,"FACON CAPACITOR DUPLO CBB65, 62UF + 5UF X 440VAC FACON"
2582,053920,"PORCA DE REDUCAO SEA 3/8"" - 1/4""  RED CONEXCOES",,RED CONEXOES,68.0,Hidráulica,SEM FOTO,"RED CONEXOES PORCA DE REDUCAO SEA 3/8"" - 1/4"" RED CONEXCOES"
2583,054450,UNIAO DE ACESSO PARA EVAPORADOR DE A/C 5/8 X 70MM,,FACON,67.0,Instalação de Ar-Condicionado,SEM FOTO,FACON UNIAO DE ACESSO PARA EVAPORADOR DE A/C 5/8 X 70MM
2584,002175,LUVA COBRE 7/8 SOLDA FRIVEN,,FRIVEN,66.0,EPI / Segurança,SEM FOTO,FRIVEN LUVA COBRE 7/8 SOLDA FRIVEN
2585,053625,CALCO PARA COMPRESSOR 7.000 A 12.000BTUS REP AMAZONAS,,REP AMAZONAS,66.0,Refrigeração / Componentes,SEM FOTO,REP AMAZONAS CALCO PARA COMPRESSOR 7.000 A 12.000BTUS REP AMAZONAS
2586,052726,"REDUCAO 3/8"" MACHO X 1/4"" FEMEA RED CONEXOES",,RED CONEXOES,64.0,Hidráulica,SEM FOTO,"RED CONEXOES REDUCAO 3/8"" MACHO X 1/4"" FEMEA RED CONEXOES"
2587,053165,MANOMETRO DE ALTA R22 VERMELHO FACON,,FACON,62.0,Gases Refrigerantes,SEM FOTO,FACON MANOMETRO DE ALTA R22 VERMELHO FACON
2588,052070,UNIAO REDUTORA 3/4X3/8 RED CONEXOES,,RED CONEXOES,61.0,Instalação de Ar-Condicionado,SEM FOTO,RED CONEXOES UNIAO REDUTORA 3/4X3/8 RED CONEXOES
2589,054912,"CAPACITOR DUPLO CBB65, 35UF + 12UF X 380VAC FRIVEN",,FRIVEN,60.0,Capacitores,SEM FOTO,"FRIVEN CAPACITOR DUPLO CBB65, 35UF + 12UF X 380VAC FRIVEN"
2590,054506,LUVA CO REDUTORA 5/8X3/8,,FRIVEN,59.0,EPI / Segurança,SEM FOTO,FRIVEN LUVA CO REDUTORA 5/8X3/8
2591,054502,LUVA COBRE 2.1/8 SOLDA TIPI,,FRIVEN,58.0,EPI / Segurança,SEM FOTO,FRIVEN LUVA COBRE 2.1/8 SOLDA TIPI
2592,052072,UNIAO REDUTORA 3/4X5/8 RED CONEXOES,,RED CONEXOES,53.0,Instalação de Ar-Condicionado,SEM FOTO,RED CONEXOES UNIAO REDUTORA 3/4X5/8 RED CONEXOES
2593,053696,ORIFICIO VALVULA EXPANSAO N.6 FACON,,FACON,53.0,Refrigeração / Componentes,SEM FOTO,FACON ORIFICIO VALVULA EXPANSAO N.6 FACON
2594,055287,DISJUNTOR DIN TRI 63A GONBRE CURVA COM 6KA,,GONBRE,53.0,Elétrica / Comandos,SEM FOTO,GONBRE DISJUNTOR DIN TRI 63A GONBRE CURVA COM 6KA
2595,060064,MACARICO SMART-GAS AUTOMATICO - JHS OBAGAS,,OBAGAS,53.0,Gases Refrigerantes,SEM FOTO,OBAGAS MACARICO SMART-GAS AUTOMATICO - JHS OBAGAS
2596,051908,LUVA CO REDUTORA 5/8X1/2,,FRIVEN,52.0,EPI / Segurança,SEM FOTO,FRIVEN LUVA CO REDUTORA 5/8X1/2
2597,051909,LUVA CO REDUTORA 3/4X5/8,,FRIVEN,52.0,EPI / Segurança,SEM FOTO,FRIVEN LUVA CO REDUTORA 3/4X5/8
2598,054090,VALVULA DE SERVICO DA CONDENSADORA GAS R410 1/2,,FACON,50.0,Gases Refrigerantes,SEM FOTO,FACON VALVULA DE SERVICO DA CONDENSADORA GAS R410 1/2
2599,058321,CABO FLEX 16MM METRO PRETO FLEXCABLES,,FLEXCABLES,50.0,Elétrica / Comandos,SEM FOTO,FLEXCABLES CABO FLEX 16MM METRO PRETO FLEXCABLES
2600,057782,"SENSOR PARA CONTROLADOR COEL 1,5MT",,COEL,49.0,Automação / Temporizadores,SEM FOTO,"COEL SENSOR PARA CONTROLADOR COEL 1,5MT"
2601,001033,BARRA ROSCADA 1M ZIN 5/16,,JOMARCA,48.0,Fixação e Acessórios,SEM FOTO,JOMARCA BARRA ROSCADA 1M ZIN 5/16
2602,053512,CAPACITOR ELETROLITICO CD60 1/5 145-175 UF 110VAC FACON,,FACON,48.0,Capacitores,SEM FOTO,FACON CAPACITOR ELETROLITICO CD60 1/5 145-175 UF 110VAC FACON
2603,054764,CANALETA EXT 20X10X2000 TRAMONTINA,,TRAMONTINA,47.0,Elétrica / Comandos,SEM FOTO,TRAMONTINA CANALETA EXT 20X10X2000 TRAMONTINA
2604,055092,PLUG IDENTIFICADOR DE TENSAO BIVILT CHAVEIRO,,MARGIRIUS,47.0,Ferramentas / Instrumentos,SEM FOTO,MARGIRIUS PLUG IDENTIFICADOR DE TENSAO BIVILT CHAVEIRO
2605,055192,CHAVE TROCA NUCLEO VALVULA EXTRATOR SCHIRADER FACON,,FACON,47.0,Ferramentas / Instrumentos,SEM FOTO,FACON CHAVE TROCA NUCLEO VALVULA EXTRATOR SCHIRADER FACON
2606,001606,PORCA CURTA LT 3/4 RED CONEXOES / FACON,,FACON,45.0,Fixação e Acessórios,SEM FOTO,FACON PORCA CURTA LT 3/4 RED CONEXOES / FACON
2607,057187,ABRACADEIRA METALICA TIPO D C/ CUNHA 1.1/2,,INCA,45.0,Fixação e Acessórios,SEM FOTO,INCA ABRACADEIRA METALICA TIPO D C/ CUNHA 1.1/2
2608,056436,CABO FLEX 6MM METRO VERDE 450/750V FLEXCABOS,,FLEXCABOS,44.0,Elétrica / Comandos,SEM FOTO,FLEXCABOS CABO FLEX 6MM METRO VERDE 450/750V FLEXCABOS
2609,055283,DISJUNTOR DIN BI 40A GONBRE CURVA COM 6KA,,GONBRE,43.0,Elétrica / Comandos,SEM FOTO,GONBRE DISJUNTOR DIN BI 40A GONBRE CURVA COM 6KA
2610,059985,"CAPACITOR CBB65, 40UF +-5% X 450VAC 50-60HZ PLANT OIL",,REP AMAZONAS,43.0,Capacitores,SEM FOTO,"REP AMAZONAS CAPACITOR CBB65, 40UF +-5% X 450VAC 50-60HZ PLANT OIL"
2611,055550,"CAPACITOR CBB65, 30UF +-5% X 440VAC 50-60HZ EOS",,EOS,42.0,Capacitores,SEM FOTO,"EOS CAPACITOR CBB65, 30UF +-5% X 440VAC 50-60HZ EOS"
2612,005034,"CAPACITOR DUPLO CBB65, 30UF + 1.5UF X 440VAC EOS",,EOS,41.0,Capacitores,SEM FOTO,"EOS CAPACITOR DUPLO CBB65, 30UF + 1.5UF X 440VAC EOS"
2613,052058,"REDUCAO 1/4"" MACHO X 3/8"" FEMEA RED CONEXOES",,RED CONEXOES,41.0,Hidráulica,SEM FOTO,"RED CONEXOES REDUCAO 1/4"" MACHO X 3/8"" FEMEA RED CONEXOES"
2614,053691,ORIFICIO VALVULA EXPANSAO N.1 FACON,,FACON,41.0,Refrigeração / Componentes,SEM FOTO,FACON ORIFICIO VALVULA EXPANSAO N.1 FACON
2615,059969,"CAPACITOR CBB65, 20UF +-5% X 440VAC 50-60HZ BI CAI",,REP AMAZONAS,41.0,Capacitores,SEM FOTO,"REP AMAZONAS CAPACITOR CBB65, 20UF +-5% X 440VAC 50-60HZ BI CAI"
2616,054101,"CAPACITOR CBB65, 5UF +-5% X 440VAC 50-60HZ FACON",,FACON,39.0,Capacitores,SEM FOTO,"FACON CAPACITOR CBB65, 5UF +-5% X 440VAC 50-60HZ FACON"
2617,054862,"UNIAO REGULAR SEA 7/8"" RED CONEXOES",,RED CONEXOES,39.0,Instalação de Ar-Condicionado,SEM FOTO,"RED CONEXOES UNIAO REGULAR SEA 7/8"" RED CONEXOES"
2618,054868,"CAPACITOR DUPLO CBB65, 35UF + 12UF X 380VAC SURYHA",,SURYHA,39.0,Capacitores,SEM FOTO,"SURYHA CAPACITOR DUPLO CBB65, 35UF + 12UF X 380VAC SURYHA"
2619,051828,RELE DE PLACA CMPB-S-DC 12V 30A 240V,,FACON,38.0,Refrigeração / Componentes,SEM FOTO,FACON RELE DE PLACA CMPB-S-DC 12V 30A 240V
2620,053166,MANOMETRO DE BAIXA R22 AZUL FACON,,FACON,38.0,Gases Refrigerantes,SEM FOTO,FACON MANOMETRO DE BAIXA R22 AZUL FACON
2621,052776,"CAPACITOR DUPLO CBB65, 17UF + 3UF X 440VAC FACON",,FACON,37.0,Capacitores,SEM FOTO,"FACON CAPACITOR DUPLO CBB65, 17UF + 3UF X 440VAC FACON"
2622,055241,"CAPACITOR DUPLO CBB65, 45UF + 2.5UF X 380VAC EOS",,EOS,37.0,Capacitores,SEM FOTO,"EOS CAPACITOR DUPLO CBB65, 45UF + 2.5UF X 380VAC EOS"
2623,052544,SIFAO 1/2 TIPI,,FRIVEN,36.0,Hidráulica,SEM FOTO,FRIVEN SIFAO 1/2 TIPI
2624,053949,CABO FLEX 10MM METRO PRETO FLEXCABLES,,FLEXCABLES,36.0,Elétrica / Comandos,SEM FOTO,FLEXCABLES CABO FLEX 10MM METRO PRETO FLEXCABLES
2625,057027,FITA ADESIVA CREPE 18MM X 50M,,TECTAPE,36.0,Instalação de Ar-Condicionado,SEM FOTO,TECTAPE FITA ADESIVA CREPE 18MM X 50M
2626,052066,UNIAO REDUTORA 1/2X1/4 RED CONEXOES,,RED CONEXOES,34.0,Instalação de Ar-Condicionado,SEM FOTO,RED CONEXOES UNIAO REDUTORA 1/2X1/4 RED CONEXOES
2627,051736,"CAPACITOR DUPLO CBB65, 20UF + 4UF X 440VAC EOS",,EOS,33.0,Capacitores,SEM FOTO,"EOS CAPACITOR DUPLO CBB65, 20UF + 4UF X 440VAC EOS"
2628,053698,RELE CONTATOR 30A/277VAC HASCO,,FACON,33.0,Elétrica / Comandos,SEM FOTO,FACON RELE CONTATOR 30A/277VAC HASCO
2629,055166,CABO DE ALIMENTECAO DE ELETRO DOMEST10A 250V PRET C PLUG,,REP AMAZONAS,33.0,Elétrica / Comandos,SEM FOTO,REP AMAZONAS CABO DE ALIMENTECAO DE ELETRO DOMEST10A 250V PRET C PLUG
2630,055286,DISJUNTOR DIN TRI 50A GONBRE CURVA COM 6KA,,GONBRE,33.0,Elétrica / Comandos,SEM FOTO,GONBRE DISJUNTOR DIN TRI 50A GONBRE CURVA COM 6KA
2631,053692,ORIFICIO VALVULA EXPANSAO N.2 FACON,,FACON,30.0,Refrigeração / Componentes,SEM FOTO,FACON ORIFICIO VALVULA EXPANSAO N.2 FACON
2632,054503,LUVA COBRE 2.5/8 SOLDA TIPI,,FRIVEN,30.0,EPI / Segurança,SEM FOTO,FRIVEN LUVA COBRE 2.5/8 SOLDA TIPI
2633,057724,CONTROLE 2048 PIXELS 5V-24V DISNCIAL ALCANCADA ATE 15M,,PROMESSA ILUMINACAO,30.0,Refrigeração / Componentes,SEM FOTO,PROMESSA ILUMINACAO CONTROLE 2048 PIXELS 5V-24V DISNCIAL ALCANCADA ATE 15M
2634,000613,"CAPACITOR CBB65, 30UF +-5% X 380VAC 50-60HZ EOS",,EOS,29.0,Capacitores,SEM FOTO,"EOS CAPACITOR CBB65, 30UF +-5% X 380VAC 50-60HZ EOS"
2635,055232,"CAPACITOR DUPLO CBB65, 35UF + 12UF X 380VAC MIGRARE",,MIGRARE,29.0,Capacitores,SEM FOTO,"MIGRARE CAPACITOR DUPLO CBB65, 35UF + 12UF X 380VAC MIGRARE"
2636,053818,MANOMETRO DE BAIXA R410 AZUL FACON,,FACON,28.0,Gases Refrigerantes,SEM FOTO,FACON MANOMETRO DE BAIXA R410 AZUL FACON
2637,056704,FITA SILVER TAPE 48MMX50M PRETA TECTAPE,,TECTAPE,27.0,Instalação de Ar-Condicionado,SEM FOTO,TECTAPE FITA SILVER TAPE 48MMX50M PRETA TECTAPE
2638,058320,CABO FLEX 10MM METRO AZUL FLEXCABLES,,FLEXCABOS,26.0,Elétrica / Comandos,SEM FOTO,FLEXCABOS CABO FLEX 10MM METRO AZUL FLEXCABLES
2639,051886,"CAPACITOR DUPLO CBB65, 30UF + 12UF X 440VAC ONDA POSITIVA",,ONDA POSITIVA,25.0,Capacitores,SEM FOTO,"ONDA POSITIVA CAPACITOR DUPLO CBB65, 30UF + 12UF X 440VAC ONDA POSITIVA"
2640,051906,LUVA CO REDUTORA 3/8X1/4,,FRIVEN,25.0,EPI / Segurança,SEM FOTO,FRIVEN LUVA CO REDUTORA 3/8X1/4
2641,052068,UNIAO REDUTORA 5/8X3/8 RED CONEXOES,,RED CONEXOES,25.0,Instalação de Ar-Condicionado,SEM FOTO,RED CONEXOES UNIAO REDUTORA 5/8X3/8 RED CONEXOES
2642,055284,DISJUNTOR DIN TRI 40A GONBRE CURVA COM 6KA,,GONBRE,25.0,Elétrica / Comandos,SEM FOTO,GONBRE DISJUNTOR DIN TRI 40A GONBRE CURVA COM 6KA
2643,052727,"REDUCAO 5/8"" MACHO X 1/2"" FEMEA RED CONEXOES",,RED CONEXOES,23.0,Hidráulica,SEM FOTO,"RED CONEXOES REDUCAO 5/8"" MACHO X 1/2"" FEMEA RED CONEXOES"
2644,055628,"CAPACITOR VENTILADOR CBB61, 5UF  X 450VAC EVERWELL",,EVERWELL,23.0,Capacitores,SEM FOTO,"EVERWELL CAPACITOR VENTILADOR CBB61, 5UF X 450VAC EVERWELL"
2645,056256,DISJUNTOR DIN MONO 10A GONBRE CURVA COM 6KA,,GONBRE,23.0,Elétrica / Comandos,SEM FOTO,GONBRE DISJUNTOR DIN MONO 10A GONBRE CURVA COM 6KA
2646,051910,LUVA CO REDUTORA 7/8X3/4,,FRIVEN,22.0,EPI / Segurança,SEM FOTO,FRIVEN LUVA CO REDUTORA 7/8X3/4
2647,054089,VALVULA DE SERVICO DA CONDENSADORA GAS R410 3/8,,FACON,22.0,Gases Refrigerantes,SEM FOTO,FACON VALVULA DE SERVICO DA CONDENSADORA GAS R410 3/8
2648,053389,TE COBRE 7/8 SOLDA TIPI,,FRIVEN,20.0,Químicos / Solda e Limpeza,SEM FOTO,FRIVEN TE COBRE 7/8 SOLDA TIPI
2649,056290,LIMPA CASA PERFUME INTUIONE,,CASA PERFUME,20.0,Químicos / Solda e Limpeza,SEM FOTO,CASA PERFUME LIMPA CASA PERFUME INTUIONE
2650,056297,VALVULA DE SERVICO DA CONDENSADORA GAS R22 3/8 REP AMAZONAS,,REP AMAZONAS,20.0,Gases Refrigerantes,SEM FOTO,REP AMAZONAS VALVULA DE SERVICO DA CONDENSADORA GAS R22 3/8 REP AMAZONAS
2651,056532,JOELHO 45 SOLD 32MM KRONA,,KRONA,20.0,Hidráulica,SEM FOTO,KRONA JOELHO 45 SOLD 32MM KRONA
2652,052630,"CAPACITOR DUPLO CBB65, 17.5UF + 5UF X 380VAC EOS",,EOS,19.0,Capacitores,SEM FOTO,"EOS CAPACITOR DUPLO CBB65, 17.5UF + 5UF X 380VAC EOS"
2653,054437,CABO FLEX 10MM PRETO ANT CHAMA 750V LUZZANO,,LUZZANO,19.0,Elétrica / Comandos,SEM FOTO,LUZZANO CABO FLEX 10MM PRETO ANT CHAMA 750V LUZZANO
2654,055493,"CAPACITOR DUPLO CBB65, 20UF + 2.5UF X 440VAC DUGOLD",,DUGOLD,19.0,Capacitores,SEM FOTO,"DUGOLD CAPACITOR DUPLO CBB65, 20UF + 2.5UF X 440VAC DUGOLD"
2655,055530,CORTINA DE PVC PARA CAMARA FRIGORIFICA STRIPGARD (2X200X50),,TECTAPE,17.6,Outros,SEM FOTO,TECTAPE CORTINA DE PVC PARA CAMARA FRIGORIFICA STRIPGARD (2X200X50)
2656,053385,TE COBRE 3/8 SOLDA TIPI,,FRIVEN,17.0,Químicos / Solda e Limpeza,SEM FOTO,FRIVEN TE COBRE 3/8 SOLDA TIPI
2657,053826,MANGOTE FLEXIVEL - VIBRAFLEX 1/2 FACON,,FACON,17.0,Hidráulica,SEM FOTO,FACON MANGOTE FLEXIVEL - VIBRAFLEX 1/2 FACON
2658,054504,TE COBRE 1.3/8 SOLDA TIPI,,FRIVEN,17.0,Químicos / Solda e Limpeza,SEM FOTO,FRIVEN TE COBRE 1.3/8 SOLDA TIPI
2659,055191,CHAVE TROCA NUCLEO VALVULA EXTRATOR SCHIRADER CABO VERMELHO,,FACON,16.0,Ferramentas / Instrumentos,SEM FOTO,FACON CHAVE TROCA NUCLEO VALVULA EXTRATOR SCHIRADER CABO VERMELHO
2660,053167,CONJ MANIFOLD SEM MALETA R22/134A/404/407 MANG 90CM FACON,,FACON,15.0,Gases Refrigerantes,SEM FOTO,FACON CONJ MANIFOLD SEM MALETA R22/134A/404/407 MANG 90CM FACON
2661,053510,CAPACITOR ELETROLITICO CD60 1/3 216-259 UF 110VAC FACON,,FACON,15.0,Capacitores,SEM FOTO,FACON CAPACITOR ELETROLITICO CD60 1/3 216-259 UF 110VAC FACON
2662,060593,SENSOR DUPLO DEGELO 20K / TEMPERATURA 15K GREE REP AMAZONAS,,REP AMAZONAS,15.0,Refrigeração / Componentes,SEM FOTO,REP AMAZONAS SENSOR DUPLO DEGELO 20K / TEMPERATURA 15K GREE REP AMAZONAS
2663,000626,"CAPACITOR DUPLO CBB65, 30UF + 5UF X 440VAC EOS",,EOS,14.0,Capacitores,SEM FOTO,"EOS CAPACITOR DUPLO CBB65, 30UF + 5UF X 440VAC EOS"
2664,051888,"CAPACITOR DUPLO CBB65, 90UF + 5UF X 440VAC ONDA POSITIVA",,ONDA POSITIVA,14.0,Capacitores,SEM FOTO,"ONDA POSITIVA CAPACITOR DUPLO CBB65, 90UF + 5UF X 440VAC ONDA POSITIVA"
2665,053331,VALVULA SOLENOIDE P GAS R22 3/8 ROSCA SEM BOBINA FACON,,FACON,14.0,Gases Refrigerantes,SEM FOTO,FACON VALVULA SOLENOIDE P GAS R22 3/8 ROSCA SEM BOBINA FACON
2666,053832,MANGOTE FLEXIVEL - VIBRAFLEX 1.5/8 FACON,,FACON,14.0,Hidráulica,SEM FOTO,FACON MANGOTE FLEXIVEL - VIBRAFLEX 1.5/8 FACON
2667,055303,"CAPACITOR CBB65, 20UF +-5% X 440VAC 50-60HZ DUGOLD",,DUGOLD,14.0,Capacitores,SEM FOTO,"DUGOLD CAPACITOR CBB65, 20UF +-5% X 440VAC 50-60HZ DUGOLD"
2668,052722,CURVA CO 90 LONGA 1.5/8,,FACON,13.0,Instalação de Ar-Condicionado,SEM FOTO,FACON CURVA CO 90 LONGA 1.5/8
2669,052723,LUVA COBRE 1.1/8 SOLDA TIPI,,FRIVEN,13.0,EPI / Segurança,SEM FOTO,FRIVEN LUVA COBRE 1.1/8 SOLDA TIPI
2670,055797,"SOLDA FOSCOPER SEM BANHO 2,5X700MM HARRIS REP AMAZONAS",,REP AMAZONAS,12.896,Químicos / Solda e Limpeza,SEM FOTO,"REP AMAZONAS SOLDA FOSCOPER SEM BANHO 2,5X700MM HARRIS REP AMAZONAS"
2671,053747,GAS R404A QUILO REFRIGERANTE FRIVEN,,FRIVEN,12.16,Gases Refrigerantes,SEM FOTO,FRIVEN GAS R404A QUILO REFRIGERANTE FRIVEN
2672,053732,ABRACADEIRA DE NYLON 8X550 C/100 FACON,,FACON,12.0,Fixação e Acessórios,SEM FOTO,FACON ABRACADEIRA DE NYLON 8X550 C/100 FACON
2673,002445,"UNIAO REGULAR SEA 3/4"" RED CONEXOES",,RED CONEXOES,11.0,Instalação de Ar-Condicionado,SEM FOTO,"RED CONEXOES UNIAO REGULAR SEA 3/4"" RED CONEXOES"
2674,053687,VALVULA SOLENOIDE P GAS R22 1/4 ROSCA SEM BOBINA FACON,,FACON,11.0,Gases Refrigerantes,SEM FOTO,FACON VALVULA SOLENOIDE P GAS R22 1/4 ROSCA SEM BOBINA FACON
2675,056420,VALVULA DE SERVICO DA CONDENSADORA GAS R410 1/2 REP AMAZONAS,,REP AMAZONAS,11.0,Gases Refrigerantes,SEM FOTO,REP AMAZONAS VALVULA DE SERVICO DA CONDENSADORA GAS R410 1/2 REP AMAZONAS
2676,054937,"CAPACITOR DUPLO CBB65, 35UF + 12UF X 380VAC EOS",,EOS,10.0,Capacitores,SEM FOTO,"EOS CAPACITOR DUPLO CBB65, 35UF + 12UF X 380VAC EOS"
2677,055558,ROLAMENTO 6205 2RS GBR,,GBR,10.0,Peças para Lavadora e Bebedouro,SEM FOTO,GBR ROLAMENTO 6205 2RS GBR
2678,052494,"CAPACITOR DUPLO CBB65, 30UF + 12UF X 440VAC ONDA POSITIVA",,ONDA POSITIVA,9.0,Capacitores,SEM FOTO,"ONDA POSITIVA CAPACITOR DUPLO CBB65, 30UF + 12UF X 440VAC ONDA POSITIVA"
2679,053163,CONJUNTO MANIFOLD COM MALETA R22/134A MANG 90CM FACON,,FACON,9.0,Gases Refrigerantes,SEM FOTO,FACON CONJUNTO MANIFOLD COM MALETA R22/134A MANG 90CM FACON
2680,053511,CAPACITOR ELETROLITICO CD60 1/4 161-193 UF 110VAC FACON,,FACON,9.0,Capacitores,SEM FOTO,FACON CAPACITOR ELETROLITICO CD60 1/4 161-193 UF 110VAC FACON
2681,054468,CHAVE CANHAO CR-V 11MM FOXLUX,,FOXLUX,9.0,Ferramentas / Instrumentos,SEM FOTO,FOXLUX CHAVE CANHAO CR-V 11MM FOXLUX
2682,054936,"CAPACITOR DUPLO CBB65, 12UF + 5UF X 440VAC ONDA POSITIVA",,ONDA POSITIVA,9.0,Capacitores,SEM FOTO,"ONDA POSITIVA CAPACITOR DUPLO CBB65, 12UF + 5UF X 440VAC ONDA POSITIVA"
2683,058687,RELE CONTATOR 6 PINOS 30A/277VAC MULTIMARCAS,,REP AMAZONAS,9.0,Elétrica / Comandos,SEM FOTO,REP AMAZONAS RELE CONTATOR 6 PINOS 30A/277VAC MULTIMARCAS
2684,000639,CABO FLEX 2.5MM METRO PRETO FLEXCABLES,,FLEXCABLES,8.0,Elétrica / Comandos,SEM FOTO,FLEXCABLES CABO FLEX 2.5MM METRO PRETO FLEXCABLES
2685,052493,"CAPACITOR DUPLO CBB65, 62UF + 5UF X 440VAC ONDA POSITIVA",,ONDA POSITIVA,8.0,Capacitores,SEM FOTO,"ONDA POSITIVA CAPACITOR DUPLO CBB65, 62UF + 5UF X 440VAC ONDA POSITIVA"
2686,052550,"CAPACITOR DUPLO CBB65, 40UF + 10UF X 440VAC TK",,TK,8.0,Capacitores,SEM FOTO,"TK CAPACITOR DUPLO CBB65, 40UF + 10UF X 440VAC TK"
2687,053386,TE COBRE 1/2 SOLDA TIPI,,FRIVEN,8.0,Químicos / Solda e Limpeza,SEM FOTO,FRIVEN TE COBRE 1/2 SOLDA TIPI
2688,051913,"UNIAO REDUTORA SAE X SAE 5/16""X1/4"" RED CONEXOES",,RED CONEXOES,7.0,Instalação de Ar-Condicionado,SEM FOTO,"RED CONEXOES UNIAO REDUTORA SAE X SAE 5/16""X1/4"" RED CONEXOES"
2689,053170,CONJUNTO MANGUEIRA P GAS R12/R22/R134/R404 150CM 600-3000PSI,,FACON,7.0,Gases Refrigerantes,SEM FOTO,FACON CONJUNTO MANGUEIRA P GAS R12/R22/R134/R404 150CM 600-3000PSI
2690,053836,VALVULA DE SERVICO DA CONDENSADORA GAS R22 1/4,,FACON,7.0,Gases Refrigerantes,SEM FOTO,FACON VALVULA DE SERVICO DA CONDENSADORA GAS R22 1/4
2691,055001,CURVA CO 90 CURTA 7/8,,FACON,7.0,Instalação de Ar-Condicionado,SEM FOTO,FACON CURVA CO 90 CURTA 7/8
2692,060230,"CURVA CO 180 LONGA 3/4  X 0,97MM",,REP AMAZONAS,7.0,Instalação de Ar-Condicionado,SEM FOTO,"REP AMAZONAS CURVA CO 180 LONGA 3/4 X 0,97MM"
2693,004934,CABO PP 3X1.5MM METRO TOPCABLES,,FLEXCABLES,6.5,Elétrica / Comandos,SEM FOTO,FLEXCABLES CABO PP 3X1.5MM METRO TOPCABLES
2694,005044,"CAPACITOR PLACA  CBB61, 1.2UF  X 300VAC FACON",,FACON,6.0,Capacitores,SEM FOTO,"FACON CAPACITOR PLACA CBB61, 1.2UF X 300VAC FACON"
2695,051987,"CAPACITOR DUPLO CBB65, 25UF + 5UF X 380VAC EOS",,EOS,6.0,Capacitores,SEM FOTO,"EOS CAPACITOR DUPLO CBB65, 25UF + 5UF X 380VAC EOS"
2696,052525,PORCA CURTA LT 7/8 FACON,,FACON,6.0,Fixação e Acessórios,SEM FOTO,FACON PORCA CURTA LT 7/8 FACON
2697,053091,GAS R404 425G LATA CHEMOURS,,CHEMOURS,6.0,Gases Refrigerantes,SEM FOTO,CHEMOURS GAS R404 425G LATA CHEMOURS
2698,054422,SINALIZADOR LED 220V AZUL 22DS B,,CHINT,6.0,Iluminação,SEM FOTO,CHINT SINALIZADOR LED 220V AZUL 22DS B
2699,000622,"CAPACITOR CBB65, 60UF +-5% X 380VAC 50-60HZ EOS",,EOS,5.0,Capacitores,SEM FOTO,"EOS CAPACITOR CBB65, 60UF +-5% X 380VAC 50-60HZ EOS"
2700,051907,LUVA CO REDUTORA 1/2X3/8,,FRIVEN,5.0,EPI / Segurança,SEM FOTO,FRIVEN LUVA CO REDUTORA 1/2X3/8
2701,052069,UNIAO REDUTORA 5/8X1/2 RED CONEXOES,,RED CONEXOES,5.0,Instalação de Ar-Condicionado,SEM FOTO,RED CONEXOES UNIAO REDUTORA 5/8X1/2 RED CONEXOES
2702,052492,"CAPACITOR DUPLO CBB65, 60UF + 2.5UF X 440VAC ONDA POSITIVA",,ONDA POSITIVA,5.0,Capacitores,SEM FOTO,"ONDA POSITIVA CAPACITOR DUPLO CBB65, 60UF + 2.5UF X 440VAC ONDA POSITIVA"
2703,052777,"CAPACITOR DUPLO CBB65, 25UF + 5UF X 440VAC FACON",,FACON,5.0,Capacitores,SEM FOTO,"FACON CAPACITOR DUPLO CBB65, 25UF + 5UF X 440VAC FACON"
2704,053831,MANGOTE FLEXIVEL - VIBRAFLEX 1.3/8 FACON,,FACON,5.0,Hidráulica,SEM FOTO,FACON MANGOTE FLEXIVEL - VIBRAFLEX 1.3/8 FACON
2705,056289,DETERGENTE INVICTO 500ML,,INVICTO,5.0,Químicos / Solda e Limpeza,SEM FOTO,INVICTO DETERGENTE INVICTO 500ML
2706,054438,CABO FLEX 25MM PRETO ANT CHAMA 750V LUZZANO,,LUZZANO,4.3,Elétrica / Comandos,SEM FOTO,LUZZANO CABO FLEX 25MM PRETO ANT CHAMA 750V LUZZANO
2707,004522,"CAPACITOR DUPLO CBB65, 45UF + 5UF X 440VAC EOS",,EOS,4.0,Capacitores,SEM FOTO,"EOS CAPACITOR DUPLO CBB65, 45UF + 5UF X 440VAC EOS"
2708,053834,SEPARADOR DE OLEO 7/8 SOLDA HERMETICO FACON,,FACON,4.0,Químicos / Solda e Limpeza,SEM FOTO,FACON SEPARADOR DE OLEO 7/8 SOLDA HERMETICO FACON
2709,054409,DOM MULTIUSO DOMILINE 500ML,,BASTON,4.0,Químicos / Solda e Limpeza,SEM FOTO,BASTON DOM MULTIUSO DOMILINE 500ML
2710,055167,"CAPACITOR CBB65, 30UF +-5% X 440VAC PLASTICO 50-60HZ DUGOLD",,DUGOLD,4.0,Capacitores,SEM FOTO,"DUGOLD CAPACITOR CBB65, 30UF +-5% X 440VAC PLASTICO 50-60HZ DUGOLD"
2711,055857,TINTA SPRAY AZUL ESCURO BRILHANTE 350ML BASTON,,BASTON,4.0,Químicos / Solda e Limpeza,SEM FOTO,BASTON TINTA SPRAY AZUL ESCURO BRILHANTE 350ML BASTON
2712,005048,"CAPACITOR VENTILADOR CBB61, 4.5UF 450VAC ESSEK",,ESSEK,3.0,Capacitores,SEM FOTO,"ESSEK CAPACITOR VENTILADOR CBB61, 4.5UF 450VAC ESSEK"
2713,051729,DETERGENTE BRINORT 500ML,,BRINORT,3.0,Químicos / Solda e Limpeza,SEM FOTO,BRINORT DETERGENTE BRINORT 500ML
2714,052064,"UNIAO REDUTORA SAE X SAE 3/8""X1/4"" RED CONEXOES",,RED CONEXOES,3.0,Instalação de Ar-Condicionado,SEM FOTO,"RED CONEXOES UNIAO REDUTORA SAE X SAE 3/8""X1/4"" RED CONEXOES"
2715,052065,UNIAO REDUTORA 3/8X5/16 RED CONEXOES,,RED CONEXOES,3.0,Instalação de Ar-Condicionado,SEM FOTO,RED CONEXOES UNIAO REDUTORA 3/8X5/16 RED CONEXOES
2716,052938,OLEO MONTREAL SINTETICO PRIME ISO VG 100 GAS R134A,,MONTREAL,3.0,Gases Refrigerantes,SEM FOTO,MONTREAL OLEO MONTREAL SINTETICO PRIME ISO VG 100 GAS R134A
2717,053471,BOTINA AMA 3 G NOBUCK CAFE 41 S BICO BI TP092 CARTON,,CARTON,3.0,EPI / Segurança,SEM FOTO,CARTON BOTINA AMA 3 G NOBUCK CAFE 41 S BICO BI TP092 CARTON
2718,053472,BOTINA AMA 3 G NOBUCK CAFE 42 S BICO BI TP092 CARTON,,CARTON,3.0,EPI / Segurança,SEM FOTO,CARTON BOTINA AMA 3 G NOBUCK CAFE 42 S BICO BI TP092 CARTON
2719,053693,ORIFICIO VALVULA EXPANSAO N.3 FACON,,FACON,3.0,Refrigeração / Componentes,SEM FOTO,FACON ORIFICIO VALVULA EXPANSAO N.3 FACON
2720,053833,SEPARADOR DE OLEO 5/8 SOLDA HERMETICO FACON,,FACON,3.0,Químicos / Solda e Limpeza,SEM FOTO,FACON SEPARADOR DE OLEO 5/8 SOLDA HERMETICO FACON
2721,054408,DOM MULTIUSO DOMILINE 400ML/250G,,BASTON,3.0,Químicos / Solda e Limpeza,SEM FOTO,BASTON DOM MULTIUSO DOMILINE 400ML/250G
2722,054771,CHAVE CANHAO 11MM GEDORE,,GEDORE,3.0,Ferramentas / Instrumentos,SEM FOTO,GEDORE CHAVE CANHAO 11MM GEDORE
2723,055125,RELE TERMICO E SOBRECARGA NR2-25 AJUSTE 9-13A CHINT,,CHINT,3.0,Elétrica / Comandos,SEM FOTO,CHINT RELE TERMICO E SOBRECARGA NR2-25 AJUSTE 9-13A CHINT
2724,055642,ESCADA 3 DEGRAUS DE ALUMINIUM MOR,,MOR,3.0,Ferramentas / Instrumentos,SEM FOTO,MOR ESCADA 3 DEGRAUS DE ALUMINIUM MOR
2725,056950,MULTIUSO UEBA FLORAL 500ML UEBA,,UEBA,3.0,Químicos / Solda e Limpeza,SEM FOTO,UEBA MULTIUSO UEBA FLORAL 500ML UEBA
2726,057515,SENSOR SERPENTINDA DEGELO EVAP 10K,,MIGRARE,3.0,Refrigeração / Componentes,SEM FOTO,MIGRARE SENSOR SERPENTINDA DEGELO EVAP 10K
2727,059948,TINTA SPRAY BRANCO BRILHANTE 360ML COLOGIN,,COLOGIN,3.0,Químicos / Solda e Limpeza,SEM FOTO,COLOGIN TINTA SPRAY BRANCO BRILHANTE 360ML COLOGIN
2728,060277,FLUXO PRATA HARRIS 80GR,,HARRIS,3.0,Químicos / Solda e Limpeza,SEM FOTO,HARRIS FLUXO PRATA HARRIS 80GR
2729,004917,MANGUEIRA TRANCADA 1/2 METRO,,AFA PLASTICOS,2.5,Instalação de Ar-Condicionado,SEM FOTO,AFA PLASTICOS MANGUEIRA TRANCADA 1/2 METRO
2730,059992,"TUBO DE COBRE RIGIDO 1/2X1/32 - (0,264KG/METRO)  AMZ",,TERMOMECANICA,2.05,Instalação de Ar-Condicionado,SEM FOTO,"TERMOMECANICA TUBO DE COBRE RIGIDO 1/2X1/32 - (0,264KG/METRO) AMZ"
2731,000609,"CAPACITOR CBB65, 15UF +-5% X 440VAC 50-60HZ EOS",,EOS,2.0,Capacitores,SEM FOTO,"EOS CAPACITOR CBB65, 15UF +-5% X 440VAC 50-60HZ EOS"
2732,004091,GESSO NATURAL 1KG,,IRARA COLOR,2.0,Outros,SEM FOTO,IRARA COLOR GESSO NATURAL 1KG
2733,005028,"CAPACITOR DUPLO CBB65, 20UF + 2.5UF X 440VAC EOS",,EOS,2.0,Capacitores,SEM FOTO,"EOS CAPACITOR DUPLO CBB65, 20UF + 2.5UF X 440VAC EOS"
2734,005040,"CAPACITOR DUPLO CBB65, 35UF + 3UF X 380VAC EOS",,EOS,2.0,Capacitores,SEM FOTO,"EOS CAPACITOR DUPLO CBB65, 35UF + 3UF X 380VAC EOS"
2735,052088,ROLETE ELETRONICA MAQUINA DE LAVAR BRASTEMP,,SAMATEC,2.0,Outros,SEM FOTO,SAMATEC ROLETE ELETRONICA MAQUINA DE LAVAR BRASTEMP
2736,052244,"CAPACITOR DUPLO CBB65, 30UF + 8UF X 380VAC SURYHA",,SURYHA,2.0,Capacitores,SEM FOTO,"SURYHA CAPACITOR DUPLO CBB65, 30UF + 8UF X 380VAC SURYHA"
2737,053533,FITA ISOLANTE TECTAPE 19MMX20M PRETA,,TECTAPE,2.0,Instalação de Ar-Condicionado,SEM FOTO,TECTAPE FITA ISOLANTE TECTAPE 19MMX20M PRETA
2738,054434,CABO FLEX 4MM PRETO C/100 M ANT CHAMA 750V LUZZANO,,LUZZANO,2.0,Elétrica / Comandos,SEM FOTO,LUZZANO CABO FLEX 4MM PRETO C/100 M ANT CHAMA 750V LUZZANO
2739,054467,CHAVE CANHAO CR-V 10MM FOXLUX,,FOXLUX,2.0,Ferramentas / Instrumentos,SEM FOTO,FOXLUX CHAVE CANHAO CR-V 10MM FOXLUX
2740,056566,"CAPACITOR PLACA CBB61, 2UF  X 370VAC FACON",,FACON,2.0,Capacitores,SEM FOTO,"FACON CAPACITOR PLACA CBB61, 2UF X 370VAC FACON"
2741,056949,MULTIUSO UEBA TRADICIONAL 500ML UEBA,,UEBA,2.0,Químicos / Solda e Limpeza,SEM FOTO,UEBA MULTIUSO UEBA TRADICIONAL 500ML UEBA
2742,057514,SENSOR TEMPERATURA EVAP 10K,,MIGRARE,2.0,Refrigeração / Componentes,SEM FOTO,MIGRARE SENSOR TEMPERATURA EVAP 10K
2743,059670,LIMPA CONTATO INFLAM LATA 300ML 170G AEROSSOIS UNIPEGA,,UNIPEGA,2.0,Químicos / Solda e Limpeza,SEM FOTO,UNIPEGA LIMPA CONTATO INFLAM LATA 300ML 170G AEROSSOIS UNIPEGA
2744,060282,CABO DE ALIMENTECAO DE ELETRO DOMEST16A/20A 250V S/ PLUG,,REP AMAZONAS,2.0,Elétrica / Comandos,SEM FOTO,REP AMAZONAS CABO DE ALIMENTECAO DE ELETRO DOMEST16A/20A 250V S/ PLUG
2745,002423,TUBO DE COBRE FLEX 3/4X1/32 LR,,COBRESUL,1.0,Instalação de Ar-Condicionado,SEM FOTO,COBRESUL TUBO DE COBRE FLEX 3/4X1/32 LR
2746,004030,CHAVE PHILIPS PRO COMFORT IRWIN 1/4X12 C/6,,IRWIN,1.0,Ferramentas / Instrumentos,SEM FOTO,IRWIN CHAVE PHILIPS PRO COMFORT IRWIN 1/4X12 C/6
2747,004448,COMP ELGIN 127V 60HZ R-134A 1/8 HP ENL40D,,ELGIN,1.0,Gases Refrigerantes,SEM FOTO,ELGIN COMP ELGIN 127V 60HZ R-134A 1/8 HP ENL40D
2748,005019,SERRA COPO DENTADA DIAMANT C HASTE E PINO 65MM REP AMAZONAS,,REP AMAZONAS,1.0,Ferramentas / Instrumentos,SEM FOTO,REP AMAZONAS SERRA COPO DENTADA DIAMANT C HASTE E PINO 65MM REP AMAZONAS
2749,005041,"CAPACITOR DUPLO CBB65, 35UF + 4UF X 440VAC FACON",,FACON,1.0,Capacitores,SEM FOTO,"FACON CAPACITOR DUPLO CBB65, 35UF + 4UF X 440VAC FACON"
2750,005046,"CAPACITOR PLACA COM FIO CBB61, 2UF  X 300VAC FACON",,FACON,1.0,Capacitores,SEM FOTO,"FACON CAPACITOR PLACA COM FIO CBB61, 2UF X 300VAC FACON"
2751,051746,KIT DETECTOR DE VAZAMENTO 2OZ BRASWELD,,BRASWELD,1.0,Ferramentas / Instrumentos,SEM FOTO,BRASWELD KIT DETECTOR DE VAZAMENTO 2OZ BRASWELD
2752,052927,GAS R600 420G DUGOLD LATA,,DUGOLD,1.0,Gases Refrigerantes,SEM FOTO,DUGOLD GAS R600 420G DUGOLD LATA
2753,053128,"CAPACITOR DUPLO CBB65, 35UF + 6UF X 440VAC FACON",,FACON,1.0,Capacitores,SEM FOTO,"FACON CAPACITOR DUPLO CBB65, 35UF + 6UF X 440VAC FACON"
2754,053388,TE COBRE 3/4 SOLDA TIPI,,FRIVEN,1.0,Químicos / Solda e Limpeza,SEM FOTO,FRIVEN TE COBRE 3/4 SOLDA TIPI
2755,053623,CHAVE BIELA 12 ROBUST,,GEDORE,1.0,Ferramentas / Instrumentos,SEM FOTO,GEDORE CHAVE BIELA 12 ROBUST
2756,053705,TUBO DE COBRE FLEX 3/16 X 1/32 TOPCABLES,,FLEXCABLES,1.0,Instalação de Ar-Condicionado,SEM FOTO,FLEXCABLES TUBO DE COBRE FLEX 3/16 X 1/32 TOPCABLES
2757,053827,MANGOTE FLEXIVEL - VIBRAFLEX 5/8 FACON,,FACON,1.0,Hidráulica,SEM FOTO,FACON MANGOTE FLEXIVEL - VIBRAFLEX 5/8 FACON
2758,054316,CABO DE ALIMENTECAO DE ELETRO DOMEST16A/20A 250V PRETO PLUG,,REP AMAZONAS,1.0,Elétrica / Comandos,SEM FOTO,REP AMAZONAS CABO DE ALIMENTECAO DE ELETRO DOMEST16A/20A 250V PRETO PLUG
2759,054411,LIMPA CONTATO M500 M00ML/200G,,BASTON,1.0,Químicos / Solda e Limpeza,SEM FOTO,BASTON LIMPA CONTATO M500 M00ML/200G
2760,054435,CABO FLEX 6MM PRETO C/100 M ANT CHAMA 750V LUZZANO,,LUZZANO,1.0,Elétrica / Comandos,SEM FOTO,LUZZANO CABO FLEX 6MM PRETO C/100 M ANT CHAMA 750V LUZZANO
2761,054439,"CABO PP 2X1,5MM METRO ANT CHAMA 500V LUZZANO",,LUZZANO,1.0,Elétrica / Comandos,SEM FOTO,"LUZZANO CABO PP 2X1,5MM METRO ANT CHAMA 500V LUZZANO"
2762,054465,PROGRAMADOR TEMPORIZADO DIGITAL TEMPO INDUSTRIAL 220V FOXLUX,,FOXLUX,1.0,Automação / Temporizadores,SEM FOTO,FOXLUX PROGRAMADOR TEMPORIZADO DIGITAL TEMPO INDUSTRIAL 220V FOXLUX
2763,054517,KIT ALARGADOR SPIN S4000 HEX 4 PCS,,MIGRARE,1.0,Refrigeração / Componentes,SEM FOTO,MIGRARE KIT ALARGADOR SPIN S4000 HEX 4 PCS
2764,054772,CHAVE CANHAO 7/32 GEDORE,,GEDORE,1.0,Ferramentas / Instrumentos,SEM FOTO,GEDORE CHAVE CANHAO 7/32 GEDORE
2765,054776,MARTELO CARPINTEIRO 23MM FOXLUX,,FOXLUX,1.0,Ferramentas / Instrumentos,SEM FOTO,FOXLUX MARTELO CARPINTEIRO 23MM FOXLUX
2766,055013,"CAPACITOR DUPLO CBB65, 20UF + 2.5UF X 380VAC MIGRARE",,MIGRARE,1.0,Capacitores,SEM FOTO,"MIGRARE CAPACITOR DUPLO CBB65, 20UF + 2.5UF X 380VAC MIGRARE"
2767,055302,"CAPACITOR CBB65, 30UF +-5% X 440VAC 50-60HZ DUGOLD",,DUGOLD,1.0,Capacitores,SEM FOTO,"DUGOLD CAPACITOR CBB65, 30UF +-5% X 440VAC 50-60HZ DUGOLD"
2768,055327,LAMPADA LED BULBO 12W ARTEK,,ARTEK,1.0,Iluminação,SEM FOTO,ARTEK LAMPADA LED BULBO 12W ARTEK
2769,055331,ESCADA 2 LANCE EXTENSIVA (2X6) DE ALUMINIUM MOR,,MOR,1.0,Ferramentas / Instrumentos,SEM FOTO,MOR ESCADA 2 LANCE EXTENSIVA (2X6) DE ALUMINIUM MOR
2770,055495,MULTI USO LIMPOL LAVANDA 500 ML,,LIMPOL,1.0,Outros,SEM FOTO,LIMPOL MULTI USO LIMPOL LAVANDA 500 ML
2771,055529,ESCADA 2 LANCE EXTENSIVA (2X8) DE ALUMINIUM MOR,,MOR,1.0,Ferramentas / Instrumentos,SEM FOTO,MOR ESCADA 2 LANCE EXTENSIVA (2X8) DE ALUMINIUM MOR
2772,055551,"CAPACITOR DUPLO CBB65, 35UF + 5UF X 440VAC EOS",,EOS,1.0,Capacitores,SEM FOTO,"EOS CAPACITOR DUPLO CBB65, 35UF + 5UF X 440VAC EOS"
2773,055668,TUBO DE COBRE FLEX 3/4 X 1/32  (PANQUECA) FRG,,COBRESUL,1.0,Instalação de Ar-Condicionado,SEM FOTO,COBRESUL TUBO DE COBRE FLEX 3/4 X 1/32 (PANQUECA) FRG
2774,055824,CONJ MANIFOL S MALETA R410/22/134/404 C MANG 90CM L VIBRACAO,,FACON,1.0,Gases Refrigerantes,SEM FOTO,FACON CONJ MANIFOL S MALETA R410/22/134/404 C MANG 90CM L VIBRACAO
2775,055912,CAPACITOR ELETROLITICO DE PARTIDA 88 X 108UF 250V ESSEK,,ESSEK,1.0,Capacitores,SEM FOTO,ESSEK CAPACITOR ELETROLITICO DE PARTIDA 88 X 108UF 250V ESSEK
2776,056039,ALCOOL ISOPROPILICO 100ML ALFATEC MOD PAFLS23,,ALFATEC,1.0,Químicos / Solda e Limpeza,SEM FOTO,ALFATEC ALCOOL ISOPROPILICO 100ML ALFATEC MOD PAFLS23
2777,056296,VALVULA DE SERVICO DA CONDENSADORA GAS R22 1/4 REP AMAZONAS,,REP AMAZONAS,1.0,Gases Refrigerantes,SEM FOTO,REP AMAZONAS VALVULA DE SERVICO DA CONDENSADORA GAS R22 1/4 REP AMAZONAS
2778,056662,"CAPACITOR DUPLO CBB65, 35UF + 3UF X 440VAC DUGOLD",,DUGOLD,1.0,Capacitores,SEM FOTO,"DUGOLD CAPACITOR DUPLO CBB65, 35UF + 3UF X 440VAC DUGOLD"
2779,056906,EXPOSITOR DE BROCAS MAST ER/MEGA BR IRWIN,,IRWIN,1.0,Ferramentas / Instrumentos,SEM FOTO,IRWIN EXPOSITOR DE BROCAS MAST ER/MEGA BR IRWIN
2780,058712,ALICATE UNIVERSAL 8 TRAMONTINA,,TRAMONTINA,1.0,Ferramentas / Instrumentos,SEM FOTO,TRAMONTINA ALICATE UNIVERSAL 8 TRAMONTINA
2781,058713,"CAPACITOR DUPLO CBB65, 45UF + 2.5UF X 380VAC MIGRARE",,MIGRARE,1.0,Capacitores,SEM FOTO,"MIGRARE CAPACITOR DUPLO CBB65, 45UF + 2.5UF X 380VAC MIGRARE"
2782,058902,CONJ MANIFOLD SEM MALETA C/ MAGUEIRA 90CM GAS - R32  800 PSI,,FACON,1.0,Gases Refrigerantes,SEM FOTO,FACON CONJ MANIFOLD SEM MALETA C/ MAGUEIRA 90CM GAS - R32 800 PSI
2783,059783,"TUBO DE COBRE FLEX 1/4=6,35MM X1/32=0,79MM (PANQUECA) FRG",,COBRESUL,1.0,Instalação de Ar-Condicionado,SEM FOTO,"COBRESUL TUBO DE COBRE FLEX 1/4=6,35MM X1/32=0,79MM (PANQUECA) FRG"
2784,059947,TINTA SPRAY PRETO ALTA TEMPERATURA 350ML COLOGIN,,COLOGIN,1.0,Químicos / Solda e Limpeza,SEM FOTO,COLOGIN TINTA SPRAY PRETO ALTA TEMPERATURA 350ML COLOGIN
2785,057661,MODULO LED 5054-3 LED-7512 0.72W IP65,TB-1173,,2452.0,Iluminação,SEM FOTO,TB-1173 MODULO LED 5054-3 LED-7512 0.72W IP65
2786,053646,"TERMINAL MACHO VERMELHO 0,5-1,5MM DECORLUX  TPM10121",TPM10121,,1164.0,Elétrica / Comandos,SEM FOTO,"TPM10121 TERMINAL MACHO VERMELHO 0,5-1,5MM DECORLUX TPM10121"
2787,057660,ACESSORIOS P/ LUMINARIAS,TB-1251,,1000.0,Iluminação,SEM FOTO,TB-1251 ACESSORIOS P/ LUMINARIAS
2788,000033,"TERMINAL MACHO AMARELO 4,0-6,0MM DECORLUX TM6241",TM6241,,873.0,Elétrica / Comandos,SEM FOTO,"TM6241 TERMINAL MACHO AMARELO 4,0-6,0MM DECORLUX TM6241"
2789,055212,ALCOOL GEL 70% 1L VELOZ,,,870.0,Químicos / Solda e Limpeza,SEM FOTO,ALCOOL GEL 70% 1L VELOZ
2790,057659,CONECTOR PARA FITA TB-1251,TB-1251,,166.0,Elétrica / Comandos,SEM FOTO,TB-1251 CONECTOR PARA FITA TB-1251
2791,058297,FITA DE LED 3528 120 LEDS 6500K 12V BR FRIO 5MT IP20 SM LED,2197,,165.0,Iluminação,SEM FOTO,2197 FITA DE LED 3528 120 LEDS 6500K 12V BR FRIO 5MT IP20 SM LED
2792,051802,GAS YH222 KILO ICELONG,,,129.603,Gases Refrigerantes,SEM FOTO,GAS YH222 KILO ICELONG
2793,056544,BUCHA ZAMAC P TUBO ELETRODUTO 1/2 INCA,,,100.0,Fixação e Acessórios,SEM FOTO,BUCHA ZAMAC P TUBO ELETRODUTO 1/2 INCA
2794,056545,ARRUELA ZAMAC P TUBO ELETRODUTO 1/2 INCA,,,100.0,Fixação e Acessórios,SEM FOTO,ARRUELA ZAMAC P TUBO ELETRODUTO 1/2 INCA
2795,059042,FITA DE LED NEON FLEXIVEL12V 1 METRO AMARELO,,,100.0,Iluminação,SEM FOTO,FITA DE LED NEON FLEXIVEL12V 1 METRO AMARELO
2796,052911,LUVA ROSCADA 1/2,,,99.0,EPI / Segurança,SEM FOTO,LUVA ROSCADA 1/2
2797,059043,FITA DE LED COB BRANCO FRIO 220V 1 METRO,,,97.0,Iluminação,SEM FOTO,FITA DE LED COB BRANCO FRIO 220V 1 METRO
2798,052075,LUVA COBRE 1/2  ROSCA,,,94.0,EPI / Segurança,SEM FOTO,LUVA COBRE 1/2 ROSCA
2799,057566,RABICHO PARA MANGUIRA DE LED 127V,29,,89.0,Iluminação,SEM FOTO,29 RABICHO PARA MANGUIRA DE LED 127V
2800,055213,ALCOOL GEL 70% 500ML VELOZ,,,82.0,Químicos / Solda e Limpeza,SEM FOTO,ALCOOL GEL 70% 500ML VELOZ
2801,058295,FITA DE LED 120 LEDS 3000K 12V BR QUENTE 5MT IP20 WHZ,3398,,78.0,Iluminação,SEM FOTO,3398 FITA DE LED 120 LEDS 3000K 12V BR QUENTE 5MT IP20 WHZ
2802,056715,FITA VEDA ROSCA 18MMX5M,,,76.0,Químicos / Solda e Limpeza,SEM FOTO,FITA VEDA ROSCA 18MMX5M
2803,052074,LUVA COBRE 3/8  ROSCA,,,71.0,EPI / Segurança,SEM FOTO,LUVA COBRE 3/8 ROSCA
2804,055616,*FEIJAO 1KG,,,68.0,Outros,SEM FOTO,*FEIJAO 1KG
2805,053185,CHAVE COMBINADA COM PESCOCO 11 ROBUSTER,14B-11,,61.0,Ferramentas / Instrumentos,SEM FOTO,14B-11 CHAVE COMBINADA COM PESCOCO 11 ROBUSTER
2806,053186,CHAVE COMBINADA COM PESCOCO 13 ROBUSTER,14B-13,,61.0,Ferramentas / Instrumentos,SEM FOTO,14B-13 CHAVE COMBINADA COM PESCOCO 13 ROBUSTER
2807,052073,LUVA ROSCA CO 1/4  FEMEA,,,58.0,EPI / Segurança,SEM FOTO,LUVA ROSCA CO 1/4 FEMEA
2808,057638,CONTROLE SEM FIO RF  TB-0738,SP107E,,50.0,Elétrica / Comandos,SEM FOTO,SP107E CONTROLE SEM FIO RF TB-0738
2809,058185,LUVA DE ARREMATE (20X10) LINHA E,360-E6,,50.0,EPI / Segurança,SEM FOTO,360-E6 LUVA DE ARREMATE (20X10) LINHA E
2810,058287,FITA DE LED NEON FLEXIVEL12V 1 METRO VERDE,3513,,46.0,Iluminação,SEM FOTO,3513 FITA DE LED NEON FLEXIVEL12V 1 METRO VERDE
2811,059198,TUBO SOLDAVEL 25MM AMANCO,17265,,42.5,Químicos / Solda e Limpeza,SEM FOTO,17265 TUBO SOLDAVEL 25MM AMANCO
2812,058293,FITA DE LED NEON FLEXIVEL12V 5M BRANCO FRIO 6500K,3500,,42.0,Iluminação,SEM FOTO,3500 FITA DE LED NEON FLEXIVEL12V 5M BRANCO FRIO 6500K
2813,004371,PANO DE CHAO FLANELADO CC/FLANELADO 38X58CM,,,41.0,Outros,SEM FOTO,PANO DE CHAO FLANELADO CC/FLANELADO 38X58CM
2814,055164,BATERIA ALKALINE G10 LR 1130 / 389 1.50V,LR1130,,41.0,Eletrônicos / Informática,SEM FOTO,LR1130 BATERIA ALKALINE G10 LR 1130 / 389 1.50V
2815,054254,BROCA PARA CONCRETO SDS PLUS 8X160 IMP,,,38.0,Ferramentas / Instrumentos,SEM FOTO,BROCA PARA CONCRETO SDS PLUS 8X160 IMP
2816,056548,LUVA ELETRODUTO ROSCAVEL 3/4,,,37.0,EPI / Segurança,SEM FOTO,LUVA ELETRODUTO ROSCAVEL 3/4
2817,058288,FITA DE LED NEON FLEXIVEL12V 1 METRO VERMELHO,3514,,37.0,Iluminação,SEM FOTO,3514 FITA DE LED NEON FLEXIVEL12V 1 METRO VERMELHO
2818,054253,BROCA PARA CONCRETO SDS PLUS 6X110 IMP,,,36.0,Ferramentas / Instrumentos,SEM FOTO,BROCA PARA CONCRETO SDS PLUS 6X110 IMP
2819,058286,FITA DE LED NEON FLEXIVEL12V 1 METRO AZUL,3512,,35.0,Iluminação,SEM FOTO,3512 FITA DE LED NEON FLEXIVEL12V 1 METRO AZUL
2820,052941,MANCAL DA VENTUINA ELECTROLUX,,,33.0,Peças para Lavadora e Bebedouro,SEM FOTO,MANCAL DA VENTUINA ELECTROLUX
2821,057639,FITA LED DE FOGOS 24-3528-W,24-3528-W,,32.0,Iluminação,SEM FOTO,24-3528-W FITA LED DE FOGOS 24-3528-W
2822,058291,FITA DE LED NEON FLEXIVEL110V 1 METRO BRANCO FRIO 6000K,3515,,32.0,Iluminação,SEM FOTO,3515 FITA DE LED NEON FLEXIVEL110V 1 METRO BRANCO FRIO 6000K
2823,054242,BROCA PARA CONCRETO 12X150 IMP,,,31.0,Ferramentas / Instrumentos,SEM FOTO,BROCA PARA CONCRETO 12X150 IMP
2824,052076,LUVA COBRE 5/8  ROSCA,,,30.0,EPI / Segurança,SEM FOTO,LUVA COBRE 5/8 ROSCA
2825,052077,LUVA COBRE 3/4  ROSCA,,,30.0,EPI / Segurança,SEM FOTO,LUVA COBRE 3/4 ROSCA
2826,057562,FONTE LED SLIM 4A 12V 48WATTS,452,,30.0,Iluminação,SEM FOTO,452 FONTE LED SLIM 4A 12V 48WATTS
2827,000889,ABRACADEIRA TIPO D C/CUNHA 3/4 INCA,,,29.0,Fixação e Acessórios,SEM FOTO,ABRACADEIRA TIPO D C/CUNHA 3/4 INCA
2828,052116,TERMOSTATO MAQUINA DE GELO - EVAPORADOR RC18009-4P,RC18009-4P,,29.0,Refrigeração / Componentes,SEM FOTO,RC18009-4P TERMOSTATO MAQUINA DE GELO - EVAPORADOR RC18009-4P
2829,053934,CHAVE PARA PAINEL ALAVANCA UNIPOLAR 15A (TIC-TAC),,,29.0,Ferramentas / Instrumentos,SEM FOTO,CHAVE PARA PAINEL ALAVANCA UNIPOLAR 15A (TIC-TAC)
2830,058290,FITA DE LED NEON FLEXIVEL12V 1 METRO BRANCO QUENTE 3000K,3152,,28.0,Iluminação,SEM FOTO,3152 FITA DE LED NEON FLEXIVEL12V 1 METRO BRANCO QUENTE 3000K
2831,052344,ABRACADEIRA P/ MANGUEIRA CRISTAL BRANCA,AC001,,27.0,Fixação e Acessórios,SEM FOTO,AC001 ABRACADEIRA P/ MANGUEIRA CRISTAL BRANCA
2832,051722,TUBO SOLDAVEL 32MM 6M,SDV-32,,26.5,Químicos / Solda e Limpeza,SEM FOTO,SDV-32 TUBO SOLDAVEL 32MM 6M
2833,054248,BROCA PARA CONCRETO SDS PLUS10X160 IMP,,,26.0,Ferramentas / Instrumentos,SEM FOTO,BROCA PARA CONCRETO SDS PLUS10X160 IMP
2834,055214,ALCOOL GEL 70% 4.5L VELOZ,,,26.0,Químicos / Solda e Limpeza,SEM FOTO,ALCOOL GEL 70% 4.5L VELOZ
2835,056550,CURVA 90 ELETRODUTO ROSCAVEL 1/2,,,22.0,Hidráulica,SEM FOTO,CURVA 90 ELETRODUTO ROSCAVEL 1/2
2836,058280,BATERIA LR41 AG3/392A/CX41/LR41W  T&amp;E,1504,,22.0,Eletrônicos / Informática,SEM FOTO,1504 BATERIA LR41 AG3/392A/CX41/LR41W T&amp;E
2837,001657,PLUG GIGANTE 2P+T 10A 250V ABNT MEC TRONIC 39182,39182,,21.0,Elétrica / Comandos,SEM FOTO,39182 PLUG GIGANTE 2P+T 10A 250V ABNT MEC TRONIC 39182
2838,054223,BROCA HSS ESPECIAL M2 10.0 IMP,,,21.0,Ferramentas / Instrumentos,SEM FOTO,BROCA HSS ESPECIAL M2 10.0 IMP
2839,058424,SOB 2010 PERFIL 2M PRETO,2010000111321,,20.0,Outros,SEM FOTO,2010000111321 SOB 2010 PERFIL 2M PRETO
2840,058425,SOB 2010 PERFILL  2M  BCO,QJLC158-2M-LC,,20.0,Outros,SEM FOTO,QJLC158-2M-LC SOB 2010 PERFILL 2M BCO
2841,054243,BROCA PARA CONCRETO 4X70 IMP,,,19.0,Ferramentas / Instrumentos,SEM FOTO,BROCA PARA CONCRETO 4X70 IMP
2842,058302,FITA DE LED NEON FLEXIVEL12V 5M AZUL,3502,,19.0,Iluminação,SEM FOTO,3502 FITA DE LED NEON FLEXIVEL12V 5M AZUL
2843,058419,EMB 3010 PERFIL 2M PRETO,2010000111635,,19.0,Outros,SEM FOTO,2010000111635 EMB 3010 PERFIL 2M PRETO
2844,058421,SOB-1210 PERFIL 2 M BCO,5808,,19.0,Outros,SEM FOTO,5808 SOB-1210 PERFIL 2 M BCO
2845,059084,CONEXAO RETA ROSCA 1/4 BSPT P/TUBO 1/4 POL BRANCA OC: 000280,45020023,,19.0,Instalação de Ar-Condicionado,SEM FOTO,45020023 CONEXAO RETA ROSCA 1/4 BSPT P/TUBO 1/4 POL BRANCA OC: 000280
2846,059405,CHAVE PHILLIPS 3/16X5 C.V,99BR.312.000,,19.0,Ferramentas / Instrumentos,SEM FOTO,99BR.312.000 CHAVE PHILLIPS 3/16X5 C.V
2847,000815,BROCA P/ CONCRETO SDS-PLUS 5X110MM IRWIN/MAKITA,,,18.0,Ferramentas / Instrumentos,SEM FOTO,BROCA P/ CONCRETO SDS-PLUS 5X110MM IRWIN/MAKITA
2848,053072,SOQUETE MAGNETICO 5/16 JOMARCA,08787,,18.0,Ferramentas / Instrumentos,SEM FOTO,08787 SOQUETE MAGNETICO 5/16 JOMARCA
2849,053559,TERMISTOR,,,18.0,Outros,SEM FOTO,TERMISTOR
2850,054244,BROCA PARA CONCRETO 5X85 IMP,,,18.0,Ferramentas / Instrumentos,SEM FOTO,BROCA PARA CONCRETO 5X85 IMP
2851,057640,FITA DE LED RGB NEON FLEXIVEL12V 5M COLOR PI 68 RF WIRELESS,,,18.0,Iluminação,SEM FOTO,FITA DE LED RGB NEON FLEXIVEL12V 5M COLOR PI 68 RF WIRELESS
2852,058292,FITA DE LED NEON FLEXIVEL110V 1 METRO BRANCO QUENTE 3000K,3517,,18.0,Iluminação,SEM FOTO,3517 FITA DE LED NEON FLEXIVEL110V 1 METRO BRANCO QUENTE 3000K
2853,053193,DISJUNTOR DIN MONO 16A SOPRANO,,,17.0,Elétrica / Comandos,SEM FOTO,DISJUNTOR DIN MONO 16A SOPRANO
2854,054246,BROCA PARA CONCRETO 7X100 IMP,,,17.0,Ferramentas / Instrumentos,SEM FOTO,BROCA PARA CONCRETO 7X100 IMP
2855,058420,SOB-1210- PERFIL 2M  PRETO,5812,,17.0,Outros,SEM FOTO,5812 SOB-1210- PERFIL 2M PRETO
2856,058423,SOB 1707 PERFIL  2M BCO,REF 7552,,17.0,Outros,SEM FOTO,REF 7552 SOB 1707 PERFIL 2M BCO
2857,056542,TUBO ELETRODUTO ROSACA ANTICHAMA 3/4 C 3 METROS TIGRE,,,16.0,Químicos / Solda e Limpeza,SEM FOTO,TUBO ELETRODUTO ROSACA ANTICHAMA 3/4 C 3 METROS TIGRE
2858,056549,LUVA ELETRODUTO ROSCAVEL 1P,,,16.0,EPI / Segurança,SEM FOTO,LUVA ELETRODUTO ROSCAVEL 1P
2859,056551,CURVA 90 ELETRODUTO ROSCAVEL 3/4,,,16.0,Hidráulica,SEM FOTO,CURVA 90 ELETRODUTO ROSCAVEL 3/4
2860,059245,LUVA CONEXAO COBRE 7/8 PAREDE 0.84 MM - LP078,C160290,,16.0,EPI / Segurança,SEM FOTO,C160290 LUVA CONEXAO COBRE 7/8 PAREDE 0.84 MM - LP078
2861,059247,CURVA 45 GRAUS CONEXAO COBRE 7/8 PAREDE 0.84 MM - C45078,C160113,,16.0,Hidráulica,SEM FOTO,C160113 CURVA 45 GRAUS CONEXAO COBRE 7/8 PAREDE 0.84 MM - C45078
2862,058270,AT BLOCO PORTA LTR/LTA15 64287508,41015611,,15.0,Refrigeração / Componentes,SEM FOTO,41015611 AT BLOCO PORTA LTR/LTA15 64287508
2863,058299,FITA LED NEON FLEXIVEL 12V 5M ROSA CLARO,3506,,15.0,Iluminação,SEM FOTO,3506 FITA LED NEON FLEXIVEL 12V 5M ROSA CLARO
2864,004936,UNIAO LT EVAPORADORA 1/4,,,14.0,Instalação de Ar-Condicionado,SEM FOTO,UNIAO LT EVAPORADORA 1/4
2865,052060,REDUCAO FEMEA 5/8 X MACHO 3/8,,,14.0,Hidráulica,SEM FOTO,REDUCAO FEMEA 5/8 X MACHO 3/8
2866,052144,VALVULA TANQUE 1/4SAE X 1/4NPT S/CANOPLA C/SEGURANCA MADASA,C128293,,14.0,Instalação de Ar-Condicionado,SEM FOTO,C128293 VALVULA TANQUE 1/4SAE X 1/4NPT S/CANOPLA C/SEGURANCA MADASA
2867,053184,CHAVE COMBINADA COM PESCOCO 12 ROBUSTER,14B-12,,14.0,Ferramentas / Instrumentos,SEM FOTO,14B-12 CHAVE COMBINADA COM PESCOCO 12 ROBUSTER
2868,053187,CHAVE COMBINADA COM PESCOCO 16 ROBUSTER,14B-16,,14.0,Ferramentas / Instrumentos,SEM FOTO,14B-16 CHAVE COMBINADA COM PESCOCO 16 ROBUSTER
2869,058289,FITA DE LED NEON FLEXIVEL12V 1 METRO BRANCO FRIO 6000K,1101,,14.0,Iluminação,SEM FOTO,1101 FITA DE LED NEON FLEXIVEL12V 1 METRO BRANCO FRIO 6000K
2870,058301,FITA DE LED NEON FLEXIVEL12V 5M VERDE,3505,,14.0,Iluminação,SEM FOTO,3505 FITA DE LED NEON FLEXIVEL12V 5M VERDE
2871,053063,FILTRO AGUA ABS CARVAO ATIVADO BRANCO 1/2X1/2 ZF2211,D6901,,13.0,Filtros e Purificadores de Água,SEM FOTO,D6901 FILTRO AGUA ABS CARVAO ATIVADO BRANCO 1/2X1/2 ZF2211
2872,058298,FITA DE LED NEON FLEXIVEL12V 5M LARANJA,3507,,13.0,Iluminação,SEM FOTO,3507 FITA DE LED NEON FLEXIVEL12V 5M LARANJA
2873,058300,FITA DE LED NEON FLEXIVEL12V 5M VERMELHO,3509,,13.0,Iluminação,SEM FOTO,3509 FITA DE LED NEON FLEXIVEL12V 5M VERMELHO
2874,054252,BROCA PARA CONCRETO SDS PLUS 5X110 IMP,,,12.0,Ferramentas / Instrumentos,SEM FOTO,BROCA PARA CONCRETO SDS PLUS 5X110 IMP
2875,056552,CURVA 90 ELETRODUTO ROSCAVEL 1P,,,12.0,Hidráulica,SEM FOTO,CURVA 90 ELETRODUTO ROSCAVEL 1P
2876,058303,FITA LED NEON FLEXIVEL12V 5M ROXO,3503,,12.0,Iluminação,SEM FOTO,3503 FITA LED NEON FLEXIVEL12V 5M ROXO
2877,056547,LUVA ELETRODUTO ROSCAVEL 1/2,,,11.0,EPI / Segurança,SEM FOTO,LUVA ELETRODUTO ROSCAVEL 1/2
2878,057564,FONTE LED SLIM 6A 12V 72 WATTS,451,,11.0,Iluminação,SEM FOTO,451 FONTE LED SLIM 6A 12V 72 WATTS
2879,058428,EMB 1714 PERFIL 2M PRETO,3362478,,11.0,Outros,SEM FOTO,3362478 EMB 1714 PERFIL 2M PRETO
2880,052825,BATERIA ALKALINE G13 LR44 / A76 1.50V,LR44 / A76,,10.0,Eletrônicos / Informática,SEM FOTO,LR44 / A76 BATERIA ALKALINE G13 LR44 / A76 1.50V
2881,054233,BROCA HSS ESPECIAL M2 5.5 IMP,,,10.0,Ferramentas / Instrumentos,SEM FOTO,BROCA HSS ESPECIAL M2 5.5 IMP
2882,054241,BROCA PARA CONCRETO 10X110 IMP,,,10.0,Ferramentas / Instrumentos,SEM FOTO,BROCA PARA CONCRETO 10X110 IMP
2883,057662,FITA DE LED IP65 EFEITO FOGOS FW-2812-YHD-TZ 3A DC5V,FW-2812-YHD-TZ,,10.0,Iluminação,SEM FOTO,FW-2812-YHD-TZ FITA DE LED IP65 EFEITO FOGOS FW-2812-YHD-TZ 3A DC5V
2884,058307,DRIVE 6W BIV LED MAES,100969,,10.0,Iluminação,SEM FOTO,100969 DRIVE 6W BIV LED MAES
2885,058623,CONJ MECANISMO CESTO INOX BLL22EDBAA/BWF08ABANA 326012775,W11300675,,10.0,Peças para Lavadora e Bebedouro,SEM FOTO,W11300675 CONJ MECANISMO CESTO INOX BLL22EDBAA/BWF08ABANA 326012775
2886,004937,UNIAO LT EVAPORADORA 3/8,,,9.0,Instalação de Ar-Condicionado,SEM FOTO,UNIAO LT EVAPORADORA 3/8
2887,054208,BROCA HSS 2.5 MM IMP,,,9.0,Ferramentas / Instrumentos,SEM FOTO,BROCA HSS 2.5 MM IMP
2888,054247,BROCA PARA CONCRETO 8X110 IMP,,,9.0,Ferramentas / Instrumentos,SEM FOTO,BROCA PARA CONCRETO 8X110 IMP
2889,057657,FITA DE LED RGB NEON  FLEXIVEL12V 5M COLORIDA IP 65 100LM/W,,,9.0,Iluminação,SEM FOTO,FITA DE LED RGB NEON FLEXIVEL12V 5M COLORIDA IP 65 100LM/W
2890,054207,BROCA HSS 2.0 MM IMP,,,8.0,Ferramentas / Instrumentos,SEM FOTO,BROCA HSS 2.0 MM IMP
2891,058265,"PL POTENCIA AW - LBU15, SC A99035151",41016777,,8.0,Outros,SEM FOTO,"41016777 PL POTENCIA AW - LBU15, SC A99035151"
2892,054215,BROCA HSS 5.5 MM IMP,,,7.0,Ferramentas / Instrumentos,SEM FOTO,BROCA HSS 5.5 MM IMP
2893,054217,BROCA HSS 6.5 MM IMP,,,7.0,Ferramentas / Instrumentos,SEM FOTO,BROCA HSS 6.5 MM IMP
2894,058624,CONJ MECANISMO CESTO INOX BWC10ABANA/BWL09ABANA W10250960,W11300676,,7.0,Peças para Lavadora e Bebedouro,SEM FOTO,W11300676 CONJ MECANISMO CESTO INOX BWC10ABANA/BWL09ABANA W10250960
2895,058935,CONTROLE SIMILAR DE AR CONDICIONADO SPRINGER,MAXX-42MAC,,7.0,Refrigeração / Componentes,SEM FOTO,MAXX-42MAC CONTROLE SIMILAR DE AR CONDICIONADO SPRINGER
2896,053647,MULT USO 1 LITRO UEBA,,,6.0,Outros,SEM FOTO,MULT USO 1 LITRO UEBA
2897,054212,BROCA HSS 4.2 MM IMP,,,6.0,Ferramentas / Instrumentos,SEM FOTO,BROCA HSS 4.2 MM IMP
2898,054213,BROCA HSS 4.8 MM IMP,,,6.0,Ferramentas / Instrumentos,SEM FOTO,BROCA HSS 4.8 MM IMP
2899,054235,BROCA HSS ESPECIAL M2 6.5 IMP,,,6.0,Ferramentas / Instrumentos,SEM FOTO,BROCA HSS ESPECIAL M2 6.5 IMP
2900,054245,BROCA PARA CONCRETO 6X100 IMP,,,6.0,Ferramentas / Instrumentos,SEM FOTO,BROCA PARA CONCRETO 6X100 IMP
2901,004009,CHAVE COMBINADA COM PESCOCO 15 ROBUSTER,14B-15,,5.0,Ferramentas / Instrumentos,SEM FOTO,14B-15 CHAVE COMBINADA COM PESCOCO 15 ROBUSTER
2902,004566,CHAVE COMBINADA COM PESCOCO 13 IRWIN,,,5.0,Ferramentas / Instrumentos,SEM FOTO,CHAVE COMBINADA COM PESCOCO 13 IRWIN
2903,052142,VALVULA TANQUE 1/4SAE X 1/4NPT S/SEGURANCA,C9142,,5.0,Refrigeração / Componentes,SEM FOTO,C9142 VALVULA TANQUE 1/4SAE X 1/4NPT S/SEGURANCA
2904,054206,BROCA HSS 12.0 MM IMP,,,5.0,Ferramentas / Instrumentos,SEM FOTO,BROCA HSS 12.0 MM IMP
2905,054221,BROCA HSS 9.0 MM IMP,,,5.0,Ferramentas / Instrumentos,SEM FOTO,BROCA HSS 9.0 MM IMP
2906,054240,BROCA HSS ESPECIAL M2 9.0 IMP,,,5.0,Ferramentas / Instrumentos,SEM FOTO,BROCA HSS ESPECIAL M2 9.0 IMP
2907,055914,TE COBRE 1.5/8 SOLDA,,,5.0,Químicos / Solda e Limpeza,SEM FOTO,TE COBRE 1.5/8 SOLDA
2908,058127,BATERIA LITHIUM MAX-27A MAXMIDIA,MAX-27A,,5.0,Eletrônicos / Informática,SEM FOTO,MAX-27A BATERIA LITHIUM MAX-27A MAXMIDIA
2909,058426,EMB 2010 PERFIL 2M PRETO,6498,,5.0,Outros,SEM FOTO,6498 EMB 2010 PERFIL 2M PRETO
2910,058480,MOTOR DEFROST METALF 1/100 127V DUGOLD,100233860,,5.0,Refrigeração / Componentes,SEM FOTO,100233860 MOTOR DEFROST METALF 1/100 127V DUGOLD
2911,058733,BOTAO COGUMELO VERMELHO (BOTOEIRA) EC4,LAY5-EC42,,5.0,Elétrica / Comandos,SEM FOTO,LAY5-EC42 BOTAO COGUMELO VERMELHO (BOTOEIRA) EC4
2912,004590,CHAVE BIELA COM PASSANTE 8 IRWIN 1879354,,,4.0,Ferramentas / Instrumentos,SEM FOTO,CHAVE BIELA COM PASSANTE 8 IRWIN 1879354
2913,005188,COLA ADE PVC P/ TUBO 17G BRASCOLA,,,4.0,Químicos / Solda e Limpeza,SEM FOTO,COLA ADE PVC P/ TUBO 17G BRASCOLA
2914,051960,CAIXA DE DESTRIBUICAO BOLCO CONEXAO FULL GAUGE,C31164,,4.0,Elétrica / Comandos,SEM FOTO,C31164 CAIXA DE DESTRIBUICAO BOLCO CONEXAO FULL GAUGE
2915,052115,TERMOSTATO REFR CLIMAX 1 PORTA 280L ANTIGO RC-72812-2,RC-72812-2,,4.0,Refrigeração / Componentes,SEM FOTO,RC-72812-2 TERMOSTATO REFR CLIMAX 1 PORTA 280L ANTIGO RC-72812-2
2916,052143,VALVULA TANQUE 1/4SAE X 1/4SAE S/SEGURANCA,C9143,,4.0,Refrigeração / Componentes,SEM FOTO,C9143 VALVULA TANQUE 1/4SAE X 1/4SAE S/SEGURANCA
2917,004938,UNIAO LT EVAPORADORA 1/2,,,3.0,Instalação de Ar-Condicionado,SEM FOTO,UNIAO LT EVAPORADORA 1/2
2918,052061,REDUCAO FEMEA 5/8 X MACHO 1/2,,,3.0,Hidráulica,SEM FOTO,REDUCAO FEMEA 5/8 X MACHO 1/2
2919,052289,TERMOSTATO REFRIGERACAO RC23670-4P,RC23670-4P,,3.0,Refrigeração / Componentes,SEM FOTO,RC23670-4P TERMOSTATO REFRIGERACAO RC23670-4P
2920,053379,GRAXA BRANCA 80GR BISNAGA,M136346,,3.0,Químicos / Solda e Limpeza,SEM FOTO,M136346 GRAXA BRANCA 80GR BISNAGA
2921,053589,CHAVE COMBINADA COM PESCOCO 8 ROBUST 14B-8,14B-8,,3.0,Ferramentas / Instrumentos,SEM FOTO,14B-8 CHAVE COMBINADA COM PESCOCO 8 ROBUST 14B-8
2922,054232,BROCA HSS ESPECIAL M2 5.0 IMP,,,3.0,Ferramentas / Instrumentos,SEM FOTO,BROCA HSS ESPECIAL M2 5.0 IMP
2923,054256,TOMADA EMBUTIR 10A BRANCA 250V MEC TRONIC 39025,39025,,3.0,Elétrica / Comandos,SEM FOTO,39025 TOMADA EMBUTIR 10A BRANCA 250V MEC TRONIC 39025
2924,057563,FONTE LED SLIM 5A 12V 60WATTS,450,,3.0,Iluminação,SEM FOTO,450 FONTE LED SLIM 5A 12V 60WATTS
2925,058225,INTERRUPTOR SMART WIFI TOUCH EWS 1004 PT,6217,,3.0,Elétrica / Comandos,SEM FOTO,6217 INTERRUPTOR SMART WIFI TOUCH EWS 1004 PT
2926,058269,"PLACA ELETR PROGR LTD13, SC A99035166",41029934,,3.0,Refrigeração / Componentes,SEM FOTO,"41029934 PLACA ELETR PROGR LTD13, SC A99035166"
2927,058283,CONTROLE DE AR VG/AGRATTO/PIONNER FBG-9101,FBG-9101,,3.0,Refrigeração / Componentes,SEM FOTO,FBG-9101 CONTROLE DE AR VG/AGRATTO/PIONNER FBG-9101
2928,058553,SACA BLOCO CESTO PROPRIO P/BWL11 PRATA,954858,,3.0,Ferramentas / Instrumentos,SEM FOTO,954858 SACA BLOCO CESTO PROPRIO P/BWL11 PRATA
2929,058715,BROCA P/ CONCRETO SDS-PLUS 12X300MM IMP,814,,3.0,Ferramentas / Instrumentos,SEM FOTO,814 BROCA P/ CONCRETO SDS-PLUS 12X300MM IMP
2930,058736,CONTATOR 9A NC1-0910 220V 50/60Hz - CH,142.0,,3.0,Elétrica / Comandos,SEM FOTO,142.0 CONTATOR 9A NC1-0910 220V 50/60Hz - CH
2931,059170,rolo pvc 1707,0 1707,,3.0,Outros,SEM FOTO,0 1707 rolo pvc 1707
2932,060190,CONTROLE SIMILAR P AR TCL SKY-9187,SKY-9187,,3.0,Refrigeração / Componentes,SEM FOTO,SKY-9187 CONTROLE SIMILAR P AR TCL SKY-9187
2933,060192,CONTROLE SIMILAR P AR ELGIN /VG FBG-9202,FBG-9202,,3.0,Refrigeração / Componentes,SEM FOTO,FBG-9202 CONTROLE SIMILAR P AR ELGIN /VG FBG-9202
2934,051838,SENSOR DEG AR COND 20K 7-9-12-18-24-30K PANASONIC,924968,,2.0,Refrigeração / Componentes,SEM FOTO,924968 SENSOR DEG AR COND 20K 7-9-12-18-24-30K PANASONIC
2935,051931,GARRA MINIPA DE CORRENTE AC CA-601,CA-601,,2.0,Ferramentas / Instrumentos,SEM FOTO,CA-601 GARRA MINIPA DE CORRENTE AC CA-601
2936,052141,VALVULA TANQUE 1/4SAE X 1/8NPT S/SEGURANCA,C9141,,2.0,Refrigeração / Componentes,SEM FOTO,C9141 VALVULA TANQUE 1/4SAE X 1/8NPT S/SEGURANCA
2937,052406,TERMOSTATO REFR BRASTEMP 420L TSV4002-34P,TSV4002-34P,,2.0,Refrigeração / Componentes,SEM FOTO,TSV4002-34P TERMOSTATO REFR BRASTEMP 420L TSV4002-34P
2938,052997,CHAVE T PHILIPS TANQUINHO 3/16X56CM,,,2.0,Ferramentas / Instrumentos,SEM FOTO,CHAVE T PHILIPS TANQUINHO 3/16X56CM
2939,053616,CHAVE PARA PAINEL 3A 220V E 6A 125V,,,2.0,Ferramentas / Instrumentos,SEM FOTO,CHAVE PARA PAINEL 3A 220V E 6A 125V
2940,054075,GARRA JACARE PARA BATERIA 10A PT/VM 5CM,,,2.0,Ferramentas / Instrumentos,SEM FOTO,GARRA JACARE PARA BATERIA 10A PT/VM 5CM
2941,054210,BROCA HSS 3.5 MM IMP,,,2.0,Ferramentas / Instrumentos,SEM FOTO,BROCA HSS 3.5 MM IMP
2942,054218,BROCA HSS 7.0 MM IMP,,,2.0,Ferramentas / Instrumentos,SEM FOTO,BROCA HSS 7.0 MM IMP
2943,054224,BROCA HSS ESPECIAL M2 12.0 IMP,,,2.0,Ferramentas / Instrumentos,SEM FOTO,BROCA HSS ESPECIAL M2 12.0 IMP
2944,054236,BROCA HSS ESPECIAL M2 7.0 IMP,,,2.0,Ferramentas / Instrumentos,SEM FOTO,BROCA HSS ESPECIAL M2 7.0 IMP
2945,054237,BROCA HSS ESPECIAL M2 7.5 IMP,,,2.0,Ferramentas / Instrumentos,SEM FOTO,BROCA HSS ESPECIAL M2 7.5 IMP
2946,054250,BROCA PARA CONCRETO SDS PLUS12X160 IMP,,,2.0,Ferramentas / Instrumentos,SEM FOTO,BROCA PARA CONCRETO SDS PLUS12X160 IMP
2947,055207,EXTENSAO 3M 2P+T BRANCO COM 3 TOMADAS 10A 250V FLP,,,2.0,Elétrica / Comandos,SEM FOTO,EXTENSAO 3M 2P+T BRANCO COM 3 TOMADAS 10A 250V FLP
2948,057620,CONTROLE SIMILAR P AR COND AGRATO,9101,,2.0,Refrigeração / Componentes,SEM FOTO,9101 CONTROLE SIMILAR P AR COND AGRATO
2949,057621,CONTROLE SIMILAR P AR COND TRIVOLT,9122,,2.0,Refrigeração / Componentes,SEM FOTO,9122 CONTROLE SIMILAR P AR COND TRIVOLT
2950,058268,"PL POTENCIA LBU15 DISC, SC A99035165",41026647,,2.0,Outros,SEM FOTO,"41026647 PL POTENCIA LBU15 DISC, SC A99035165"
2951,058491,CORPO P/VALV TX2 R22,1691,,2.0,Gases Refrigerantes,SEM FOTO,1691 CORPO P/VALV TX2 R22
2952,058841,MOTOR VENTILADOR BRAST/CONSUL ORIG 127V,W11226018,,2.0,Refrigeração / Componentes,SEM FOTO,W11226018 MOTOR VENTILADOR BRAST/CONSUL ORIG 127V
2953,060189,CONTROLE SIMILAR P AR LG INVERTER LHS-9103,LHS-9103,,2.0,Refrigeração / Componentes,SEM FOTO,LHS-9103 CONTROLE SIMILAR P AR LG INVERTER LHS-9103
2954,058439,REFRIGERANTE NOVO 141B QUILO (NAO INFLAMAVEL),DS702035,,1.993,Outros,SEM FOTO,DS702035 REFRIGERANTE NOVO 141B QUILO (NAO INFLAMAVEL)
2955,000007,CHAVE TESTE 3X360MM 100V 500V WORKER,,,1.0,Ferramentas / Instrumentos,SEM FOTO,CHAVE TESTE 3X360MM 100V 500V WORKER
2956,000008,CHAVE CATRACA 4 BITOLAS SURYHA,,,1.0,Ferramentas / Instrumentos,SEM FOTO,CHAVE CATRACA 4 BITOLAS SURYHA
2957,000103,MANIFOLD DE BAIXA SIMPLES EOS,C33611,,1.0,Ferramentas / Instrumentos,SEM FOTO,C33611 MANIFOLD DE BAIXA SIMPLES EOS
2958,000175,FLANGEADOR EXCENTRICO S/CATRACA 1/4 A 3/4  FACON,CT-806,,1.0,Ferramentas / Instrumentos,SEM FOTO,CT-806 FLANGEADOR EXCENTRICO S/CATRACA 1/4 A 3/4 FACON
2959,000627,CAPACITOR DUPLO 35+5 440VAC,,,1.0,Capacitores,SEM FOTO,CAPACITOR DUPLO 35+5 440VAC
2960,000694,BUCHA S10 P TIJOLO OCO C/100 USAF,,,1.0,Fixação e Acessórios,SEM FOTO,BUCHA S10 P TIJOLO OCO C/100 USAF
2961,000700,BUCHA S6 P TIJOLO OCO C/100 USAF,,,1.0,Fixação e Acessórios,SEM FOTO,BUCHA S6 P TIJOLO OCO C/100 USAF
2962,000704,BUCHA S8 P TIJOLO OCO C/100 USAF,,,1.0,Fixação e Acessórios,SEM FOTO,BUCHA S8 P TIJOLO OCO C/100 USAF
2963,000811,ALICATE UNIVERSAL 8 DISMA,,,1.0,Ferramentas / Instrumentos,SEM FOTO,ALICATE UNIVERSAL 8 DISMA
2964,000974,ARCO DE SERRA STD IRWIN,,,1.0,Ferramentas / Instrumentos,SEM FOTO,ARCO DE SERRA STD IRWIN
2965,001337,FLUXO PRATA ARON200 100GR,,,1.0,Químicos / Solda e Limpeza,SEM FOTO,FLUXO PRATA ARON200 100GR
2966,001577,OLEO BOMBA DE VACUO (FATOR 46) 1L CHMPE REFRISYN,,,1.0,Químicos / Solda e Limpeza,SEM FOTO,OLEO BOMBA DE VACUO (FATOR 46) 1L CHMPE REFRISYN
2967,001796,PF RO SOB SXTV 5/16X55 C/100,,,1.0,Fixação e Acessórios,SEM FOTO,PF RO SOB SXTV 5/16X55 C/100
2968,001970,MALA STANDARD 16 IRWIN 1870406,,,1.0,Ferramentas / Instrumentos,SEM FOTO,MALA STANDARD 16 IRWIN 1870406
2969,002125,MACARICO TURBOTORCH SURYHA,80150.081,,1.0,Químicos / Solda e Limpeza,SEM FOTO,80150.081 MACARICO TURBOTORCH SURYHA
2970,002384,TRENA STD 3M/10FT X 1/2 IRWIN -,,,1.0,Ferramentas / Instrumentos,SEM FOTO,TRENA STD 3M/10FT X 1/2 IRWIN -
2971,002385,TRENA STD 5M/16FT X 3/4 IRWIN -,,,1.0,Ferramentas / Instrumentos,SEM FOTO,TRENA STD 5M/16FT X 3/4 IRWIN -
2972,002386,TRENA STD 8M/25FT X 1 IRWIN,,,1.0,Ferramentas / Instrumentos,SEM FOTO,TRENA STD 8M/25FT X 1 IRWIN
2973,002392,TRINCHA 3P ROMA,,,1.0,Outros,SEM FOTO,TRINCHA 3P ROMA
2974,003866,"CONJUNTO MANGUEIRA R12/22/502 1,5CM EOS",C36633,,1.0,Peças para Lavadora e Bebedouro,SEM FOTO,"C36633 CONJUNTO MANGUEIRA R12/22/502 1,5CM EOS"
2975,004000,MOCHILA COM BASE EMBORRACHADA 14 IRWIN 1868159,,,1.0,Ferramentas / Instrumentos,SEM FOTO,MOCHILA COM BASE EMBORRACHADA 14 IRWIN 1868159
2976,004008,CHAVE DE FENDA PRO COMFORT IRWIN 3/16X4 C/6,,,1.0,Ferramentas / Instrumentos,SEM FOTO,CHAVE DE FENDA PRO COMFORT IRWIN 3/16X4 C/6
2977,004010,CHAVE DE FENDA PRO COMFORT IRWIN 3/16X8 C/6,,,1.0,Ferramentas / Instrumentos,SEM FOTO,CHAVE DE FENDA PRO COMFORT IRWIN 3/16X8 C/6
2978,004011,CHAVE DE FENDA PRO COMFORT IRWIN 3/16X10 C/6,,,1.0,Ferramentas / Instrumentos,SEM FOTO,CHAVE DE FENDA PRO COMFORT IRWIN 3/16X10 C/6
2979,004014,CHAVE DE FENDA PRO COMFORT IRWIN 1/4X6 C/6,,,1.0,Ferramentas / Instrumentos,SEM FOTO,CHAVE DE FENDA PRO COMFORT IRWIN 1/4X6 C/6
2980,004019,CHAVE PHILIPS PRO COMFORT IRWIN 1/8X3 C/6 1864461,,,1.0,Ferramentas / Instrumentos,SEM FOTO,CHAVE PHILIPS PRO COMFORT IRWIN 1/8X3 C/6 1864461
2981,004021,CHAVE PHILIPS PRO COMFORT IRWIN 3/16X4 C/6 1864250,,,1.0,Ferramentas / Instrumentos,SEM FOTO,CHAVE PHILIPS PRO COMFORT IRWIN 3/16X4 C/6 1864250
2982,004022,CHAVE PHILIPS PRO COMFORT IRWIN 3/16X6 C/6,,,1.0,Ferramentas / Instrumentos,SEM FOTO,CHAVE PHILIPS PRO COMFORT IRWIN 3/16X6 C/6
2983,004023,CHAVE PHILIPS PRO COMFORT IRWIN 3/16X8 C/6,,,1.0,Ferramentas / Instrumentos,SEM FOTO,CHAVE PHILIPS PRO COMFORT IRWIN 3/16X8 C/6
2984,004024,CHAVE PHILIPS PRO COMFORT IRWIN 3/16X10 C/6 1864484,,,1.0,Ferramentas / Instrumentos,SEM FOTO,CHAVE PHILIPS PRO COMFORT IRWIN 3/16X10 C/6 1864484
2985,004025,CHAVE PHILIPS PRO COMFORT IRWIN 3/16X12 C/6,,,1.0,Ferramentas / Instrumentos,SEM FOTO,CHAVE PHILIPS PRO COMFORT IRWIN 3/16X12 C/6
2986,004027,CHAVE PHILIPS PRO COMFORT IRWIN 1/4X6 C/6 1864489,,,1.0,Ferramentas / Instrumentos,SEM FOTO,CHAVE PHILIPS PRO COMFORT IRWIN 1/4X6 C/6 1864489
2987,004516,GAS MP39 750G DUPONT,,,1.0,Gases Refrigerantes,SEM FOTO,GAS MP39 750G DUPONT
2988,004537,ROLAMENTO 608DDU,VTR608DDU,,1.0,Peças para Lavadora e Bebedouro,SEM FOTO,VTR608DDU ROLAMENTO 608DDU
2989,004626,CHAVE CANHAO GENERAL PRO TOCO IRWIN 8 C/6,,,1.0,Ferramentas / Instrumentos,SEM FOTO,CHAVE CANHAO GENERAL PRO TOCO IRWIN 8 C/6
2990,004724,ALICATE MEIA CANA 6 IRWIN 1864072,,,1.0,Ferramentas / Instrumentos,SEM FOTO,ALICATE MEIA CANA 6 IRWIN 1864072
2991,004775,DETECTOR DE VAZAMENTO,,,1.0,Ferramentas / Instrumentos,SEM FOTO,DETECTOR DE VAZAMENTO
2992,004776,SUPORTE SPLIT U500MM 18 A 30000BTUS REFO ZINC 100KG SO SUPOR,CRPE550Z,,1.0,Instalação de Ar-Condicionado,SEM FOTO,CRPE550Z SUPORTE SPLIT U500MM 18 A 30000BTUS REFO ZINC 100KG SO SUPOR
2993,004777,DRENO DE SPLIT CURTO,,,1.0,Instalação de Ar-Condicionado,SEM FOTO,DRENO DE SPLIT CURTO
2994,004815,PF A/A 3.9X32 CH PHS C/500,,,1.0,Fixação e Acessórios,SEM FOTO,PF A/A 3.9X32 CH PHS C/500
2995,004918,CHAVE DE FENDA PRO COMFORT IRWIN TOCO 3/16X1.1/2 C/6,,,1.0,Ferramentas / Instrumentos,SEM FOTO,CHAVE DE FENDA PRO COMFORT IRWIN TOCO 3/16X1.1/2 C/6
2996,004958,MANGUEIRA 15CM R12/22/134A 1/4SAE C/VALVULA ESF JOGO 3PCS,C25656,,1.0,Ferramentas / Instrumentos,SEM FOTO,C25656 MANGUEIRA 15CM R12/22/134A 1/4SAE C/VALVULA ESF JOGO 3PCS
2997,004966,"COLETOR SOLAR MAX AL. 1,03M2",,,1.0,Refrigeração / Componentes,SEM FOTO,"COLETOR SOLAR MAX AL. 1,03M2"
2998,005027,CAPACITOR 17.5UF 440VAC,,,1.0,Capacitores,SEM FOTO,CAPACITOR 17.5UF 440VAC
2999,005038,CAPACITOR DUPLO 35+1.5 440VAC,,,1.0,Capacitores,SEM FOTO,CAPACITOR DUPLO 35+1.5 440VAC
3000,005039,CAPACITOR DUPLO 35+2.5 440VAC,,,1.0,Capacitores,SEM FOTO,CAPACITOR DUPLO 35+2.5 440VAC
3001,005042,CAPACITOR DUPLO 50+5 440VAC,,,1.0,Capacitores,SEM FOTO,CAPACITOR DUPLO 50+5 440VAC
3002,005126,GAS R410A LATA 850G EOS,,,1.0,Gases Refrigerantes,SEM FOTO,GAS R410A LATA 850G EOS
3003,005177,PONTA DE PROVA  MINIPA MTL-1,MTL-1,,1.0,Outros,SEM FOTO,MTL-1 PONTA DE PROVA MINIPA MTL-1
3004,005190,ENGATE RAPIDO R134A BAIXA SURYHA,,,1.0,Gases Refrigerantes,SEM FOTO,ENGATE RAPIDO R134A BAIXA SURYHA
3005,005338,DISJUNTOR DIN MONO 32A SIEMENS,,,1.0,Elétrica / Comandos,SEM FOTO,DISJUNTOR DIN MONO 32A SIEMENS
3006,051713,CABO FLEX 4MM PRETO C/100M TOPCABLES,,,1.0,Elétrica / Comandos,SEM FOTO,CABO FLEX 4MM PRETO C/100M TOPCABLES
3007,051732,GAS R134A REFRIGERANTE 800G LATA,,,1.0,Gases Refrigerantes,SEM FOTO,GAS R134A REFRIGERANTE 800G LATA
3008,051755,FLANGEADOR EXCENTRICO COM CATRACA 1/4 A 3/4  EOS,C33932,,1.0,Ferramentas / Instrumentos,SEM FOTO,C33932 FLANGEADOR EXCENTRICO COM CATRACA 1/4 A 3/4 EOS
3009,051765,MANOMETRO DE ALTA R22/134A/404A SURYHA,,,1.0,Gases Refrigerantes,SEM FOTO,MANOMETRO DE ALTA R22/134A/404A SURYHA
3010,051769,ENGATE RAPIDO AJUSTAVEL DE ALTA VERMELHO R134A EOS,C25125,,1.0,Gases Refrigerantes,SEM FOTO,C25125 ENGATE RAPIDO AJUSTAVEL DE ALTA VERMELHO R134A EOS
3011,051770,ENGATE RAPIDO AJUSTAVEL DE BAIXA AZUL R134A EOS,C25126,,1.0,Gases Refrigerantes,SEM FOTO,C25126 ENGATE RAPIDO AJUSTAVEL DE BAIXA AZUL R134A EOS
3012,051773,CONJUNTO MANGUEIRA R22A/R134A/404A 90CM FACON,SSG-S-336,,1.0,Gases Refrigerantes,SEM FOTO,SSG-S-336 CONJUNTO MANGUEIRA R22A/R134A/404A 90CM FACON
3013,051774,CONJUNTO MANGUEIRA R22A/R134A/404A 150CM SURYHA,,,1.0,Gases Refrigerantes,SEM FOTO,CONJUNTO MANGUEIRA R22A/R134A/404A 150CM SURYHA
3014,051775,CONJUNTO MANGUEIRA R410A 90CM FACON,SSG-R410-336,,1.0,Gases Refrigerantes,SEM FOTO,SSG-R410-336 CONJUNTO MANGUEIRA R410A 90CM FACON
3015,051845,ALICATE AMPERIMETRO E MULTIMETRO 600A 450V EHC,MD6045,,1.0,Ferramentas / Instrumentos,SEM FOTO,MD6045 ALICATE AMPERIMETRO E MULTIMETRO 600A 450V EHC
3016,051902,TIMER 15A 1/2HP 8 H 120V BRASTEMP REFRIGERADOR WB-2001-00,WB-2001-00,,1.0,Automação / Temporizadores,SEM FOTO,WB-2001-00 TIMER 15A 1/2HP 8 H 120V BRASTEMP REFRIGERADOR WB-2001-00
3017,051914,CAPACITOR DUPLO 35+10 380VAC,,,1.0,Capacitores,SEM FOTO,CAPACITOR DUPLO 35+10 380VAC
3018,051919,PF A/A 4.8X45 CH PHS C/200,,,1.0,Fixação e Acessórios,SEM FOTO,PF A/A 4.8X45 CH PHS C/200
3019,051924,SERRA COPO DIAMANTADA SDS 65MM SURYHA,80150.073,,1.0,Ferramentas / Instrumentos,SEM FOTO,80150.073 SERRA COPO DIAMANTADA SDS 65MM SURYHA
3020,051934,KIT FLANGEADOR EXCENTRICO 1/4 A 3/4 C/MALETA GITTA TIPI,,,1.0,Ferramentas / Instrumentos,SEM FOTO,KIT FLANGEADOR EXCENTRICO 1/4 A 3/4 C/MALETA GITTA TIPI
3021,051937,SUPORTE SPLIT 7000 A 12000 BTUS TOTALINE,,,1.0,Instalação de Ar-Condicionado,SEM FOTO,SUPORTE SPLIT 7000 A 12000 BTUS TOTALINE
3022,051970,ROLAMENTO 6202DDU,VTR60202DDU,,1.0,Peças para Lavadora e Bebedouro,SEM FOTO,VTR60202DDU ROLAMENTO 6202DDU
3023,051982,COMPRESSOR 127V 60HZ R134A 1/3+ HP EMBRACO FFU130HAX,W10393851,,1.0,Gases Refrigerantes,SEM FOTO,W10393851 COMPRESSOR 127V 60HZ R134A 1/3+ HP EMBRACO FFU130HAX
3024,051991,CHAVE PHILIPS GENERAL PRO IRWIN TOCO 1/4X1.1/2 C/6 1864215,1864215,,1.0,Ferramentas / Instrumentos,SEM FOTO,1864215 CHAVE PHILIPS GENERAL PRO IRWIN TOCO 1/4X1.1/2 C/6 1864215
3025,052062,REDUCAO FEMEA 3/4 X MACHO 1/2,,,1.0,Hidráulica,SEM FOTO,REDUCAO FEMEA 3/4 X MACHO 1/2
3026,052096,TERMOSTATO REFR 1 PORTA CONSUL FREVO TSV1005-01P,TSV1005-01P,,1.0,Refrigeração / Componentes,SEM FOTO,TSV1005-01P TERMOSTATO REFR 1 PORTA CONSUL FREVO TSV1005-01P
3027,052098,TERMOSTATO REFR FREEZER VERTICAL 260/300L CONSUL TSV1002-01P,TSV1002-01P,,1.0,Refrigeração / Componentes,SEM FOTO,TSV1002-01P TERMOSTATO REFR FREEZER VERTICAL 260/300L CONSUL TSV1002-01P
3028,052102,TERMOSTATO METALFRIO CONSERVADOR HORIZ DUPLA ACAO RFR3648-2P,RFR-3648-2P,,1.0,Refrigeração / Componentes,SEM FOTO,RFR-3648-2P TERMOSTATO METALFRIO CONSERVADOR HORIZ DUPLA ACAO RFR3648-2P
3029,052114,TERMOSTATO REFRIGERADOR ELETROLUX 1 PORTA C DEG RC03084-2P,RC03084-2P,,1.0,Refrigeração / Componentes,SEM FOTO,RC03084-2P TERMOSTATO REFRIGERADOR ELETROLUX 1 PORTA C DEG RC03084-2P
3030,052118,TERMOSTATO REFR BRASTEMP LIGA CONSTANTE 2 PORTAS TSV2014-01P,TSV2014-01P,,1.0,Refrigeração / Componentes,SEM FOTO,TSV2014-01P TERMOSTATO REFR BRASTEMP LIGA CONSTANTE 2 PORTAS TSV2014-01P
3031,052121,TERMOSTATO RFER ELETROLUX A/C FRIO 7500/12000BTU RC32019-4P,RC32019-4P,,1.0,Refrigeração / Componentes,SEM FOTO,RC32019-4P TERMOSTATO RFER ELETROLUX A/C FRIO 7500/12000BTU RC32019-4P
3032,052123,TERMOSTATO REFR BRASTEMP DUPLEX 420L RC95534-2P,RC95534-2P,,1.0,Refrigeração / Componentes,SEM FOTO,RC95534-2P TERMOSTATO REFR BRASTEMP DUPLEX 420L RC95534-2P
3033,052126,TERMOSTATO FRIEEZER METAL FRIO RFR-3648-5,RFR-3648-5,,1.0,Refrigeração / Componentes,SEM FOTO,RFR-3648-5 TERMOSTATO FRIEEZER METAL FRIO RFR-3648-5
3034,052135,"GAS R410A CILINDRO 11,300 KG",,,1.0,Gases Refrigerantes,SEM FOTO,"GAS R410A CILINDRO 11,300 KG"
3035,052136,GAS R134A ICELOONG RLX QUILO,,,1.0,Gases Refrigerantes,SEM FOTO,GAS R134A ICELOONG RLX QUILO
3036,052154,PLACA UNIVERSAL PRA AR COND C/CONTROLE QD-UO3A+,QD-UO3A+,,1.0,Refrigeração / Componentes,SEM FOTO,QD-UO3A+ PLACA UNIVERSAL PRA AR COND C/CONTROLE QD-UO3A+
3037,052194,TIMER PARAGON 120V F VESTICAL 1 PORTA BVG22A/BVG22B WHIRLPOO,404198,,1.0,Automação / Temporizadores,SEM FOTO,404198 TIMER PARAGON 120V F VESTICAL 1 PORTA BVG22A/BVG22B WHIRLPOO
3038,052232,TERMOSTATO REFR BRAS/CONSUL 2 PORTAS 350/360/470L TSV2006-01,TSV2006-01,,1.0,Refrigeração / Componentes,SEM FOTO,TSV2006-01 TERMOSTATO REFR BRAS/CONSUL 2 PORTAS 350/360/470L TSV2006-01
3039,052236,TERMOSTATO BEBEDOURO TEMPERATURA REGULAVEL IBBL.,RC-42603-4,,1.0,Peças para Lavadora e Bebedouro,SEM FOTO,RC-42603-4 TERMOSTATO BEBEDOURO TEMPERATURA REGULAVEL IBBL.
3040,052238,TERMOSTATO BEBEDOURO/REFRESQUEIRA,RC43600-2P,,1.0,Peças para Lavadora e Bebedouro,SEM FOTO,RC43600-2P TERMOSTATO BEBEDOURO/REFRESQUEIRA
3041,052239,TERMOSTATO FREEZE HORIZONTAL,RC54009-4P,,1.0,Refrigeração / Componentes,SEM FOTO,RC54009-4P TERMOSTATO FREEZE HORIZONTAL
3042,052338,CONTROLE UNIVERSAL P AR CONDICIONADO SURYHA,80150.063,,1.0,Refrigeração / Componentes,SEM FOTO,80150.063 CONTROLE UNIVERSAL P AR CONDICIONADO SURYHA
3043,052354,CONTATOR ELETROMAGNETICO 220V 40A CHNT,NC1-40,,1.0,Elétrica / Comandos,SEM FOTO,NC1-40 CONTATOR ELETROMAGNETICO 220V 40A CHNT
3044,052356,TERMOSTATO REFR CONSUL 1 PORTA C DEGELO SEMI ALT TSV0005-01P,TSV0005-01P,,1.0,Refrigeração / Componentes,SEM FOTO,TSV0005-01P TERMOSTATO REFR CONSUL 1 PORTA C DEGELO SEMI ALT TSV0005-01P
3045,052373,SUPORTE SPLIT PE850MM 36 A 60000BTUS SO SUPORTE,SSPCR850Z,,1.0,Instalação de Ar-Condicionado,SEM FOTO,SSPCR850Z SUPORTE SPLIT PE850MM 36 A 60000BTUS SO SUPORTE
3046,052376,TERMOSTATO FREEZER HORIZ DUPLA ACAO ELECTROLUX RFR4009-7P,RFR4009-7P,,1.0,Refrigeração / Componentes,SEM FOTO,RFR4009-7P TERMOSTATO FREEZER HORIZ DUPLA ACAO ELECTROLUX RFR4009-7P
3047,052397,PENTE ALETAS PLASTICO P SERPENTINA,C22097,,1.0,Ferramentas / Instrumentos,SEM FOTO,C22097 PENTE ALETAS PLASTICO P SERPENTINA
3048,052455,RELE KLIXON 1/6 110V/60HZ SERIE R6 MODELO B FACON,184,,1.0,Refrigeração / Componentes,SEM FOTO,184 RELE KLIXON 1/6 110V/60HZ SERIE R6 MODELO B FACON
3049,052456,RELE KLIXON 1/8 110V/60HZ SERIE R6 MODELO B FACON,183,,1.0,Refrigeração / Componentes,SEM FOTO,183 RELE KLIXON 1/8 110V/60HZ SERIE R6 MODELO B FACON
3050,052457,RELE KLIXON 1/5 110V/60HZ SERIE R6 MODELO B FACON,185,,1.0,Refrigeração / Componentes,SEM FOTO,185 RELE KLIXON 1/5 110V/60HZ SERIE R6 MODELO B FACON
3051,052470,RELE PROTETOR 1/5 110V EMBRACO MOD PW-S 15 FACON,R024,,1.0,Refrigeração / Componentes,SEM FOTO,R024 RELE PROTETOR 1/5 110V EMBRACO MOD PW-S 15 FACON
3052,052471,RELE PROTETOR 1/4 110V EMBRACO MOD PW-S 14 FACON,R022,,1.0,Refrigeração / Componentes,SEM FOTO,R022 RELE PROTETOR 1/4 110V EMBRACO MOD PW-S 14 FACON
3053,052472,RELE PROTETOR 1/3 110V EMBRACO MOD PW-S 13 FACON,R020,,1.0,Refrigeração / Componentes,SEM FOTO,R020 RELE PROTETOR 1/3 110V EMBRACO MOD PW-S 13 FACON
3054,052473,RELE 1/8 110V EMBRACO MOD R9 18 FACON,229,,1.0,Refrigeração / Componentes,SEM FOTO,229 RELE 1/8 110V EMBRACO MOD R9 18 FACON
3055,052502,MOTOR ELETRICO AC 1/6 CV 220V/60HZ GW25906004,,,1.0,Refrigeração / Componentes,SEM FOTO,MOTOR ELETRICO AC 1/6 CV 220V/60HZ GW25906004
3056,052594,DISJUNTOR DIN BI 32A SOPRANO,05121.0032.21,,1.0,Elétrica / Comandos,SEM FOTO,05121.0032.21 DISJUNTOR DIN BI 32A SOPRANO
3057,052663,MOTOR EVAP SPLIT ELECTROLUX DI09F/PI09R/SI07F/SI07R/SI09R,12122516,,1.0,Refrigeração / Componentes,SEM FOTO,12122516 MOTOR EVAP SPLIT ELECTROLUX DI09F/PI09R/SI07F/SI07R/SI09R
3058,052677,CONTROLE PARA TV CCE LCD SKY SKY-7402,SKY-7402,,1.0,Refrigeração / Componentes,SEM FOTO,SKY-7402 CONTROLE PARA TV CCE LCD SKY SKY-7402
3059,052699,BROCA P/ CONCRETO 6X100MM DURASTEL,,,1.0,Ferramentas / Instrumentos,SEM FOTO,BROCA P/ CONCRETO 6X100MM DURASTEL
3060,052732,CONTROLE UNIVERSAL P AR CONDICIONADO YORK SKY-7069,SKY-7069,,1.0,Refrigeração / Componentes,SEM FOTO,SKY-7069 CONTROLE UNIVERSAL P AR CONDICIONADO YORK SKY-7069
3061,052827,GAS R410A QUILO SNOWGAS,,,1.0,Gases Refrigerantes,SEM FOTO,GAS R410A QUILO SNOWGAS
3062,052837,PF RO SOB SXTV 5/16X60 C/100,,,1.0,Fixação e Acessórios,SEM FOTO,PF RO SOB SXTV 5/16X60 C/100
3063,052861,"TUBO CAPILAR 0,050X3M HULTER",,,1.0,Instalação de Ar-Condicionado,SEM FOTO,"TUBO CAPILAR 0,050X3M HULTER"
3064,052864,PLUG RETO 2P 10A MEC TRONIC 39025,39025,,1.0,Elétrica / Comandos,SEM FOTO,39025 PLUG RETO 2P 10A MEC TRONIC 39025
3065,052872,CONTATOR ELETROMAGNETICO 220V TRIF 25A WEG,,,1.0,Elétrica / Comandos,SEM FOTO,CONTATOR ELETROMAGNETICO 220V TRIF 25A WEG
3066,052884,CHAVE COMBINADA COM PESCOCO 10 ROBUSTER,14B-10,,1.0,Ferramentas / Instrumentos,SEM FOTO,14B-10 CHAVE COMBINADA COM PESCOCO 10 ROBUSTER
3067,052888,TUBEX AC BLINDADO PRETO 1/4X9MM (09X06MM) C/2M TTLN,,,1.0,Instalação de Ar-Condicionado,SEM FOTO,TUBEX AC BLINDADO PRETO 1/4X9MM (09X06MM) C/2M TTLN
3068,052921,BROCA P/ CONCRETO SDS-PLUS 10X260MM WORKER,,,1.0,Ferramentas / Instrumentos,SEM FOTO,BROCA P/ CONCRETO SDS-PLUS 10X260MM WORKER
3069,052922,LAVADORA DE ALTA PRESSAO 127V 1400W SCHULZ,,,1.0,Peças para Lavadora e Bebedouro,SEM FOTO,LAVADORA DE ALTA PRESSAO 127V 1400W SCHULZ
3070,052924,GAS R410A QUILO GENETRON,,,1.0,Gases Refrigerantes,SEM FOTO,GAS R410A QUILO GENETRON
3071,053028,FITA ISOLANTE RIBAND 3/4X18M,,,1.0,Instalação de Ar-Condicionado,SEM FOTO,FITA ISOLANTE RIBAND 3/4X18M
3072,053029,SOLDA FRIA 2.8 METROS IDEA,,,1.0,Químicos / Solda e Limpeza,SEM FOTO,SOLDA FRIA 2.8 METROS IDEA
3073,053114,CONTR ELETR REFR 2 PT BRM35ABA/BRM41A 127 326059370 CLIPTECH,40420,,1.0,Outros,SEM FOTO,40420 CONTR ELETR REFR 2 PT BRM35ABA/BRM41A 127 326059370 CLIPTECH
3074,053197,"GAS R404A QUILO 10,9KG REFRIGERANTE TIPI",,,1.0,Gases Refrigerantes,SEM FOTO,"GAS R404A QUILO 10,9KG REFRIGERANTE TIPI"
3075,053302,GAS R22 QUIILO ICELONG,,,1.0,Gases Refrigerantes,SEM FOTO,GAS R22 QUIILO ICELONG
3076,053353,CORREIA SINCRONIZADA A-39,A-39,,1.0,Peças para Lavadora e Bebedouro,SEM FOTO,A-39 CORREIA SINCRONIZADA A-39
3077,053610,SUPORTE,,,1.0,Instalação de Ar-Condicionado,SEM FOTO,SUPORTE
3078,054107,LAMPADA LED COM CAMERA PANORAMICA,,,1.0,Iluminação,SEM FOTO,LAMPADA LED COM CAMERA PANORAMICA
3079,054214,BROCA HSS 5 MM IMP,,,1.0,Ferramentas / Instrumentos,SEM FOTO,BROCA HSS 5 MM IMP
3080,054216,BROCA HSS 6.0 MM IMP,,,1.0,Ferramentas / Instrumentos,SEM FOTO,BROCA HSS 6.0 MM IMP
3081,054485,PILHA COMUM PEQUENA EM CARTELA AA SPEED ENERGY,BTC-AA-12B,,1.0,Eletrônicos / Informática,SEM FOTO,BTC-AA-12B PILHA COMUM PEQUENA EM CARTELA AA SPEED ENERGY
3082,056784,TUBO DE COBRE FLEX 5/8X1/32 LR,3.01.05.001,,1.0,Instalação de Ar-Condicionado,SEM FOTO,3.01.05.001 TUBO DE COBRE FLEX 5/8X1/32 LR
3083,057032,TUBO DE COBRE FLEX 5/16X1/32 LR,,,1.0,Instalação de Ar-Condicionado,SEM FOTO,TUBO DE COBRE FLEX 5/16X1/32 LR
3084,057769,"BATERIA VRLA 12V - 7,0AH XB 1270 - 4821000",,,1.0,Eletrônicos / Informática,SEM FOTO,"BATERIA VRLA 12V - 7,0AH XB 1270 - 4821000"
3085,058202,LAMPADA AR70 LED GU10 7W 4000K 36 AUTOVOLT,AR70407,,1.0,Iluminação,SEM FOTO,AR70407 LAMPADA AR70 LED GU10 7W 4000K 36 AUTOVOLT
3086,058267,"PL POT AW - LT15F ROSE, SC A99035156",41019852,,1.0,Outros,SEM FOTO,"41019852 PL POT AW - LT15F ROSE, SC A99035156"
3087,058418,EMB 3010 PERFIL 2M BCO,2010000111680,,1.0,Outros,SEM FOTO,2010000111680 EMB 3010 PERFIL 2M BCO
3088,059126,ASPIRADOR DE PO VERTICAL 2200W MULTI CICLONE EOS EAI3000 127,B168823,,1.0,Ferramentas / Instrumentos,SEM FOTO,B168823 ASPIRADOR DE PO VERTICAL 2200W MULTI CICLONE EOS EAI3000 127
3089,059200,LIMPA CONTATO ELETRICO 300ML DV4,18656,,1.0,Químicos / Solda e Limpeza,SEM FOTO,18656 LIMPA CONTATO ELETRICO 300ML DV4
3090,059517,SUPORTE PRATELEIRA VERTICAL BRANCO COR ALUM FRICON/METALFR,D103331,,1.0,Instalação de Ar-Condicionado,SEM FOTO,D103331 SUPORTE PRATELEIRA VERTICAL BRANCO COR ALUM FRICON/METALFR
3091,004356,TUBO SOLDAVEL 25MM 6M,TB-25,,0.5,Químicos / Solda e Limpeza,SEM FOTO,TB-25 TUBO SOLDAVEL 25MM 6M
3092,051716,TUBO SOLDAVEL 20MM 6M,TB-20,,0.5,Químicos / Solda e Limpeza,SEM FOTO,TB-20 TUBO SOLDAVEL 20MM 6M
